4.001569e+002,7.506251e+001
4.006390e+002,7.531105e+001
4.011211e+002,7.565741e+001
4.016032e+002,7.602281e+001
4.020853e+002,7.634571e+001
4.025674e+002,7.660001e+001
4.030496e+002,7.679457e+001
4.035317e+002,7.695679e+001
4.040138e+002,7.711107e+001
4.044959e+002,7.726228e+001
4.049780e+002,7.739290e+001
4.054601e+002,7.747472e+001
4.059423e+002,7.749032e+001
4.064244e+002,7.745084e+001
4.069065e+002,7.739452e+001
4.073886e+002,7.736690e+001
4.078707e+002,7.739556e+001
4.083528e+002,7.747643e+001
4.088350e+002,7.757500e+001
4.093171e+002,7.764233e+001
4.097992e+002,7.763975e+001
4.102813e+002,7.756155e+001
4.107634e+002,7.743980e+001
4.112455e+002,7.732701e+001
4.117277e+002,7.727059e+001
4.122098e+002,7.729378e+001
4.126919e+002,7.739050e+001
4.131740e+002,7.753237e+001
4.136561e+002,7.768385e+001
4.141382e+002,7.781925e+001
4.146204e+002,7.793227e+001
4.151025e+002,7.803187e+001
4.155846e+002,7.812998e+001
4.160667e+002,7.822900e+001
4.165488e+002,7.831371e+001
4.170309e+002,7.834925e+001
4.175131e+002,7.828992e+001
4.179952e+002,7.810954e+001
4.184773e+002,7.785124e+001
4.189594e+002,7.763268e+001
4.194415e+002,7.755372e+001
4.199236e+002,7.760965e+001
4.204058e+002,7.772216e+001
4.208879e+002,7.781528e+001
4.213700e+002,7.785083e+001
4.218521e+002,7.782970e+001
4.223342e+002,7.777866e+001
4.228163e+002,7.773469e+001
4.232985e+002,7.772820e+001
4.237806e+002,7.777060e+001
4.242627e+002,7.784957e+001
4.247448e+002,7.793659e+001
4.252269e+002,7.800349e+001
4.257090e+002,7.803860e+001
4.261912e+002,7.805065e+001
4.266733e+002,7.805918e+001
4.271554e+002,7.808022e+001
4.276375e+002,7.811674e+001
4.281196e+002,7.815717e+001
4.286017e+002,7.818193e+001
4.290839e+002,7.817374e+001
4.295660e+002,7.812748e+001
4.300481e+002,7.805376e+001
4.305302e+002,7.797356e+001
4.310123e+002,7.790755e+001
4.314944e+002,7.786621e+001
4.319766e+002,7.784673e+001
4.324587e+002,7.783798e+001
4.329408e+002,7.782764e+001
4.334229e+002,7.781048e+001
4.339050e+002,7.778935e+001
4.343871e+002,7.777033e+001
4.348693e+002,7.775552e+001
4.353514e+002,7.773830e+001
4.358335e+002,7.770495e+001
4.363156e+002,7.764355e+001
4.367977e+002,7.755460e+001
4.372798e+002,7.745557e+001
4.377620e+002,7.737436e+001
4.382441e+002,7.733665e+001
4.387262e+002,7.735535e+001
4.392083e+002,7.742632e+001
4.396904e+002,7.753040e+001
4.401725e+002,7.763943e+001
4.406547e+002,7.772476e+001
4.411368e+002,7.776727e+001
4.416189e+002,7.776421e+001
4.421010e+002,7.772788e+001
4.425831e+002,7.767669e+001
4.430652e+002,7.762305e+001
4.435474e+002,7.756831e+001
4.440295e+002,7.750648e+001
4.445116e+002,7.743319e+001
4.449937e+002,7.735220e+001
4.454758e+002,7.727605e+001
4.459579e+002,7.722013e+001
4.464401e+002,7.719487e+001
4.469222e+002,7.719976e+001
4.474043e+002,7.722308e+001
4.478864e+002,7.724794e+001
4.483685e+002,7.726119e+001
4.488506e+002,7.725982e+001
4.493328e+002,7.725074e+001
4.498149e+002,7.724452e+001
4.502970e+002,7.724806e+001
4.507791e+002,7.725967e+001
4.512612e+002,7.726868e+001
4.517433e+002,7.726073e+001
4.522255e+002,7.722662e+001
4.527076e+002,7.717049e+001
4.531897e+002,7.710916e+001
4.536718e+002,7.706316e+001
4.541539e+002,7.704525e+001
4.546360e+002,7.705472e+001
4.551182e+002,7.707841e+001
4.556003e+002,7.709578e+001
4.560824e+002,7.708636e+001
4.565645e+002,7.703899e+001
4.570466e+002,7.696017e+001
4.575287e+002,7.687395e+001
4.580109e+002,7.680952e+001
4.584930e+002,7.678322e+001
4.589751e+002,7.679159e+001
4.594572e+002,7.681816e+001
4.599393e+002,7.684575e+001
4.604214e+002,7.686377e+001
4.609036e+002,7.686884e+001
4.613857e+002,7.686133e+001
4.618678e+002,7.684085e+001
4.623499e+002,7.680388e+001
4.628320e+002,7.674483e+001
4.633141e+002,7.666060e+001
4.637963e+002,7.655371e+001
4.642784e+002,7.643427e+001
4.647605e+002,7.631644e+001
4.652426e+002,7.621281e+001
4.657247e+002,7.612946e+001
4.662068e+002,7.606427e+001
4.666890e+002,7.600845e+001
4.671711e+002,7.595241e+001
4.676532e+002,7.589182e+001
4.681353e+002,7.583099e+001
4.686174e+002,7.578039e+001
4.690995e+002,7.574950e+001
4.695817e+002,7.574017e+001
4.700638e+002,7.574372e+001
4.705459e+002,7.574255e+001
4.710280e+002,7.571604e+001
4.715101e+002,7.564962e+001
4.719922e+002,7.554399e+001
4.724744e+002,7.541734e+001
4.729565e+002,7.529559e+001
4.734386e+002,7.519609e+001
4.739207e+002,7.511780e+001
4.744028e+002,7.504429e+001
4.748849e+002,7.495407e+001
4.753671e+002,7.483028e+001
4.758492e+002,7.466592e+001
4.763313e+002,7.446436e+001
4.768134e+002,7.423566e+001
4.772955e+002,7.399149e+001
4.777776e+002,7.374073e+001
4.782598e+002,7.348858e+001
4.787419e+002,7.323883e+001
4.792240e+002,7.299738e+001
4.797061e+002,7.277419e+001
4.801882e+002,7.258141e+001
4.806703e+002,7.242886e+001
4.811525e+002,7.231923e+001
4.816346e+002,7.224534e+001
4.821167e+002,7.219125e+001
4.825988e+002,7.213707e+001
4.830809e+002,7.206528e+001
4.835630e+002,7.196648e+001
4.840452e+002,7.184108e+001
4.845273e+002,7.169616e+001
4.850094e+002,7.154011e+001
4.854915e+002,7.137854e+001
4.859736e+002,7.121387e+001
4.864557e+002,7.104832e+001
4.869379e+002,7.088683e+001
4.874200e+002,7.073772e+001
4.879021e+002,7.061006e+001
4.883842e+002,7.050931e+001
4.888663e+002,7.043358e+001
4.893484e+002,7.037252e+001
4.898306e+002,7.030992e+001
4.903127e+002,7.022868e+001
4.907948e+002,7.011671e+001
4.912769e+002,6.997070e+001
4.917590e+002,6.979534e+001
4.922411e+002,6.959811e+001
4.927233e+002,6.938301e+001
4.932054e+002,6.914684e+001
4.936875e+002,6.888065e+001
4.941696e+002,6.857473e+001
4.946517e+002,6.822340e+001
4.951339e+002,6.782769e+001
4.956160e+002,6.739431e+001
4.960981e+002,6.693266e+001
4.965802e+002,6.645136e+001
4.970623e+002,6.595676e+001
4.975444e+002,6.545285e+001
4.980266e+002,6.494233e+001
4.985087e+002,6.442625e+001
4.989908e+002,6.390221e+001
4.994729e+002,6.336095e+001
4.999550e+002,6.278335e+001
5.004371e+002,6.214030e+001
5.009193e+002,6.139770e+001
5.014014e+002,6.052787e+001
5.018835e+002,5.952339e+001
5.023656e+002,5.840440e+001
5.028477e+002,5.721103e+001
5.033298e+002,5.598373e+001
5.038120e+002,5.474631e+001
5.042941e+002,5.350318e+001
5.047762e+002,5.225046e+001
5.052583e+002,5.099363e+001
5.057404e+002,4.976292e+001
5.062225e+002,4.861874e+001
5.067047e+002,4.764196e+001
5.071868e+002,4.691016e+001
5.076689e+002,4.647153e+001
5.081510e+002,4.633183e+001
5.086331e+002,4.645912e+001
5.091152e+002,4.679965e+001
5.095974e+002,4.729336e+001
5.100795e+002,4.788337e+001
5.105616e+002,4.852038e+001
5.110437e+002,4.916504e+001
5.115258e+002,4.978987e+001
5.120079e+002,5.038094e+001
5.124901e+002,5.093755e+001
5.129722e+002,5.146947e+001
5.134543e+002,5.199287e+001
5.139364e+002,5.252606e+001
5.144185e+002,5.308681e+001
5.149006e+002,5.369150e+001
5.153828e+002,5.435514e+001
5.158649e+002,5.509089e+001
5.163470e+002,5.590781e+001
5.168291e+002,5.680683e+001
5.173112e+002,5.777686e+001
5.177933e+002,5.879449e+001
5.182755e+002,5.982949e+001
5.187576e+002,6.085357e+001
5.192397e+002,6.184726e+001
5.197218e+002,6.280145e+001
5.202039e+002,6.371337e+001
5.206860e+002,6.458137e+001
5.211682e+002,6.540160e+001
5.216503e+002,6.616841e+001
5.221324e+002,6.687768e+001
5.226145e+002,6.753039e+001
5.230966e+002,6.813419e+001
5.235787e+002,6.870218e+001
5.240609e+002,6.924889e+001
5.245430e+002,6.978505e+001
5.250251e+002,7.031287e+001
5.255072e+002,7.082435e+001
5.259893e+002,7.130453e+001
5.264714e+002,7.173869e+001
5.269536e+002,7.211902e+001
5.274357e+002,7.244684e+001
5.279178e+002,7.272924e+001
5.283999e+002,7.297430e+001
5.288820e+002,7.318752e+001
5.293641e+002,7.337099e+001
5.298463e+002,7.352459e+001
5.303284e+002,7.364812e+001
5.308105e+002,7.374289e+001
5.312926e+002,7.381197e+001
5.317747e+002,7.385944e+001
5.322568e+002,7.388937e+001
5.327390e+002,7.390531e+001
5.332211e+002,7.391058e+001
5.337032e+002,7.390877e+001
5.341853e+002,7.390424e+001
5.346674e+002,7.390146e+001
5.351495e+002,7.390393e+001
5.356317e+002,7.391323e+001
5.361138e+002,7.392854e+001
5.365959e+002,7.394740e+001
5.370780e+002,7.396656e+001
5.375601e+002,7.398312e+001
5.380422e+002,7.399448e+001
5.385244e+002,7.399778e+001
5.390065e+002,7.398927e+001
5.394886e+002,7.396477e+001
5.399707e+002,7.392137e+001
5.404528e+002,7.386018e+001
5.409349e+002,7.378828e+001
5.414171e+002,7.371877e+001
5.418992e+002,7.366740e+001
5.423813e+002,7.364764e+001
5.428634e+002,7.366550e+001
5.433455e+002,7.371691e+001
5.438276e+002,7.378833e+001
5.443098e+002,7.386065e+001
5.447919e+002,7.391516e+001
5.452740e+002,7.393988e+001
5.457561e+002,7.393330e+001
5.462382e+002,7.390402e+001
5.467203e+002,7.386591e+001
5.472025e+002,7.383164e+001
5.476846e+002,7.380788e+001
5.481667e+002,7.379408e+001
5.486488e+002,7.378448e+001
5.491309e+002,7.377237e+001
5.496130e+002,7.375329e+001
5.500952e+002,7.372681e+001
5.505773e+002,7.369576e+001
5.510594e+002,7.366387e+001
5.515415e+002,7.363337e+001
5.520236e+002,7.360406e+001
5.525057e+002,7.357335e+001
5.529879e+002,7.353786e+001
5.534700e+002,7.349483e+001
5.539521e+002,7.344301e+001
5.544342e+002,7.338302e+001
5.549163e+002,7.331703e+001
5.553984e+002,7.324837e+001
5.558806e+002,7.318116e+001
5.563627e+002,7.311990e+001
5.568448e+002,7.306840e+001
5.573269e+002,7.302862e+001
5.578090e+002,7.299937e+001
5.582911e+002,7.297572e+001
5.587733e+002,7.294981e+001
5.592554e+002,7.291283e+001
5.597375e+002,7.285815e+001
5.602196e+002,7.278373e+001
5.607017e+002,7.269310e+001
5.611838e+002,7.259407e+001
5.616660e+002,7.249557e+001
5.621481e+002,7.240427e+001
5.626302e+002,7.232247e+001
5.631123e+002,7.224775e+001
5.635944e+002,7.217499e+001
5.640765e+002,7.209889e+001
5.645587e+002,7.201621e+001
5.650408e+002,7.192625e+001
5.655229e+002,7.182983e+001
5.660050e+002,7.172749e+001
5.664871e+002,7.161818e+001
5.669692e+002,7.149937e+001
5.674514e+002,7.136847e+001
5.679335e+002,7.122458e+001
5.684156e+002,7.106973e+001
5.688977e+002,7.090804e+001
5.693798e+002,7.074411e+001
5.698619e+002,7.058060e+001
5.703441e+002,7.041757e+001
5.708262e+002,7.025315e+001
5.713083e+002,7.008545e+001
5.717904e+002,6.991438e+001
5.722725e+002,6.974203e+001
5.727546e+002,6.957170e+001
5.732368e+002,6.940588e+001
5.737189e+002,6.924448e+001
5.742010e+002,6.908449e+001
5.746831e+002,6.892124e+001
5.751652e+002,6.875126e+001
5.756473e+002,6.857512e+001
5.761295e+002,6.839870e+001
5.766116e+002,6.823167e+001
5.770937e+002,6.808389e+001
5.775758e+002,6.796154e+001
5.780579e+002,6.786556e+001
5.785400e+002,6.779195e+001
5.790222e+002,6.773380e+001
5.795043e+002,6.768327e+001
5.799864e+002,6.763369e+001
5.804685e+002,6.758044e+001
5.809506e+002,6.752136e+001
5.814327e+002,6.745618e+001
5.819149e+002,6.738591e+001
5.823970e+002,6.731252e+001
5.828791e+002,6.723891e+001
5.833612e+002,6.716895e+001
5.838433e+002,6.710724e+001
5.843254e+002,6.705814e+001
5.848076e+002,6.702432e+001
5.852897e+002,6.700584e+001
5.857718e+002,6.699982e+001
5.862539e+002,6.700155e+001
5.867360e+002,6.700607e+001
5.872181e+002,6.700958e+001
5.877003e+002,6.701035e+001
5.881824e+002,6.700819e+001
5.886645e+002,6.700336e+001
5.891466e+002,6.699539e+001
5.896287e+002,6.698247e+001
5.901108e+002,6.696165e+001
5.905930e+002,6.693010e+001
5.910751e+002,6.688621e+001
5.915572e+002,6.683064e+001
5.920393e+002,6.676602e+001
5.925214e+002,6.669582e+001
5.930035e+002,6.662270e+001
5.934857e+002,6.654765e+001
5.939678e+002,6.647019e+001
5.944499e+002,6.638918e+001
5.949320e+002,6.630379e+001
5.954141e+002,6.621383e+001
5.958962e+002,6.611944e+001
5.963784e+002,6.602009e+001
5.968605e+002,6.591377e+001
5.973426e+002,6.579682e+001
5.978247e+002,6.566450e+001
5.983068e+002,6.551233e+001
5.987889e+002,6.533717e+001
5.992711e+002,6.513799e+001
5.997532e+002,6.491560e+001
6.002353e+002,6.467150e+001
6.007174e+002,6.440633e+001
6.011995e+002,6.411917e+001
6.016816e+002,6.380734e+001
6.021638e+002,6.346756e+001
6.026459e+002,6.309717e+001
6.031280e+002,6.269540e+001
6.036101e+002,6.226389e+001
6.040922e+002,6.180651e+001
6.045743e+002,6.132914e+001
6.050565e+002,6.083925e+001
6.055386e+002,6.034594e+001
6.060207e+002,5.986029e+001
6.065028e+002,5.939552e+001
6.069849e+002,5.896666e+001
6.074670e+002,5.858913e+001
6.079492e+002,5.827669e+001
6.084313e+002,5.803917e+001
6.089134e+002,5.788095e+001
6.093955e+002,5.780113e+001
6.098776e+002,5.779464e+001
6.103597e+002,5.785453e+001
6.108419e+002,5.797346e+001
6.113240e+002,5.814437e+001
6.118061e+002,5.836008e+001
6.122882e+002,5.861253e+001
6.127703e+002,5.889271e+001
6.132524e+002,5.919112e+001
6.137346e+002,5.949919e+001
6.142167e+002,5.981023e+001
6.146988e+002,6.011959e+001
6.151809e+002,6.042377e+001
6.156630e+002,6.071875e+001
6.161451e+002,6.099881e+001
6.166273e+002,6.125645e+001
6.171094e+002,6.148373e+001
6.175915e+002,6.167488e+001
6.180736e+002,6.182790e+001
6.185557e+002,6.194508e+001
6.190378e+002,6.203176e+001
6.195200e+002,6.209408e+001
6.200021e+002,6.213729e+001
6.204842e+002,6.216478e+001
6.209663e+002,6.217841e+001
6.214484e+002,6.217945e+001
6.219305e+002,6.216930e+001
6.224127e+002,6.214977e+001
6.228948e+002,6.212251e+001
6.233769e+002,6.208821e+001
6.238590e+002,6.204594e+001
6.243411e+002,6.199342e+001
6.248232e+002,6.192801e+001
6.253054e+002,6.184822e+001
6.257875e+002,6.175471e+001
6.262696e+002,6.165048e+001
6.267517e+002,6.153968e+001
6.272338e+002,6.142632e+001
6.277159e+002,6.131295e+001
6.281981e+002,6.120042e+001
6.286802e+002,6.108821e+001
6.291623e+002,6.097530e+001
6.296444e+002,6.086072e+001
6.301265e+002,6.074367e+001
6.306086e+002,6.062316e+001
6.310908e+002,6.049752e+001
6.315729e+002,6.036447e+001
6.320550e+002,6.022160e+001
6.325371e+002,6.006770e+001
6.330192e+002,5.990389e+001
6.335013e+002,5.973432e+001
6.339835e+002,5.956563e+001
6.344656e+002,5.940569e+001
6.349477e+002,5.926144e+001
6.354298e+002,5.913727e+001
6.359119e+002,5.903423e+001
6.363940e+002,5.895016e+001
6.368762e+002,5.888104e+001
6.373583e+002,5.882231e+001
6.378404e+002,5.876989e+001
6.383225e+002,5.872080e+001
6.388046e+002,5.867302e+001
6.392867e+002,5.862529e+001
6.397689e+002,5.857704e+001
6.402510e+002,5.852846e+001
6.407331e+002,5.848074e+001
6.412152e+002,5.843599e+001
6.416973e+002,5.839693e+001
6.421794e+002,5.836613e+001
6.426616e+002,5.834522e+001
6.431437e+002,5.833424e+001
6.436258e+002,5.833154e+001
6.441079e+002,5.833409e+001
6.445900e+002,5.833839e+001
6.450721e+002,5.834135e+001
6.455543e+002,5.834104e+001
6.460364e+002,5.833689e+001
6.465185e+002,5.832948e+001
6.470006e+002,5.831993e+001
6.474827e+002,5.830954e+001
6.479648e+002,5.829926e+001
6.484470e+002,5.828978e+001
6.489291e+002,5.828136e+001
6.494112e+002,5.827402e+001
6.498933e+002,5.826768e+001
6.503754e+002,5.826217e+001
6.508575e+002,5.825748e+001
6.513397e+002,5.825396e+001
6.518218e+002,5.825222e+001
6.523039e+002,5.825329e+001
6.527860e+002,5.825817e+001
6.532681e+002,5.826752e+001
6.537502e+002,5.828121e+001
6.542324e+002,5.829817e+001
6.547145e+002,5.831669e+001
6.551966e+002,5.833489e+001
6.556787e+002,5.835154e+001
6.561608e+002,5.836657e+001
6.566429e+002,5.838134e+001
6.571251e+002,5.839814e+001
6.576072e+002,5.841945e+001
6.580893e+002,5.844699e+001
6.585714e+002,5.848109e+001
6.590535e+002,5.852059e+001
6.595356e+002,5.856338e+001
6.600178e+002,5.860726e+001
6.604999e+002,5.865088e+001
6.609820e+002,5.869418e+001
6.614641e+002,5.873814e+001
6.619462e+002,5.878404e+001
6.624283e+002,5.883252e+001
6.629105e+002,5.888304e+001
6.633926e+002,5.893396e+001
6.638747e+002,5.898333e+001
6.643568e+002,5.902982e+001
6.648389e+002,5.907352e+001
6.653210e+002,5.911633e+001
6.658032e+002,5.916218e+001
6.662853e+002,5.921707e+001
6.667674e+002,5.928906e+001
6.672495e+002,5.938603e+001
6.677316e+002,5.950979e+001
6.682137e+002,5.964819e+001
6.686959e+002,5.977806e+001
6.691780e+002,5.988218e+001
6.696601e+002,5.996011e+001
6.701422e+002,6.002172e+001
6.706243e+002,6.007745e+001
6.711064e+002,6.013427e+001
6.715886e+002,6.019573e+001
6.720707e+002,6.026311e+001
6.725528e+002,6.033634e+001
6.730349e+002,6.041487e+001
6.735170e+002,6.049815e+001
6.739991e+002,6.058604e+001
6.744813e+002,6.067873e+001
6.749634e+002,6.077645e+001
6.754455e+002,6.087906e+001
6.759276e+002,6.098594e+001
6.764097e+002,6.109612e+001
6.768918e+002,6.120866e+001
6.773740e+002,6.132315e+001
6.778561e+002,6.143962e+001
6.783382e+002,6.155844e+001
6.788203e+002,6.167968e+001
6.793024e+002,6.180289e+001
6.797845e+002,6.192684e+001
6.802667e+002,6.205013e+001
6.807488e+002,6.217172e+001
6.812309e+002,6.229152e+001
6.817130e+002,6.241026e+001
6.821951e+002,6.252916e+001
6.826772e+002,6.264927e+001
6.831594e+002,6.277093e+001
6.836415e+002,6.289370e+001
6.841236e+002,6.301683e+001
6.846057e+002,6.313981e+001
6.850878e+002,6.326292e+001
6.855699e+002,6.338713e+001
6.860521e+002,6.351387e+001
6.865342e+002,6.364433e+001
6.870163e+002,6.377904e+001
6.874984e+002,6.391769e+001
6.879805e+002,6.405941e+001
6.884626e+002,6.420300e+001
6.889448e+002,6.434747e+001
6.894269e+002,6.449183e+001
6.899090e+002,6.463519e+001
6.903911e+002,6.477637e+001
6.908732e+002,6.491402e+001
6.913553e+002,6.504688e+001
6.918375e+002,6.517422e+001
6.923196e+002,6.529623e+001
6.928017e+002,6.541370e+001
6.932838e+002,6.552765e+001
6.937659e+002,6.563833e+001
6.942480e+002,6.574499e+001
6.947302e+002,6.584574e+001
6.952123e+002,6.593832e+001
6.956944e+002,6.602093e+001
6.961765e+002,6.609284e+001
6.966586e+002,6.615448e+001
6.971407e+002,6.620667e+001
6.976229e+002,6.624986e+001
6.981050e+002,6.628345e+001
6.985871e+002,6.630599e+001
6.990692e+002,6.631588e+001
6.995513e+002,6.631232e+001
7.000334e+002,6.629594e+001
7.005156e+002,6.626853e+001
7.009977e+002,6.623219e+001
7.014798e+002,6.618828e+001
7.019619e+002,6.613683e+001
7.024440e+002,6.607678e+001
7.029261e+002,6.600700e+001
7.034083e+002,6.592761e+001
7.038904e+002,6.584101e+001
7.043725e+002,6.575215e+001
7.048546e+002,6.566776e+001
7.053367e+002,6.559522e+001
7.058188e+002,6.554121e+001
7.063010e+002,6.551085e+001
7.067831e+002,6.550714e+001
7.072652e+002,6.553093e+001
7.077473e+002,6.558100e+001
7.082294e+002,6.565434e+001
7.087115e+002,6.574660e+001
7.091937e+002,6.585263e+001
7.096758e+002,6.596730e+001
7.101579e+002,6.608631e+001
7.106400e+002,6.620665e+001
7.111221e+002,6.632703e+001
7.116042e+002,6.644746e+001
7.120864e+002,6.656825e+001
7.125685e+002,6.668890e+001
7.130506e+002,6.680730e+001
7.135327e+002,6.691952e+001
7.140148e+002,6.702076e+001
7.144969e+002,6.710677e+001
7.149791e+002,6.717536e+001
7.154612e+002,6.722702e+001
7.159433e+002,6.726460e+001
7.164254e+002,6.729178e+001
7.169075e+002,6.731150e+001
7.173896e+002,6.732471e+001
7.178718e+002,6.733025e+001
7.183539e+002,6.732567e+001
7.188360e+002,6.730859e+001
7.193181e+002,6.727787e+001
7.198002e+002,6.723425e+001
7.202823e+002,6.717974e+001
7.207645e+002,6.711658e+001
7.212466e+002,6.704633e+001
7.217287e+002,6.696935e+001
7.222108e+002,6.688538e+001
7.226929e+002,6.679419e+001
7.231750e+002,6.669637e+001
7.236572e+002,6.659319e+001
7.241393e+002,6.648621e+001
7.246214e+002,6.637640e+001
7.251035e+002,6.626362e+001
7.255856e+002,6.614671e+001
7.260677e+002,6.602396e+001
7.265499e+002,6.589423e+001
7.270320e+002,6.575758e+001
7.275141e+002,6.561578e+001
7.279962e+002,6.547181e+001
7.284783e+002,6.532932e+001
7.289604e+002,6.519191e+001
7.294426e+002,6.506285e+001
7.299247e+002,6.494486e+001
7.304068e+002,6.484031e+001
7.308889e+002,6.475121e+001
7.313710e+002,6.467910e+001
7.318531e+002,6.462467e+001
7.323353e+002,6.458753e+001
7.328174e+002,6.456600e+001
7.332995e+002,6.455733e+001
7.337816e+002,6.455809e+001
7.342637e+002,6.456476e+001
7.347458e+002,6.457423e+001
7.352280e+002,6.458408e+001
7.357101e+002,6.459215e+001
7.361922e+002,6.459641e+001
7.366743e+002,6.459442e+001
7.371564e+002,6.458325e+001
7.376385e+002,6.455952e+001
7.381207e+002,6.451995e+001
7.386028e+002,6.446150e+001
7.390849e+002,6.438188e+001
7.395670e+002,6.427958e+001
7.400491e+002,6.415409e+001
7.405313e+002,6.400591e+001
7.410134e+002,6.383689e+001
7.414955e+002,6.364988e+001
7.419776e+002,6.344877e+001
7.424597e+002,6.323783e+001
7.429418e+002,6.302110e+001
7.434240e+002,6.280183e+001
7.439061e+002,6.258247e+001
7.443882e+002,6.236500e+001
7.448703e+002,6.215170e+001
7.453524e+002,6.194560e+001
7.458345e+002,6.175098e+001
7.463167e+002,6.157297e+001
7.467988e+002,6.141716e+001
7.472809e+002,6.128880e+001
7.477630e+002,6.119226e+001
7.482451e+002,6.113034e+001
7.487272e+002,6.110403e+001
7.492094e+002,6.111222e+001
7.496915e+002,6.115173e+001
7.501736e+002,6.121764e+001
7.506557e+002,6.130403e+001
7.511378e+002,6.140475e+001
7.516199e+002,6.151411e+001
7.521021e+002,6.162729e+001
7.525842e+002,6.174030e+001
7.530663e+002,6.184982e+001
7.535484e+002,6.195269e+001
7.540305e+002,6.204565e+001
7.545126e+002,6.212507e+001
7.549948e+002,6.218684e+001
7.554769e+002,6.222665e+001
7.559590e+002,6.223991e+001
7.564411e+002,6.222231e+001
7.569232e+002,6.216985e+001
7.574053e+002,6.207890e+001
7.578875e+002,6.194611e+001
7.583696e+002,6.176813e+001
7.588517e+002,6.154156e+001
7.593338e+002,6.126298e+001
7.598159e+002,6.092939e+001
7.602980e+002,6.053870e+001
7.607802e+002,6.008998e+001
7.612623e+002,5.958342e+001
7.617444e+002,5.901984e+001
7.622265e+002,5.840039e+001
7.627086e+002,5.772657e+001
7.631907e+002,5.700113e+001
7.636729e+002,5.622943e+001
7.641550e+002,5.542075e+001
7.646371e+002,5.458858e+001
7.651192e+002,5.374983e+001
7.656013e+002,5.292277e+001
7.660834e+002,5.212498e+001
7.665656e+002,5.137202e+001
7.670477e+002,5.067735e+001
7.675298e+002,5.005312e+001
7.680119e+002,4.951117e+001
7.684940e+002,4.906336e+001
7.689761e+002,4.872148e+001
7.694583e+002,4.849646e+001
7.699404e+002,4.839797e+001
7.704225e+002,4.843415e+001
7.709046e+002,4.861124e+001
7.713867e+002,4.893262e+001
7.718688e+002,4.939724e+001
7.723510e+002,4.999756e+001
7.728331e+002,5.071887e+001
7.733152e+002,5.154011e+001
7.737973e+002,5.243653e+001
7.742794e+002,5.338306e+001
7.747615e+002,5.435716e+001
7.752437e+002,5.533987e+001
7.757258e+002,5.631564e+001
7.762079e+002,5.727098e+001
7.766900e+002,5.819366e+001
7.771721e+002,5.907263e+001
7.776542e+002,5.989890e+001
7.781364e+002,6.066676e+001
7.786185e+002,6.137467e+001
7.791006e+002,6.202554e+001
7.795827e+002,6.262642e+001
7.800648e+002,6.318771e+001
7.805469e+002,6.372209e+001
7.810291e+002,6.424335e+001
7.815112e+002,6.476498e+001
7.819933e+002,6.529875e+001
7.824754e+002,6.585333e+001
7.829575e+002,6.643324e+001
7.834396e+002,6.703827e+001
7.839218e+002,6.766372e+001
7.844039e+002,6.830150e+001
7.848860e+002,6.894162e+001
7.853681e+002,6.957378e+001
7.858502e+002,7.018837e+001
7.863323e+002,7.077690e+001
7.868145e+002,7.133175e+001
7.872966e+002,7.184628e+001
7.877787e+002,7.231499e+001
7.882608e+002,7.273421e+001
7.887429e+002,7.310261e+001
7.892250e+002,7.342110e+001
7.897072e+002,7.369231e+001
7.901893e+002,7.391939e+001
7.906714e+002,7.410532e+001
7.911535e+002,7.425262e+001
7.916356e+002,7.436369e+001
7.921177e+002,7.444136e+001
7.925999e+002,7.448888e+001
7.930820e+002,7.450942e+001
7.935641e+002,7.450500e+001
7.940462e+002,7.447560e+001
7.945283e+002,7.441904e+001
7.950104e+002,7.433178e+001
7.954926e+002,7.421037e+001
7.959747e+002,7.405312e+001
7.964568e+002,7.386059e+001
7.969389e+002,7.363528e+001
7.974210e+002,7.338042e+001
7.979031e+002,7.309856e+001
7.983853e+002,7.279098e+001
7.988674e+002,7.245779e+001
7.993495e+002,7.209880e+001
7.998316e+002,7.171428e+001
8.003137e+002,7.130514e+001
8.007958e+002,7.087267e+001
8.012780e+002,7.041794e+001
8.017601e+002,6.994143e+001
8.022422e+002,6.944351e+001
8.027243e+002,6.892542e+001
8.032064e+002,6.838966e+001
8.036885e+002,6.784058e+001
8.041707e+002,6.728331e+001
8.046528e+002,6.672252e+001
8.051349e+002,6.616112e+001
8.056170e+002,6.559993e+001
8.060991e+002,6.503820e+001
8.065812e+002,6.447488e+001
8.070634e+002,6.390973e+001
8.075455e+002,6.334381e+001
8.080276e+002,6.277923e+001
8.085097e+002,6.221843e+001
8.089918e+002,6.166364e+001
8.094739e+002,6.111688e+001
8.099561e+002,6.058056e+001
8.104382e+002,6.005811e+001
8.109203e+002,5.955401e+001
8.114024e+002,5.907336e+001
8.118845e+002,5.862089e+001
8.123666e+002,5.820038e+001
8.128488e+002,5.781477e+001
8.133309e+002,5.746726e+001
8.138130e+002,5.716271e+001
8.142951e+002,5.690868e+001
8.147772e+002,5.671542e+001
8.152593e+002,5.659462e+001
8.157415e+002,5.655755e+001
8.162236e+002,5.661332e+001
8.167057e+002,5.676783e+001
8.171878e+002,5.702348e+001
8.176699e+002,5.737944e+001
8.181520e+002,5.783169e+001
8.186342e+002,5.837295e+001
8.191163e+002,5.899264e+001
8.195984e+002,5.967722e+001
8.200805e+002,6.041114e+001
8.205626e+002,6.117772e+001
8.210447e+002,6.196046e+001
8.215269e+002,6.274354e+001
8.220090e+002,6.351249e+001
8.224911e+002,6.425459e+001
8.229732e+002,6.495962e+001
8.234553e+002,6.562021e+001
8.239374e+002,6.623212e+001
8.244196e+002,6.679371e+001
8.249017e+002,6.730508e+001
8.253838e+002,6.776730e+001
8.258659e+002,6.818195e+001
8.263480e+002,6.855117e+001
8.268301e+002,6.887797e+001
8.273123e+002,6.916628e+001
8.277944e+002,6.942041e+001
8.282765e+002,6.964432e+001
8.287586e+002,6.984069e+001
8.292407e+002,7.001068e+001
8.297228e+002,7.015456e+001
8.302050e+002,7.027267e+001
8.306871e+002,7.036682e+001
8.311692e+002,7.044051e+001
8.316513e+002,7.049863e+001
8.321334e+002,7.054594e+001
8.326155e+002,7.058591e+001
8.330977e+002,7.061968e+001
8.335798e+002,7.064646e+001
8.340619e+002,7.066419e+001
8.345440e+002,7.067091e+001
8.350261e+002,7.066552e+001
8.355082e+002,7.064779e+001
8.359904e+002,7.061761e+001
8.364725e+002,7.057424e+001
8.369546e+002,7.051591e+001
8.374367e+002,7.044018e+001
8.379188e+002,7.034489e+001
8.384009e+002,7.022916e+001
8.388831e+002,7.009377e+001
8.393652e+002,6.994077e+001
8.398473e+002,6.977244e+001
8.403294e+002,6.959045e+001
8.408115e+002,6.939540e+001
8.412936e+002,6.918731e+001
8.417758e+002,6.896676e+001
8.422579e+002,6.873571e+001
8.427400e+002,6.849802e+001
8.432221e+002,6.825907e+001
8.437042e+002,6.802476e+001
8.441863e+002,6.780061e+001
8.446685e+002,6.759124e+001
8.451506e+002,6.740038e+001
8.456327e+002,6.723137e+001
8.461148e+002,6.708747e+001
8.465969e+002,6.697201e+001
8.470790e+002,6.688809e+001
8.475612e+002,6.683810e+001
8.480433e+002,6.682331e+001
8.485254e+002,6.684367e+001
8.490075e+002,6.689809e+001
8.494896e+002,6.698473e+001
8.499717e+002,6.710162e+001
8.504539e+002,6.724693e+001
8.509360e+002,6.741907e+001
8.514181e+002,6.761637e+001
8.519002e+002,6.783675e+001
8.523823e+002,6.807714e+001
8.528644e+002,6.833351e+001
8.533466e+002,6.860078e+001
8.538287e+002,6.887335e+001
8.543108e+002,6.914543e+001
8.547929e+002,6.941140e+001
8.552750e+002,6.966589e+001
8.557571e+002,6.990379e+001
8.562393e+002,7.012066e+001
8.567214e+002,7.031319e+001
8.572035e+002,7.048013e+001
8.576856e+002,7.062301e+001
8.581677e+002,7.074615e+001
8.586498e+002,7.085603e+001
8.591320e+002,7.095998e+001
8.596141e+002,7.106493e+001
8.600962e+002,7.117648e+001
8.605783e+002,7.129894e+001
8.610604e+002,7.143577e+001
8.615425e+002,7.159035e+001
8.620247e+002,7.176627e+001
8.625068e+002,7.196721e+001
8.629889e+002,7.219632e+001
8.634710e+002,7.245556e+001
8.639531e+002,7.274530e+001
8.644352e+002,7.306468e+001
8.649174e+002,7.341227e+001
8.653995e+002,7.378674e+001
8.658816e+002,7.418741e+001
8.663637e+002,7.461372e+001
8.668458e+002,7.506430e+001
8.673279e+002,7.553580e+001
8.678101e+002,7.602222e+001
8.682922e+002,7.651551e+001
8.687743e+002,7.700671e+001
8.692564e+002,7.748799e+001
8.697385e+002,7.795389e+001
8.702206e+002,7.840169e+001
8.707028e+002,7.883031e+001
8.711849e+002,7.923889e+001
8.716670e+002,7.962539e+001
8.721491e+002,7.998682e+001
8.726312e+002,8.032007e+001
8.731133e+002,8.062380e+001
8.735955e+002,8.089904e+001
8.740776e+002,8.114900e+001
8.745597e+002,8.137751e+001
8.750418e+002,8.158704e+001
8.755239e+002,8.177772e+001
8.760060e+002,8.194764e+001
8.764882e+002,8.209471e+001
8.769703e+002,8.221852e+001
8.774524e+002,8.232162e+001
8.779345e+002,8.240892e+001
8.784166e+002,8.248579e+001
8.788987e+002,8.255576e+001
8.793809e+002,8.261930e+001
8.798630e+002,8.267401e+001
8.803451e+002,8.271648e+001
8.808272e+002,8.274446e+001
8.813093e+002,8.275840e+001
8.817914e+002,8.276131e+001
8.822736e+002,8.275705e+001
8.827557e+002,8.274850e+001
8.832378e+002,8.273630e+001
8.837199e+002,8.271895e+001
8.842020e+002,8.269442e+001
8.846841e+002,8.266205e+001
8.851663e+002,8.262343e+001
8.856484e+002,8.258231e+001
8.861305e+002,8.254271e+001
8.866126e+002,8.250723e+001
8.870947e+002,8.247578e+001
8.875768e+002,8.244614e+001
8.880590e+002,8.241526e+001
8.885411e+002,8.238124e+001
8.890232e+002,8.234422e+001
8.895053e+002,8.230612e+001
8.899874e+002,8.226911e+001
8.904695e+002,8.223388e+001
8.909517e+002,8.219890e+001
8.914338e+002,8.216086e+001
8.919159e+002,8.211626e+001
8.923980e+002,8.206328e+001
8.928801e+002,8.200266e+001
8.933622e+002,8.193718e+001
8.938443e+002,8.187009e+001
8.943264e+002,8.180340e+001
8.948085e+002,8.173696e+001
8.952906e+002,8.166908e+001
8.957728e+002,8.159774e+001
8.962549e+002,8.152233e+001
8.967370e+002,8.144421e+001
8.972191e+002,8.136600e+001
8.977012e+002,8.128988e+001
8.981833e+002,8.121601e+001
8.986655e+002,8.114199e+001
8.991476e+002,8.106364e+001
8.996297e+002,8.097697e+001
9.001118e+002,8.088013e+001
9.005939e+002,8.077413e+001
9.010760e+002,8.066217e+001
9.015582e+002,8.054773e+001
9.020403e+002,8.043252e+001
9.025224e+002,8.031543e+001
9.030045e+002,8.019299e+001
9.034866e+002,8.006089e+001
9.039688e+002,7.991592e+001
9.044509e+002,7.975689e+001
9.049330e+002,7.958447e+001
9.054151e+002,7.939979e+001
9.058972e+002,7.920303e+001
9.063793e+002,7.899261e+001
9.068615e+002,7.876577e+001
9.073436e+002,7.851987e+001
9.078257e+002,7.825392e+001
9.083078e+002,7.796927e+001
9.087899e+002,7.766930e+001
9.092720e+002,7.735833e+001
9.097542e+002,7.704057e+001
9.102363e+002,7.671990e+001
9.107184e+002,7.640055e+001
9.112005e+002,7.608804e+001
9.116826e+002,7.579008e+001
9.121647e+002,7.551604e+001
9.126469e+002,7.527576e+001
9.131290e+002,7.507764e+001
9.136111e+002,7.492737e+001
9.140932e+002,7.482735e+001
9.145753e+002,7.477728e+001
9.150574e+002,7.477538e+001
9.155396e+002,7.481944e+001
9.160217e+002,7.490714e+001
9.165038e+002,7.503582e+001
9.169859e+002,7.520135e+001
9.174680e+002,7.539736e+001
9.179501e+002,7.561513e+001
9.184323e+002,7.584450e+001
9.189144e+002,7.607545e+001
9.193965e+002,7.630000e+001
9.198786e+002,7.651299e+001
9.203607e+002,7.671205e+001
9.208428e+002,7.689621e+001
9.213250e+002,7.706423e+001
9.218071e+002,7.721352e+001
9.222892e+002,7.734024e+001
9.227713e+002,7.744025e+001
9.232534e+002,7.751068e+001
9.237355e+002,7.755083e+001
9.242177e+002,7.756220e+001
9.246998e+002,7.754743e+001
9.251819e+002,7.750916e+001
9.256640e+002,7.744912e+001
9.261461e+002,7.736856e+001
9.266282e+002,7.726866e+001
9.271104e+002,7.715173e+001
9.275925e+002,7.702126e+001
9.280746e+002,7.688142e+001
9.285567e+002,7.673570e+001
9.290388e+002,7.658605e+001
9.295209e+002,7.643240e+001
9.300031e+002,7.627359e+001
9.304852e+002,7.610852e+001
9.309673e+002,7.593743e+001
9.314494e+002,7.576214e+001
9.319315e+002,7.558538e+001
9.324136e+002,7.540946e+001
9.328958e+002,7.523505e+001
9.333779e+002,7.506069e+001
9.338600e+002,7.488352e+001
9.343421e+002,7.470039e+001
9.348242e+002,7.450923e+001
9.353063e+002,7.430971e+001
9.357885e+002,7.410305e+001
9.362706e+002,7.389123e+001
9.367527e+002,7.367612e+001
9.372348e+002,7.345917e+001
9.377169e+002,7.324162e+001
9.381990e+002,7.302502e+001
9.386812e+002,7.281170e+001
9.391633e+002,7.260444e+001
9.396454e+002,7.240585e+001
9.401275e+002,7.221741e+001
9.406096e+002,7.203891e+001
9.410917e+002,7.186865e+001
9.415739e+002,7.170414e+001
9.420560e+002,7.154311e+001
9.425381e+002,7.138420e+001
9.430202e+002,7.122707e+001
9.435023e+002,7.107185e+001
9.439844e+002,7.091843e+001
9.444666e+002,7.076595e+001
9.449487e+002,7.061302e+001
9.454308e+002,7.045826e+001
9.459129e+002,7.030115e+001
9.463950e+002,7.014232e+001
9.468771e+002,6.998331e+001
9.473593e+002,6.982574e+001
9.478414e+002,6.967031e+001
9.483235e+002,6.951633e+001
9.488056e+002,6.936195e+001
9.492877e+002,6.920496e+001
9.497698e+002,6.904385e+001
9.502520e+002,6.887856e+001
9.507341e+002,6.871031e+001
9.512162e+002,6.854107e+001
9.516983e+002,6.837255e+001
9.521804e+002,6.820566e+001
9.526625e+002,6.804031e+001
9.531447e+002,6.787617e+001
9.536268e+002,6.771305e+001
9.541089e+002,6.755151e+001
9.545910e+002,6.739278e+001
9.550731e+002,6.723811e+001
9.555552e+002,6.708829e+001
9.560374e+002,6.694324e+001
9.565195e+002,6.680224e+001
9.570016e+002,6.666469e+001
9.574837e+002,6.653053e+001
9.579658e+002,6.640086e+001
9.584479e+002,6.627776e+001
9.589301e+002,6.616377e+001
9.594122e+002,6.606111e+001
9.598943e+002,6.597137e+001
9.603764e+002,6.589523e+001
9.608585e+002,6.583293e+001
9.613406e+002,6.578445e+001
9.618228e+002,6.574990e+001
9.623049e+002,6.572938e+001
9.627870e+002,6.572282e+001
9.632691e+002,6.572978e+001
9.637512e+002,6.574937e+001
9.642333e+002,6.578031e+001
9.647155e+002,6.582129e+001
9.651976e+002,6.587096e+001
9.656797e+002,6.592799e+001
9.661618e+002,6.599092e+001
9.666439e+002,6.605783e+001
9.671260e+002,6.612634e+001
9.676082e+002,6.619387e+001
9.680903e+002,6.625801e+001
9.685724e+002,6.631716e+001
9.690545e+002,6.637099e+001
9.695366e+002,6.642035e+001
9.700187e+002,6.646680e+001
9.705009e+002,6.651188e+001
9.709830e+002,6.655634e+001
9.714651e+002,6.659978e+001
9.719472e+002,6.664075e+001
9.724293e+002,6.667728e+001
9.729114e+002,6.670734e+001
9.733936e+002,6.672922e+001
9.738757e+002,6.674165e+001
9.743578e+002,6.674348e+001
9.748399e+002,6.673353e+001
9.753220e+002,6.671066e+001
9.758041e+002,6.667415e+001
9.762863e+002,6.662433e+001
9.767684e+002,6.656293e+001
9.772505e+002,6.649305e+001
9.777326e+002,6.641850e+001
9.782147e+002,6.634293e+001
9.786968e+002,6.626887e+001
9.791790e+002,6.619761e+001
9.796611e+002,6.612962e+001
9.801432e+002,6.606540e+001
9.806253e+002,6.600640e+001
9.811074e+002,6.595537e+001
9.815895e+002,6.591606e+001
9.820717e+002,6.589236e+001
9.825538e+002,6.588722e+001
9.830359e+002,6.590186e+001
9.835180e+002,6.593565e+001
9.840001e+002,6.598624e+001
9.844822e+002,6.605044e+001
9.849644e+002,6.612477e+001
9.854465e+002,6.620583e+001
9.859286e+002,6.629050e+001
9.864107e+002,6.637585e+001
9.868928e+002,6.645905e+001
9.873749e+002,6.653723e+001
9.878571e+002,6.660783e+001
9.883392e+002,6.666855e+001
9.888213e+002,6.671754e+001
9.893034e+002,6.675333e+001
9.897855e+002,6.677464e+001
9.902676e+002,6.678020e+001
9.907498e+002,6.676901e+001
9.912319e+002,6.674055e+001
9.917140e+002,6.669546e+001
9.921961e+002,6.663560e+001
9.926782e+002,6.656400e+001
9.931603e+002,6.648386e+001
9.936425e+002,6.639780e+001
9.941246e+002,6.630681e+001
9.946067e+002,6.621022e+001
9.950888e+002,6.610607e+001
9.955709e+002,6.599218e+001
9.960530e+002,6.586704e+001
9.965352e+002,6.573041e+001
9.970173e+002,6.558311e+001
9.974994e+002,6.542648e+001
9.979815e+002,6.526164e+001
9.984636e+002,6.508907e+001
9.989457e+002,6.490878e+001
9.994279e+002,6.472074e+001
9.999100e+002,6.452544e+001
1.000392e+003,6.432388e+001
1.000874e+003,6.411724e+001
1.001356e+003,6.390625e+001
1.001838e+003,6.369073e+001
1.002321e+003,6.346944e+001
1.002803e+003,6.324060e+001
1.003285e+003,6.300263e+001
1.003767e+003,6.275455e+001
1.004249e+003,6.249621e+001
1.004731e+003,6.222769e+001
1.005213e+003,6.194873e+001
1.005695e+003,6.165817e+001
1.006177e+003,6.135401e+001
1.006660e+003,6.103398e+001
1.007142e+003,6.069614e+001
1.007624e+003,6.033938e+001
1.008106e+003,5.996338e+001
1.008588e+003,5.956773e+001
1.009070e+003,5.915129e+001
1.009552e+003,5.871141e+001
1.010034e+003,5.824392e+001
1.010517e+003,5.774347e+001
1.010999e+003,5.720414e+001
1.011481e+003,5.661987e+001
1.011963e+003,5.598466e+001
1.012445e+003,5.529296e+001
1.012927e+003,5.454081e+001
1.013409e+003,5.372777e+001
1.013891e+003,5.286015e+001
1.014373e+003,5.195415e+001
1.014856e+003,5.103814e+001
1.015338e+003,5.015210e+001
1.015820e+003,4.934453e+001
1.016302e+003,4.866661e+001
1.016784e+003,4.816544e+001
1.017266e+003,4.787812e+001
1.017748e+003,4.782747e+001
1.018230e+003,4.801962e+001
1.018713e+003,4.844327e+001
1.019195e+003,4.907038e+001
1.019677e+003,4.985875e+001
1.020159e+003,5.075649e+001
1.020641e+003,5.170795e+001
1.021123e+003,5.265955e+001
1.021605e+003,5.356453e+001
1.022087e+003,5.438521e+001
1.022569e+003,5.509371e+001
1.023052e+003,5.567109e+001
1.023534e+003,5.610625e+001
1.024016e+003,5.639476e+001
1.024498e+003,5.653805e+001
1.024980e+003,5.654253e+001
1.025462e+003,5.641909e+001
1.025944e+003,5.618213e+001
1.026426e+003,5.584876e+001
1.026909e+003,5.543718e+001
1.027391e+003,5.496523e+001
1.027873e+003,5.444864e+001
1.028355e+003,5.390022e+001
1.028837e+003,5.332988e+001
1.029319e+003,5.274572e+001
1.029801e+003,5.215524e+001
1.030283e+003,5.156612e+001
1.030766e+003,5.098594e+001
1.031248e+003,5.042130e+001
1.031730e+003,4.987666e+001
1.032212e+003,4.935394e+001
1.032694e+003,4.885335e+001
1.033176e+003,4.837492e+001
1.033658e+003,4.791991e+001
1.034140e+003,4.749147e+001
1.034622e+003,4.709356e+001
1.035104e+003,4.672928e+001
1.035587e+003,4.639899e+001
1.036069e+003,4.609993e+001
1.036551e+003,4.582689e+001
1.037033e+003,4.557433e+001
1.037515e+003,4.533813e+001
1.037997e+003,4.511641e+001
1.038479e+003,4.490868e+001
1.038961e+003,4.471428e+001
1.039444e+003,4.453059e+001
1.039926e+003,4.435263e+001
1.040408e+003,4.417395e+001
1.040890e+003,4.398866e+001
1.041372e+003,4.379329e+001
1.041854e+003,4.358755e+001
1.042336e+003,4.337348e+001
1.042818e+003,4.315369e+001
1.043301e+003,4.292938e+001
1.043783e+003,4.269957e+001
1.044265e+003,4.246165e+001
1.044747e+003,4.221299e+001
1.045229e+003,4.195252e+001
1.045711e+003,4.168120e+001
1.046193e+003,4.140102e+001
1.046675e+003,4.111330e+001
1.047157e+003,4.081697e+001
1.047640e+003,4.050832e+001
1.048122e+003,4.018234e+001
1.048604e+003,3.983502e+001
1.049086e+003,3.946544e+001
1.049568e+003,3.907637e+001
1.050050e+003,3.867318e+001
1.050532e+003,3.826135e+001
1.051014e+003,3.784419e+001
1.051496e+003,3.742200e+001
1.051979e+003,3.699308e+001
1.052461e+003,3.655616e+001
1.052943e+003,3.611251e+001
1.053425e+003,3.566685e+001
1.053907e+003,3.522602e+001
1.054389e+003,3.479656e+001
1.054871e+003,3.438234e+001
1.055353e+003,3.398391e+001
1.055836e+003,3.359983e+001
1.056318e+003,3.322932e+001
1.056800e+003,3.287447e+001
1.057282e+003,3.254088e+001
1.057764e+003,3.223584e+001
1.058246e+003,3.196540e+001
1.058728e+003,3.173169e+001
1.059210e+003,3.153235e+001
1.059693e+003,3.136227e+001
1.060175e+003,3.121671e+001
1.060657e+003,3.109393e+001
1.061139e+003,3.099593e+001
1.061621e+003,3.092666e+001
1.062103e+003,3.088905e+001
1.062585e+003,3.088232e+001
1.063067e+003,3.090144e+001
1.063549e+003,3.093881e+001
1.064031e+003,3.098743e+001
1.064514e+003,3.104345e+001
1.064996e+003,3.110694e+001
1.065478e+003,3.118039e+001
1.065960e+003,3.126585e+001
1.066442e+003,3.136260e+001
1.066924e+003,3.146660e+001
1.067406e+003,3.157198e+001
1.067888e+003,3.167381e+001
1.068371e+003,3.177022e+001
1.068853e+003,3.186289e+001
1.069335e+003,3.195525e+001
1.069817e+003,3.204991e+001
1.070299e+003,3.214647e+001
1.070781e+003,3.224129e+001
1.071263e+003,3.232930e+001
1.071745e+003,3.240681e+001
1.072228e+003,3.247383e+001
1.072710e+003,3.253445e+001
1.073192e+003,3.259505e+001
1.073674e+003,3.266152e+001
1.074156e+003,3.273693e+001
1.074638e+003,3.282117e+001
1.075120e+003,3.291253e+001
1.075602e+003,3.301062e+001
1.076084e+003,3.311855e+001
1.076567e+003,3.324334e+001
1.077049e+003,3.339429e+001
1.077531e+003,3.358022e+001
1.078013e+003,3.380730e+001
1.078495e+003,3.407881e+001
1.078977e+003,3.439687e+001
1.079459e+003,3.476511e+001
1.079941e+003,3.519059e+001
1.080423e+003,3.568367e+001
1.080906e+003,3.625587e+001
1.081388e+003,3.691663e+001
1.081870e+003,3.767072e+001
1.082352e+003,3.851763e+001
1.082834e+003,3.945262e+001
1.083316e+003,4.046850e+001
1.083798e+003,4.155664e+001
1.084280e+003,4.270654e+001
1.084763e+003,4.390405e+001
1.085245e+003,4.513016e+001
1.085727e+003,4.636070e+001
1.086209e+003,4.756852e+001
1.086691e+003,4.872656e+001
1.087173e+003,4.981145e+001
1.087655e+003,5.080575e+001
1.088137e+003,5.169883e+001
1.088620e+003,5.248634e+001
1.089102e+003,5.316872e+001
1.089584e+003,5.374981e+001
1.090066e+003,5.423553e+001
1.090548e+003,5.463335e+001
1.091030e+003,5.495209e+001
1.091512e+003,5.520181e+001
1.091994e+003,5.539354e+001
1.092476e+003,5.553842e+001
1.092958e+003,5.564658e+001
1.093441e+003,5.572574e+001
1.093923e+003,5.578082e+001
1.094405e+003,5.581393e+001
1.094887e+003,5.582553e+001
1.095369e+003,5.581566e+001
1.095851e+003,5.578498e+001
1.096333e+003,5.573501e+001
1.096815e+003,5.566764e+001
1.097298e+003,5.558427e+001
1.097780e+003,5.548512e+001
1.098262e+003,5.536919e+001
1.098744e+003,5.523509e+001
1.099226e+003,5.508202e+001
1.099708e+003,5.491081e+001
1.100190e+003,5.472409e+001
1.100672e+003,5.452607e+001
1.101155e+003,5.432170e+001
1.101637e+003,5.411622e+001
1.102119e+003,5.391508e+001
1.102601e+003,5.372459e+001
1.103083e+003,5.355244e+001
1.103565e+003,5.340771e+001
1.104047e+003,5.329993e+001
1.104529e+003,5.323726e+001
1.105011e+003,5.322479e+001
1.105494e+003,5.326349e+001
1.105976e+003,5.335044e+001
1.106458e+003,5.348011e+001
1.106940e+003,5.364627e+001
1.107422e+003,5.384343e+001
1.107904e+003,5.406792e+001
1.108386e+003,5.431801e+001
1.108868e+003,5.459391e+001
1.109350e+003,5.489747e+001
1.109833e+003,5.523201e+001
1.110315e+003,5.560208e+001
1.110797e+003,5.601273e+001
1.111279e+003,5.646835e+001
1.111761e+003,5.697127e+001
1.112243e+003,5.752037e+001
1.112725e+003,5.811048e+001
1.113207e+003,5.873276e+001
1.113690e+003,5.937563e+001
1.114172e+003,6.002633e+001
1.114654e+003,6.067189e+001
1.115136e+003,6.130014e+001
1.115618e+003,6.189993e+001
1.116100e+003,6.246164e+001
1.116582e+003,6.297732e+001
1.117064e+003,6.344093e+001
1.117547e+003,6.384851e+001
1.118029e+003,6.419827e+001
1.118511e+003,6.449073e+001
1.118993e+003,6.472869e+001
1.119475e+003,6.491717e+001
1.119957e+003,6.506310e+001
1.120439e+003,6.517445e+001
1.120921e+003,6.525941e+001
1.121403e+003,6.532540e+001
1.121885e+003,6.537859e+001
1.122368e+003,6.542380e+001
1.122850e+003,6.546478e+001
1.123332e+003,6.550443e+001
1.123814e+003,6.554480e+001
1.124296e+003,6.558687e+001
1.124778e+003,6.562997e+001
1.125260e+003,6.567155e+001
1.125742e+003,6.570746e+001
1.126225e+003,6.573241e+001
1.126707e+003,6.574109e+001
1.127189e+003,6.572896e+001
1.127671e+003,6.569273e+001
1.128153e+003,6.563030e+001
1.128635e+003,6.554011e+001
1.129117e+003,6.542046e+001
1.129599e+003,6.526921e+001
1.130082e+003,6.508395e+001
1.130564e+003,6.486265e+001
1.131046e+003,6.460445e+001
1.131528e+003,6.430992e+001
1.132010e+003,6.398083e+001
1.132492e+003,6.361948e+001
1.132974e+003,6.322785e+001
1.133456e+003,6.280725e+001
1.133938e+003,6.235837e+001
1.134421e+003,6.188167e+001
1.134903e+003,6.137778e+001
1.135385e+003,6.084744e+001
1.135867e+003,6.029123e+001
1.136349e+003,5.970920e+001
1.136831e+003,5.910080e+001
1.137313e+003,5.846542e+001
1.137795e+003,5.780317e+001
1.138277e+003,5.711545e+001
1.138760e+003,5.640485e+001
1.139242e+003,5.567440e+001
1.139724e+003,5.492636e+001
1.140206e+003,5.416133e+001
1.140688e+003,5.337846e+001
1.141170e+003,5.257642e+001
1.141652e+003,5.175484e+001
1.142134e+003,5.091544e+001
1.142617e+003,5.006183e+001
1.143099e+003,4.919838e+001
1.143581e+003,4.832854e+001
1.144063e+003,4.745395e+001
1.144545e+003,4.657461e+001
1.145027e+003,4.569045e+001
1.145509e+003,4.480303e+001
1.145991e+003,4.391653e+001
1.146474e+003,4.303715e+001
1.146956e+003,4.217131e+001
1.147438e+003,4.132351e+001
1.147920e+003,4.049538e+001
1.148402e+003,3.968652e+001
1.148884e+003,3.889657e+001
1.149366e+003,3.812735e+001
1.149848e+003,3.738381e+001
1.150330e+003,3.667279e+001
1.150813e+003,3.600058e+001
1.151295e+003,3.537040e+001
1.151777e+003,3.478152e+001
1.152259e+003,3.423051e+001
1.152741e+003,3.371399e+001
1.153223e+003,3.323119e+001
1.153705e+003,3.278478e+001
1.154187e+003,3.237942e+001
1.154669e+003,3.201895e+001
1.155152e+003,3.170370e+001
1.155634e+003,3.142980e+001
1.156116e+003,3.119079e+001
1.156598e+003,3.098069e+001
1.157080e+003,3.079677e+001
1.157562e+003,3.064046e+001
1.158044e+003,3.051580e+001
1.158526e+003,3.042649e+001
1.159009e+003,3.037320e+001
1.159491e+003,3.035269e+001
1.159973e+003,3.035924e+001
1.160455e+003,3.038752e+001
1.160937e+003,3.043495e+001
1.161419e+003,3.050248e+001
1.161901e+003,3.059310e+001
1.162383e+003,3.070915e+001
1.162865e+003,3.085001e+001
1.163348e+003,3.101154e+001
1.163830e+003,3.118769e+001
1.164312e+003,3.137306e+001
1.164794e+003,3.156511e+001
1.165276e+003,3.176452e+001
1.165758e+003,3.197375e+001
1.166240e+003,3.219440e+001
1.166722e+003,3.242530e+001
1.167204e+003,3.266224e+001
1.167687e+003,3.289956e+001
1.168169e+003,3.313276e+001
1.168651e+003,3.336027e+001
1.169133e+003,3.358376e+001
1.169615e+003,3.380640e+001
1.170097e+003,3.403036e+001
1.170579e+003,3.425489e+001
1.171061e+003,3.447606e+001
1.171544e+003,3.468840e+001
1.172026e+003,3.488730e+001
1.172508e+003,3.507096e+001
1.172990e+003,3.524062e+001
1.173472e+003,3.539898e+001
1.173954e+003,3.554791e+001
1.174436e+003,3.568650e+001
1.174918e+003,3.581086e+001
1.175401e+003,3.591571e+001
1.175883e+003,3.599699e+001
1.176365e+003,3.605389e+001
1.176847e+003,3.608929e+001
1.177329e+003,3.610850e+001
1.177811e+003,3.611692e+001
1.178293e+003,3.611798e+001
1.178775e+003,3.611256e+001
1.179257e+003,3.610004e+001
1.179740e+003,3.608025e+001
1.180222e+003,3.605503e+001
1.180704e+003,3.602842e+001
1.181186e+003,3.600497e+001
1.181668e+003,3.598733e+001
1.182150e+003,3.597440e+001
1.182632e+003,3.596127e+001
1.183114e+003,3.594087e+001
1.183596e+003,3.590680e+001
1.184079e+003,3.585555e+001
1.184561e+003,3.578703e+001
1.185043e+003,3.570377e+001
1.185525e+003,3.560845e+001
1.186007e+003,3.550182e+001
1.186489e+003,3.538234e+001
1.186971e+003,3.524725e+001
1.187453e+003,3.509481e+001
1.187936e+003,3.492605e+001
1.188418e+003,3.474509e+001
1.188900e+003,3.455744e+001
1.189382e+003,3.436758e+001
1.189864e+003,3.417683e+001
1.190346e+003,3.398299e+001
1.190828e+003,3.378179e+001
1.191310e+003,3.356955e+001
1.191792e+003,3.334519e+001
1.192275e+003,3.311078e+001
1.192757e+003,3.286998e+001
1.193239e+003,3.262550e+001
1.193721e+003,3.237700e+001
1.194203e+003,3.212069e+001
1.194685e+003,3.185099e+001
1.195167e+003,3.156337e+001
1.195649e+003,3.125658e+001
1.196131e+003,3.093327e+001
1.196614e+003,3.059844e+001
1.197096e+003,3.025690e+001
1.197578e+003,2.991103e+001
1.198060e+003,2.956067e+001
1.198542e+003,2.920484e+001
1.199024e+003,2.884477e+001
1.199506e+003,2.848609e+001
1.199988e+003,2.813888e+001
1.200471e+003,2.781524e+001
1.200953e+003,2.752568e+001
1.201435e+003,2.727602e+001
1.201917e+003,2.706676e+001
1.202399e+003,2.689495e+001
1.202881e+003,2.675740e+001
1.203363e+003,2.665335e+001
1.203845e+003,2.658476e+001
1.204328e+003,2.655407e+001
1.204810e+003,2.656082e+001
1.205292e+003,2.659891e+001
1.205774e+003,2.665650e+001
1.206256e+003,2.671846e+001
1.206738e+003,2.677031e+001
1.207220e+003,2.680150e+001
1.207702e+003,2.680631e+001
1.208184e+003,2.678231e+001
1.208667e+003,2.672750e+001
1.209149e+003,2.663786e+001
1.209631e+003,2.650723e+001
1.210113e+003,2.632943e+001
1.210595e+003,2.610181e+001
1.211077e+003,2.582807e+001
1.211559e+003,2.551871e+001
1.212041e+003,2.518865e+001
1.212523e+003,2.485296e+001
1.213006e+003,2.452309e+001
1.213488e+003,2.420529e+001
1.213970e+003,2.390215e+001
1.214452e+003,2.361590e+001
1.214934e+003,2.335143e+001
1.215416e+003,2.311695e+001
1.215898e+003,2.292196e+001
1.216380e+003,2.277379e+001
1.216863e+003,2.267450e+001
1.217345e+003,2.262054e+001
1.217827e+003,2.260515e+001
1.218309e+003,2.262233e+001
1.218791e+003,2.266988e+001
1.219273e+003,2.274994e+001
1.219755e+003,2.286648e+001
1.220237e+003,2.302141e+001
1.220719e+003,2.321166e+001
1.221202e+003,2.342914e+001
1.221684e+003,2.366351e+001
1.222166e+003,2.390645e+001
1.222648e+003,2.415484e+001
1.223130e+003,2.441115e+001
1.223612e+003,2.468087e+001
1.224094e+003,2.496837e+001
1.224576e+003,2.527363e+001
1.225058e+003,2.559166e+001
1.225541e+003,2.591490e+001
1.226023e+003,2.623736e+001
1.226505e+003,2.655774e+001
1.226987e+003,2.688016e+001
1.227469e+003,2.721184e+001
1.227951e+003,2.755934e+001
1.228433e+003,2.792546e+001
1.228915e+003,2.830844e+001
1.229398e+003,2.870396e+001
1.229880e+003,2.910846e+001
1.230362e+003,2.952194e+001
1.230844e+003,2.994856e+001
1.231326e+003,3.039474e+001
1.231808e+003,3.086604e+001
1.232290e+003,3.136458e+001
1.232772e+003,3.188870e+001
1.233255e+003,3.243474e+001
1.233737e+003,3.300014e+001
1.234219e+003,3.358551e+001
1.234701e+003,3.419483e+001
1.235183e+003,3.483322e+001
1.235665e+003,3.550406e+001
1.236147e+003,3.620673e+001
1.236629e+003,3.693658e+001
1.237111e+003,3.768688e+001
1.237594e+003,3.845179e+001
1.238076e+003,3.922821e+001
1.238558e+003,4.001586e+001
1.239040e+003,4.081527e+001
1.239522e+003,4.162513e+001
1.240004e+003,4.244051e+001
1.240486e+003,4.325291e+001
1.240968e+003,4.405208e+001
1.241450e+003,4.482853e+001
1.241933e+003,4.557512e+001
1.242415e+003,4.628714e+001
1.242897e+003,4.696081e+001
1.243379e+003,4.759117e+001
1.243861e+003,4.817079e+001
1.244343e+003,4.868990e+001
1.244825e+003,4.913801e+001
1.245307e+003,4.950637e+001
1.245790e+003,4.978972e+001
1.246272e+003,4.998709e+001
1.246754e+003,5.010129e+001
1.247236e+003,5.013769e+001
1.247718e+003,5.010334e+001
1.248200e+003,5.000669e+001
1.248682e+003,4.985846e+001
1.249164e+003,4.967278e+001
1.249646e+003,4.946799e+001
1.250129e+003,4.926613e+001
1.250611e+003,4.909074e+001
1.251093e+003,4.896370e+001
1.251575e+003,4.890229e+001
1.252057e+003,4.891759e+001
1.252539e+003,4.901495e+001
1.253021e+003,4.919592e+001
1.253503e+003,4.946031e+001
1.253985e+003,4.980714e+001
1.254468e+003,5.023408e+001
1.254950e+003,5.073593e+001
1.255432e+003,5.130335e+001
1.255914e+003,5.192323e+001
1.256396e+003,5.258071e+001
1.256878e+003,5.326189e+001
1.257360e+003,5.395636e+001
1.257842e+003,5.465776e+001
1.258325e+003,5.536274e+001
1.258807e+003,5.606858e+001
1.259289e+003,5.677087e+001
1.259771e+003,5.746248e+001
1.260253e+003,5.813428e+001
1.260735e+003,5.877733e+001
1.261217e+003,5.938524e+001
1.261699e+003,5.995552e+001
1.262182e+003,6.048924e+001
1.262664e+003,6.098937e+001
1.263146e+003,6.145870e+001
1.263628e+003,6.189820e+001
1.264110e+003,6.230666e+001
1.264592e+003,6.268143e+001
1.265074e+003,6.301969e+001
1.265556e+003,6.331977e+001
1.266038e+003,6.358165e+001
1.266521e+003,6.380681e+001
1.267003e+003,6.399736e+001
1.267485e+003,6.415519e+001
1.267967e+003,6.428159e+001
1.268449e+003,6.437769e+001
1.268931e+003,6.444502e+001
1.269413e+003,6.448632e+001
1.269895e+003,6.450548e+001
1.270377e+003,6.450722e+001
1.270860e+003,6.449605e+001
1.271342e+003,6.447560e+001
1.271824e+003,6.444851e+001
1.272306e+003,6.441695e+001
1.272788e+003,6.438356e+001
1.273270e+003,6.435197e+001
1.273752e+003,6.432674e+001
1.274234e+003,6.431249e+001
1.274717e+003,6.431276e+001
1.275199e+003,6.432928e+001
1.275681e+003,6.436185e+001
1.276163e+003,6.440922e+001
1.276645e+003,6.447011e+001
1.277127e+003,6.454439e+001
1.277609e+003,6.463316e+001
1.278091e+003,6.473821e+001
1.278573e+003,6.486086e+001
1.279056e+003,6.500089e+001
1.279538e+003,6.515619e+001
1.280020e+003,6.532329e+001
1.280502e+003,6.549842e+001
1.280984e+003,6.567858e+001
1.281466e+003,6.586201e+001
1.281948e+003,6.604790e+001
1.282430e+003,6.623547e+001
1.282912e+003,6.642282e+001
1.283395e+003,6.660658e+001
1.283877e+003,6.678223e+001
1.284359e+003,6.694506e+001
1.284841e+003,6.709117e+001
1.285323e+003,6.721811e+001
1.285805e+003,6.732454e+001
1.286287e+003,6.740934e+001
1.286769e+003,6.747050e+001
1.287252e+003,6.750463e+001
1.287734e+003,6.750737e+001
1.288216e+003,6.747458e+001
1.288698e+003,6.740372e+001
1.289180e+003,6.729460e+001
1.289662e+003,6.714895e+001
1.290144e+003,6.696918e+001
1.290626e+003,6.675691e+001
1.291109e+003,6.651226e+001
1.291591e+003,6.623434e+001
1.292073e+003,6.592208e+001
1.292555e+003,6.557542e+001
1.293037e+003,6.519550e+001
1.293519e+003,6.478410e+001
1.294001e+003,6.434213e+001
1.294483e+003,6.386886e+001
1.294965e+003,6.336169e+001
1.295448e+003,6.281746e+001
1.295930e+003,6.223415e+001
1.296412e+003,6.161216e+001
1.296894e+003,6.095451e+001
1.297376e+003,6.026545e+001
1.297858e+003,5.954877e+001
1.298340e+003,5.880654e+001
1.298822e+003,5.803946e+001
1.299304e+003,5.724857e+001
1.299787e+003,5.643712e+001
1.300269e+003,5.561154e+001
1.300751e+003,5.478074e+001
1.301233e+003,5.395406e+001
1.301715e+003,5.313943e+001
1.302197e+003,5.234261e+001
1.302679e+003,5.156853e+001
1.303161e+003,5.082345e+001
1.303644e+003,5.011674e+001
1.304126e+003,4.946041e+001
1.304608e+003,4.886685e+001
1.305090e+003,4.834566e+001
1.305572e+003,4.790165e+001
1.306054e+003,4.753538e+001
1.306536e+003,4.724575e+001
1.307018e+003,4.703321e+001
1.307500e+003,4.690119e+001
1.307983e+003,4.685493e+001
1.308465e+003,4.689822e+001
1.308947e+003,4.703032e+001
1.309429e+003,4.724512e+001
1.309911e+003,4.753314e+001
1.310393e+003,4.788493e+001
1.310875e+003,4.829388e+001
1.311357e+003,4.875616e+001
1.311839e+003,4.926819e+001
1.312322e+003,4.982253e+001
1.312804e+003,5.040504e+001
1.313286e+003,5.099584e+001
1.313768e+003,5.157409e+001
1.314250e+003,5.212427e+001
1.314732e+003,5.264077e+001
1.315214e+003,5.312870e+001
1.315696e+003,5.360154e+001
1.316179e+003,5.407710e+001
1.316661e+003,5.457373e+001
1.317143e+003,5.510767e+001
1.317625e+003,5.569155e+001
1.318107e+003,5.633386e+001
1.318589e+003,5.703816e+001
1.319071e+003,5.780233e+001
1.319553e+003,5.861795e+001
1.320036e+003,5.947129e+001
1.320518e+003,6.034583e+001
1.321000e+003,6.122587e+001
1.321482e+003,6.209940e+001
1.321964e+003,6.295898e+001
1.322446e+003,6.380094e+001
1.322928e+003,6.462293e+001
1.323410e+003,6.542203e+001
1.323892e+003,6.619354e+001
1.324375e+003,6.693190e+001
1.324857e+003,6.763242e+001
1.325339e+003,6.829308e+001
1.325821e+003,6.891502e+001
1.326303e+003,6.950155e+001
1.326785e+003,7.005634e+001
1.327267e+003,7.058167e+001
1.327749e+003,7.107790e+001
1.328231e+003,7.154409e+001
1.328714e+003,7.197923e+001
1.329196e+003,7.238336e+001
1.329678e+003,7.275759e+001
1.330160e+003,7.310333e+001
1.330642e+003,7.342139e+001
1.331124e+003,7.371146e+001
1.331606e+003,7.397256e+001
1.332088e+003,7.420419e+001
1.332571e+003,7.440719e+001
1.333053e+003,7.458390e+001
1.333535e+003,7.473731e+001
1.334017e+003,7.486999e+001
1.334499e+003,7.498323e+001
1.334981e+003,7.507726e+001
1.335463e+003,7.515195e+001
1.335945e+003,7.520809e+001
1.336427e+003,7.524772e+001
1.336910e+003,7.527374e+001
1.337392e+003,7.528831e+001
1.337874e+003,7.529100e+001
1.338356e+003,7.527797e+001
1.338838e+003,7.524313e+001
1.339320e+003,7.518176e+001
1.339802e+003,7.509470e+001
1.340284e+003,7.498921e+001
1.340766e+003,7.487580e+001
1.341249e+003,7.476300e+001
1.341731e+003,7.465451e+001
1.342213e+003,7.454942e+001
1.342695e+003,7.444445e+001
1.343177e+003,7.433624e+001
1.343659e+003,7.422305e+001
1.344141e+003,7.410536e+001
1.344623e+003,7.398524e+001
1.345106e+003,7.386504e+001
1.345588e+003,7.374612e+001
1.346070e+003,7.362815e+001
1.346552e+003,7.350970e+001
1.347034e+003,7.338915e+001
1.347516e+003,7.326586e+001
1.347998e+003,7.314045e+001
1.348480e+003,7.301453e+001
1.348963e+003,7.288969e+001
1.349445e+003,7.276693e+001
1.349927e+003,7.264647e+001
1.350409e+003,7.252837e+001
1.350891e+003,7.241328e+001
1.351373e+003,7.230280e+001
1.351855e+003,7.219902e+001
1.352337e+003,7.210378e+001
1.352819e+003,7.201763e+001
1.353302e+003,7.193962e+001
1.353784e+003,7.186768e+001
1.354266e+003,7.179969e+001
1.354748e+003,7.173476e+001
1.355230e+003,7.167410e+001
1.355712e+003,7.162051e+001
1.356194e+003,7.157746e+001
1.356676e+003,7.154752e+001
1.357158e+003,7.153175e+001
1.357641e+003,7.152966e+001
1.358123e+003,7.154009e+001
1.358605e+003,7.156218e+001
1.359087e+003,7.159610e+001
1.359569e+003,7.164365e+001
1.360051e+003,7.170802e+001
1.360533e+003,7.179321e+001
1.361015e+003,7.190279e+001
1.361498e+003,7.203794e+001
1.361980e+003,7.219531e+001
1.362462e+003,7.236632e+001
1.362944e+003,7.253949e+001
1.363426e+003,7.270531e+001
1.363908e+003,7.285976e+001
1.364390e+003,7.300407e+001
1.364872e+003,7.314217e+001
1.365354e+003,7.327847e+001
1.365837e+003,7.341677e+001
1.366319e+003,7.356013e+001
1.366801e+003,7.371088e+001
1.367283e+003,7.386993e+001
1.367765e+003,7.403605e+001
1.368247e+003,7.420518e+001
1.368729e+003,7.437081e+001
1.369211e+003,7.452536e+001
1.369693e+003,7.466273e+001
1.370176e+003,7.477989e+001
1.370658e+003,7.487778e+001
1.371140e+003,7.496069e+001
1.371622e+003,7.503470e+001
1.372104e+003,7.510574e+001
1.372586e+003,7.517736e+001
1.373068e+003,7.524859e+001
1.373550e+003,7.531324e+001
1.374033e+003,7.536242e+001
1.374515e+003,7.538985e+001
1.374997e+003,7.539657e+001
1.375479e+003,7.539001e+001
1.375961e+003,7.537906e+001
1.376443e+003,7.536935e+001
1.376925e+003,7.536161e+001
1.377407e+003,7.535268e+001
1.377890e+003,7.533726e+001
1.378372e+003,7.531007e+001
1.378854e+003,7.526715e+001
1.379336e+003,7.520641e+001
1.379818e+003,7.512623e+001
1.380300e+003,7.502412e+001
1.380782e+003,7.489571e+001
1.381264e+003,7.473580e+001
1.381746e+003,7.454078e+001
1.382229e+003,7.431138e+001
1.382711e+003,7.405350e+001
1.383193e+003,7.377622e+001
1.383675e+003,7.348795e+001
1.384157e+003,7.319249e+001
1.384639e+003,7.288738e+001
1.385121e+003,7.256507e+001
1.385603e+003,7.221690e+001
1.386085e+003,7.183921e+001
1.386568e+003,7.144023e+001
1.387050e+003,7.104214e+001
1.387532e+003,7.067463e+001
1.388014e+003,7.036213e+001
1.388496e+003,7.011497e+001
1.388978e+003,6.993049e+001
1.389460e+003,6.979989e+001
1.389942e+003,6.971397e+001
1.390424e+003,6.966529e+001
1.390907e+003,6.964769e+001
1.391389e+003,6.965559e+001
1.391871e+003,6.968409e+001
1.392353e+003,6.973003e+001
1.392835e+003,6.979340e+001
1.393317e+003,6.987761e+001
1.393799e+003,6.998722e+001
1.394281e+003,7.012309e+001
1.394764e+003,7.027752e+001
1.395246e+003,7.043427e+001
1.395728e+003,7.057559e+001
1.396210e+003,7.069048e+001
1.396692e+003,7.077766e+001
1.397174e+003,7.084292e+001
1.397656e+003,7.089348e+001
1.398138e+003,7.093256e+001
1.398620e+003,7.095586e+001
1.399103e+003,7.095232e+001
1.399585e+003,7.090989e+001
1.400067e+003,7.082195e+001
1.400549e+003,7.068882e+001
1.401031e+003,7.051352e+001
1.401513e+003,7.029581e+001
1.401995e+003,7.002735e+001
1.402477e+003,6.968898e+001
1.402959e+003,6.925012e+001
1.403442e+003,6.867267e+001
1.403924e+003,6.792168e+001
1.404406e+003,6.698158e+001
1.404888e+003,6.586924e+001
1.405370e+003,6.463115e+001
1.405852e+003,6.332312e+001
1.406334e+003,6.198691e+001
1.406816e+003,6.063892e+001
1.407299e+003,5.927412e+001
1.407781e+003,5.787755e+001
1.408263e+003,5.643713e+001
1.408745e+003,5.495382e+001
1.409227e+003,5.344864e+001
1.409709e+003,5.196499e+001
1.410191e+003,5.056469e+001
1.410673e+003,4.931689e+001
1.411156e+003,4.828312e+001
1.411638e+003,4.750495e+001
1.412120e+003,4.700020e+001
1.412602e+003,4.676832e+001
1.413084e+003,4.679941e+001
1.413566e+003,4.708051e+001
1.414048e+003,4.759675e+001
1.414530e+003,4.832842e+001
1.415012e+003,4.924932e+001
1.415495e+003,5.032974e+001
1.415977e+003,5.154676e+001
1.416459e+003,5.289968e+001
1.416941e+003,5.442468e+001
1.417423e+003,5.619525e+001
1.417905e+003,5.828654e+001
1.418387e+003,6.069236e+001
1.418869e+003,6.324569e+001
1.419351e+003,6.565610e+001
1.419834e+003,6.767641e+001
1.420316e+003,6.922858e+001
1.420798e+003,7.038234e+001
1.421280e+003,7.126553e+001
1.421762e+003,7.199941e+001
1.422244e+003,7.267327e+001
1.422726e+003,7.333787e+001
1.423208e+003,7.400272e+001
1.423691e+003,7.463847e+001
1.424173e+003,7.519363e+001
1.424655e+003,7.562502e+001
1.425137e+003,7.592166e+001
1.425619e+003,7.610385e+001
1.426101e+003,7.620384e+001
1.426583e+003,7.624751e+001
1.427065e+003,7.624661e+001
1.427547e+003,7.620004e+001
1.428030e+003,7.609988e+001
1.428512e+003,7.593999e+001
1.428994e+003,7.572353e+001
1.429476e+003,7.546546e+001
1.429958e+003,7.518781e+001
1.430440e+003,7.491013e+001
1.430922e+003,7.464339e+001
1.431404e+003,7.439043e+001
1.431886e+003,7.415105e+001
1.432369e+003,7.392651e+001
1.432851e+003,7.372067e+001
1.433333e+003,7.353886e+001
1.433815e+003,7.338605e+001
1.434297e+003,7.326667e+001
1.434779e+003,7.318547e+001
1.435261e+003,7.314875e+001
1.435743e+003,7.316368e+001
1.436226e+003,7.323400e+001
1.436708e+003,7.335419e+001
1.437190e+003,7.350844e+001
1.437672e+003,7.367743e+001
1.438154e+003,7.384583e+001
1.438636e+003,7.400438e+001
1.439118e+003,7.414875e+001
1.439600e+003,7.427769e+001
1.440083e+003,7.439172e+001
1.440565e+003,7.449155e+001
1.441047e+003,7.457676e+001
1.441529e+003,7.464438e+001
1.442011e+003,7.468909e+001
1.442493e+003,7.470463e+001
1.442975e+003,7.468663e+001
1.443457e+003,7.463495e+001
1.443939e+003,7.455437e+001
1.444422e+003,7.445297e+001
1.444904e+003,7.433862e+001
1.445386e+003,7.421532e+001
1.445868e+003,7.408074e+001
1.446350e+003,7.392651e+001
1.446832e+003,7.374205e+001
1.447314e+003,7.352180e+001
1.447796e+003,7.327158e+001
1.448278e+003,7.300858e+001
1.448761e+003,7.275215e+001
1.449243e+003,7.251284e+001
1.449725e+003,7.228834e+001
1.450207e+003,7.206754e+001
1.450689e+003,7.183837e+001
1.451171e+003,7.159480e+001
1.451653e+003,7.134028e+001
1.452135e+003,7.108704e+001
1.452618e+003,7.085049e+001
1.453100e+003,7.064198e+001
1.453582e+003,7.046398e+001
1.454064e+003,7.031000e+001
1.454546e+003,7.016869e+001
1.455028e+003,7.002938e+001
1.455510e+003,6.988660e+001
1.455992e+003,6.974274e+001
1.456474e+003,6.960686e+001
1.456957e+003,6.948663e+001
1.457439e+003,6.937854e+001
1.457921e+003,6.927112e+001
1.458403e+003,6.915868e+001
1.458885e+003,6.904585e+001
1.459367e+003,6.894157e+001
1.459849e+003,6.885277e+001
1.460331e+003,6.878136e+001
1.460813e+003,6.872402e+001
1.461296e+003,6.867381e+001
1.461778e+003,6.862320e+001
1.462260e+003,6.856740e+001
1.462742e+003,6.850729e+001
1.463224e+003,6.845144e+001
1.463706e+003,6.841514e+001
1.464188e+003,6.841467e+001
1.464670e+003,6.845707e+001
1.465153e+003,6.853386e+001
1.465635e+003,6.862645e+001
1.466117e+003,6.871938e+001
1.466599e+003,6.880807e+001
1.467081e+003,6.889710e+001
1.467563e+003,6.899371e+001
1.468045e+003,6.910208e+001
1.468527e+003,6.922077e+001
1.469010e+003,6.934315e+001
1.469492e+003,6.946037e+001
1.469974e+003,6.956513e+001
1.470456e+003,6.965527e+001
1.470938e+003,6.973540e+001
1.471420e+003,6.981479e+001
1.471902e+003,6.989913e+001
1.472384e+003,6.997894e+001
1.472866e+003,7.002869e+001
1.473349e+003,7.002506e+001
1.473831e+003,6.996568e+001
1.474313e+003,6.986836e+001
1.474795e+003,6.975982e+001
1.475277e+003,6.966739e+001
1.475759e+003,6.961416e+001
1.476241e+003,6.961521e+001
1.476723e+003,6.967570e+001
1.477205e+003,6.979391e+001
1.477688e+003,6.996754e+001
1.478170e+003,7.020001e+001
1.478652e+003,7.050288e+001
1.479134e+003,7.089330e+001
1.479616e+003,7.138750e+001
1.480098e+003,7.199068e+001
1.480580e+003,7.268722e+001
1.481062e+003,7.343697e+001
1.481545e+003,7.418522e+001
1.482027e+003,7.488309e+001
1.482509e+003,7.550465e+001
1.482991e+003,7.604872e+001
1.483473e+003,7.652755e+001
1.483955e+003,7.695347e+001
1.484437e+003,7.733099e+001
1.484919e+003,7.765607e+001
1.485401e+003,7.792090e+001
1.485884e+003,7.812103e+001
1.486366e+003,7.826117e+001
1.486848e+003,7.835542e+001
1.487330e+003,7.841924e+001
1.487812e+003,7.845563e+001
1.488294e+003,7.844305e+001
1.488776e+003,7.833692e+001
1.489258e+003,7.809463e+001
1.489740e+003,7.771677e+001
1.490223e+003,7.726485e+001
1.490705e+003,7.682529e+001
1.491187e+003,7.645358e+001
1.491669e+003,7.615439e+001
1.492151e+003,7.589921e+001
1.492633e+003,7.565107e+001
1.493115e+003,7.537949e+001
1.493597e+003,7.506554e+001
1.494080e+003,7.470134e+001
1.494562e+003,7.428644e+001
1.495044e+003,7.382195e+001
1.495526e+003,7.330370e+001
1.496008e+003,7.271883e+001
1.496490e+003,7.205168e+001
1.496972e+003,7.130009e+001
1.497454e+003,7.048747e+001
1.497937e+003,6.965658e+001
1.498419e+003,6.884802e+001
1.498901e+003,6.808189e+001
1.499383e+003,6.735289e+001
1.499865e+003,6.663866e+001
1.500347e+003,6.591470e+001
1.500829e+003,6.516811e+001
1.501311e+003,6.440427e+001
1.501793e+003,6.364410e+001
1.502276e+003,6.291525e+001
1.502758e+003,6.224132e+001
1.503240e+003,6.163298e+001
1.503722e+003,6.108218e+001
1.504204e+003,6.055680e+001
1.504686e+003,5.999235e+001
1.505168e+003,5.927345e+001
1.505650e+003,5.820687e+001
1.506132e+003,5.653535e+001
1.506615e+003,5.415531e+001
1.507097e+003,5.151398e+001
1.507579e+003,4.936208e+001
1.508061e+003,4.791779e+001
1.508543e+003,4.690810e+001
1.509025e+003,4.606220e+001
1.509507e+003,4.525751e+001
1.509989e+003,4.446716e+001
1.510472e+003,4.370009e+001
1.510954e+003,4.296758e+001
1.511436e+003,4.227066e+001
1.511918e+003,4.160168e+001
1.512400e+003,4.095370e+001
1.512882e+003,4.032916e+001
1.513364e+003,3.974179e+001
1.513846e+003,3.921007e+001
1.514328e+003,3.874569e+001
1.514811e+003,3.834021e+001
1.515293e+003,3.795448e+001
1.515775e+003,3.752037e+001
1.516257e+003,3.697063e+001
1.516739e+003,3.629508e+001
1.517221e+003,3.557162e+001
1.517703e+003,3.491962e+001
1.518185e+003,3.441843e+001
1.518667e+003,3.407028e+001
1.519150e+003,3.381301e+001
1.519632e+003,3.354282e+001
1.520114e+003,3.313430e+001
1.520596e+003,3.248118e+001
1.521078e+003,3.158516e+001
1.521560e+003,3.062979e+001
1.522042e+003,2.987739e+001
1.522524e+003,2.944452e+001
1.523007e+003,2.925189e+001
1.523489e+003,2.915278e+001
1.523971e+003,2.903947e+001
1.524453e+003,2.887379e+001
1.524935e+003,2.868106e+001
1.525417e+003,2.852817e+001
1.525899e+003,2.848596e+001
1.526381e+003,2.858509e+001
1.526864e+003,2.879518e+001
1.527346e+003,2.904784e+001
1.527828e+003,2.928361e+001
1.528310e+003,2.948353e+001
1.528792e+003,2.966816e+001
1.529274e+003,2.987500e+001
1.529756e+003,3.013431e+001
1.530238e+003,3.045660e+001
1.530720e+003,3.083468e+001
1.531203e+003,3.125656e+001
1.531685e+003,3.172414e+001
1.532167e+003,3.227063e+001
1.532649e+003,3.296077e+001
1.533131e+003,3.384814e+001
1.533613e+003,3.489933e+001
1.534095e+003,3.597745e+001
1.534577e+003,3.693348e+001
1.535059e+003,3.769450e+001
1.535542e+003,3.826641e+001
1.536024e+003,3.869697e+001
1.536506e+003,3.905016e+001
1.536988e+003,3.939895e+001
1.537470e+003,3.982786e+001
1.537952e+003,4.043823e+001
1.538434e+003,4.135066e+001
1.538916e+003,4.268979e+001
1.539399e+003,4.451826e+001
1.539881e+003,4.670366e+001
1.540363e+003,4.887351e+001
1.540845e+003,5.068404e+001
1.541327e+003,5.209747e+001
1.541809e+003,5.327282e+001
1.542291e+003,5.435935e+001
1.542773e+003,5.544331e+001
1.543255e+003,5.657211e+001
1.543738e+003,5.776910e+001
1.544220e+003,5.902611e+001
1.544702e+003,6.029590e+001
1.545184e+003,6.150879e+001
1.545666e+003,6.260679e+001
1.546148e+003,6.356756e+001
1.546630e+003,6.440572e+001
1.547112e+003,6.516280e+001
1.547594e+003,6.589777e+001
1.548077e+003,6.667915e+001
1.548559e+003,6.757143e+001
1.549041e+003,6.860928e+001
1.549523e+003,6.976620e+001
1.550005e+003,7.094888e+001
1.550487e+003,7.204100e+001
1.550969e+003,7.296716e+001
1.551451e+003,7.372177e+001
1.551934e+003,7.435287e+001
1.552416e+003,7.493032e+001
1.552898e+003,7.552010e+001
1.553380e+003,7.616495e+001
1.553862e+003,7.686880e+001
1.554344e+003,7.759196e+001
1.554826e+003,7.826781e+001
1.555308e+003,7.883585e+001
1.555791e+003,7.926855e+001
1.556273e+003,7.957655e+001
1.556755e+003,7.980209e+001
1.557237e+003,8.001830e+001
1.557719e+003,8.034241e+001
1.558201e+003,8.092711e+001
1.558683e+003,8.180630e+001
1.559165e+003,8.267471e+001
1.559647e+003,8.320954e+001
1.560130e+003,8.345646e+001
1.560612e+003,8.358314e+001
1.561094e+003,8.368112e+001
1.561576e+003,8.377916e+001
1.562058e+003,8.388197e+001
1.562540e+003,8.398883e+001
1.563022e+003,8.409913e+001
1.563504e+003,8.421278e+001
1.563986e+003,8.432871e+001
1.564469e+003,8.444354e+001
1.564951e+003,8.455166e+001
1.565433e+003,8.464733e+001
1.565915e+003,8.472693e+001
1.566397e+003,8.478971e+001
1.566879e+003,8.483733e+001
1.567361e+003,8.487329e+001
1.567843e+003,8.490218e+001
1.568326e+003,8.492796e+001
1.568808e+003,8.495132e+001
1.569290e+003,8.496763e+001
1.569772e+003,8.496920e+001
1.570254e+003,8.495180e+001
1.570736e+003,8.491736e+001
1.571218e+003,8.487059e+001
1.571700e+003,8.481508e+001
1.572182e+003,8.475288e+001
1.572665e+003,8.468533e+001
1.573147e+003,8.461347e+001
1.573629e+003,8.453729e+001
1.574111e+003,8.445331e+001
1.574593e+003,8.435149e+001
1.575075e+003,8.421319e+001
1.575557e+003,8.401719e+001
1.576039e+003,8.375793e+001
1.576521e+003,8.346236e+001
1.577004e+003,8.317521e+001
1.577486e+003,8.292368e+001
1.577968e+003,8.270368e+001
1.578450e+003,8.249336e+001
1.578932e+003,8.226952e+001
1.579414e+003,8.201570e+001
1.579896e+003,8.172419e+001
1.580378e+003,8.139442e+001
1.580861e+003,8.102991e+001
1.581343e+003,8.063407e+001
1.581825e+003,8.020641e+001
1.582307e+003,7.974063e+001
1.582789e+003,7.922670e+001
1.583271e+003,7.865488e+001
1.583753e+003,7.801989e+001
1.584235e+003,7.732282e+001
1.584718e+003,7.656929e+001
1.585200e+003,7.576494e+001
1.585682e+003,7.491096e+001
1.586164e+003,7.400196e+001
1.586646e+003,7.302831e+001
1.587128e+003,7.198170e+001
1.587610e+003,7.086095e+001
1.588092e+003,6.967538e+001
1.588574e+003,6.844366e+001
1.589057e+003,6.718890e+001
1.589539e+003,6.593202e+001
1.590021e+003,6.468834e+001
1.590503e+003,6.346907e+001
1.590985e+003,6.228704e+001
1.591467e+003,6.116213e+001
1.591949e+003,6.012180e+001
1.592431e+003,5.919579e+001
1.592913e+003,5.840725e+001
1.593396e+003,5.776560e+001
1.593878e+003,5.726574e+001
1.594360e+003,5.689515e+001
1.594842e+003,5.664502e+001
1.595324e+003,5.651788e+001
1.595806e+003,5.652602e+001
1.596288e+003,5.668163e+001
1.596770e+003,5.698494e+001
1.597253e+003,5.741937e+001
1.597735e+003,5.795590e+001
1.598217e+003,5.856398e+001
1.598699e+003,5.922192e+001
1.599181e+003,5.992225e+001
1.599663e+003,6.066912e+001
1.600145e+003,6.147003e+001
1.600627e+003,6.232518e+001
1.601109e+003,6.322039e+001
1.601592e+003,6.412742e+001
1.602074e+003,6.501170e+001
1.602556e+003,6.584341e+001
1.603038e+003,6.660570e+001
1.603520e+003,6.729578e+001
1.604002e+003,6.791967e+001
1.604484e+003,6.848408e+001
1.604966e+003,6.899109e+001
1.605448e+003,6.943753e+001
1.605931e+003,6.981847e+001
1.606413e+003,7.013183e+001
1.606895e+003,7.038176e+001
1.607377e+003,7.057821e+001
1.607859e+003,7.073293e+001
1.608341e+003,7.085406e+001
1.608823e+003,7.094334e+001
1.609305e+003,7.099850e+001
1.609788e+003,7.102017e+001
1.610270e+003,7.101777e+001
1.610752e+003,7.101018e+001
1.611234e+003,7.102040e+001
1.611716e+003,7.106654e+001
1.612198e+003,7.115506e+001
1.612680e+003,7.128004e+001
1.613162e+003,7.142892e+001
1.613645e+003,7.159248e+001
1.614127e+003,7.177542e+001
1.614609e+003,7.200550e+001
1.615091e+003,7.233701e+001
1.615573e+003,7.283855e+001
1.616055e+003,7.355251e+001
1.616537e+003,7.443759e+001
1.617019e+003,7.536088e+001
1.617501e+003,7.618196e+001
1.617984e+003,7.684132e+001
1.618466e+003,7.736118e+001
1.618948e+003,7.779501e+001
1.619430e+003,7.818981e+001
1.619912e+003,7.857430e+001
1.620394e+003,7.896111e+001
1.620876e+003,7.935288e+001
1.621358e+003,7.974809e+001
1.621840e+003,8.014482e+001
1.622323e+003,8.054099e+001
1.622805e+003,8.093048e+001
1.623287e+003,8.129884e+001
1.623769e+003,8.162508e+001
1.624251e+003,8.189072e+001
1.624733e+003,8.208767e+001
1.625215e+003,8.221996e+001
1.625697e+003,8.230096e+001
1.626180e+003,8.235033e+001
1.626662e+003,8.238982e+001
1.627144e+003,8.243746e+001
1.627626e+003,8.249998e+001
1.628108e+003,8.256897e+001
1.628590e+003,8.262598e+001
1.629072e+003,8.265524e+001
1.629554e+003,8.265343e+001
1.630036e+003,8.262984e+001
1.630519e+003,8.259966e+001
1.631001e+003,8.257613e+001
1.631483e+003,8.256524e+001
1.631965e+003,8.256393e+001
1.632447e+003,8.256192e+001
1.632929e+003,8.254653e+001
1.633411e+003,8.250870e+001
1.633893e+003,8.244894e+001
1.634375e+003,8.238066e+001
1.634858e+003,8.232722e+001
1.635340e+003,8.230691e+001
1.635822e+003,8.231085e+001
1.636304e+003,8.230371e+001
1.636786e+003,8.225887e+001
1.637268e+003,8.218005e+001
1.637750e+003,8.208860e+001
1.638232e+003,8.200490e+001
1.638715e+003,8.194067e+001
1.639197e+003,8.189768e+001
1.639679e+003,8.186899e+001
1.640161e+003,8.184222e+001
1.640643e+003,8.180524e+001
1.641125e+003,8.175201e+001
1.641607e+003,8.168575e+001
1.642089e+003,8.161682e+001
1.642572e+003,8.155744e+001
1.643054e+003,8.151531e+001
1.643536e+003,8.148993e+001
1.644018e+003,8.147252e+001
1.644500e+003,8.144911e+001
1.644982e+003,8.140548e+001
1.645464e+003,8.133320e+001
1.645946e+003,8.123478e+001
1.646428e+003,8.112464e+001
1.646911e+003,8.101966e+001
1.647393e+003,8.092331e+001
1.647875e+003,8.082397e+001
1.648357e+003,8.071014e+001
1.648839e+003,8.057964e+001
1.649321e+003,8.043847e+001
1.649803e+003,8.029641e+001
1.650285e+003,8.016413e+001
1.650767e+003,8.005059e+001
1.651250e+003,7.995836e+001
1.651732e+003,7.987263e+001
1.652214e+003,7.974359e+001
1.652696e+003,7.948915e+001
1.653178e+003,7.909170e+001
1.653660e+003,7.869978e+001
1.654142e+003,7.846569e+001
1.654624e+003,7.838093e+001
1.655107e+003,7.835921e+001
1.655589e+003,7.833016e+001
1.656071e+003,7.825886e+001
1.656553e+003,7.813861e+001
1.657035e+003,7.798141e+001
1.657517e+003,7.780862e+001
1.657999e+003,7.764177e+001
1.658481e+003,7.749405e+001
1.658964e+003,7.736546e+001
1.659446e+003,7.724332e+001
1.659928e+003,7.710837e+001
1.660410e+003,7.694314e+001
1.660892e+003,7.673937e+001
1.661374e+003,7.650156e+001
1.661856e+003,7.624487e+001
1.662338e+003,7.598697e+001
1.662820e+003,7.573754e+001
1.663302e+003,7.549442e+001
1.663785e+003,7.525056e+001
1.664267e+003,7.500364e+001
1.664749e+003,7.475916e+001
1.665231e+003,7.452677e+001
1.665713e+003,7.431491e+001
1.666195e+003,7.412569e+001
1.666677e+003,7.395071e+001
1.667159e+003,7.376809e+001
1.667642e+003,7.354320e+001
1.668124e+003,7.323692e+001
1.668606e+003,7.282474e+001
1.669088e+003,7.232020e+001
1.669570e+003,7.178130e+001
1.670052e+003,7.127924e+001
1.670534e+003,7.085133e+001
1.671016e+003,7.048553e+001
1.671499e+003,7.014502e+001
1.671981e+003,6.979677e+001
1.672463e+003,6.942233e+001
1.672945e+003,6.901321e+001
1.673427e+003,6.856084e+001
1.673909e+003,6.804839e+001
1.674391e+003,6.745137e+001
1.674873e+003,6.675523e+001
1.675355e+003,6.598167e+001
1.675838e+003,6.519227e+001
1.676320e+003,6.445392e+001
1.676802e+003,6.380118e+001
1.677284e+003,6.322840e+001
1.677766e+003,6.270240e+001
1.678248e+003,6.217654e+001
1.678730e+003,6.160274e+001
1.679212e+003,6.094524e+001
1.679694e+003,6.019739e+001
1.680177e+003,5.939119e+001
1.680659e+003,5.858719e+001
1.681141e+003,5.784524e+001
1.681623e+003,5.719133e+001
1.682105e+003,5.659111e+001
1.682587e+003,5.592522e+001
1.683069e+003,5.497419e+001
1.683551e+003,5.349128e+001
1.684034e+003,5.147384e+001
1.684516e+003,4.937031e+001
1.684998e+003,4.770012e+001
1.685480e+003,4.658306e+001
1.685962e+003,4.583521e+001
1.686444e+003,4.523327e+001
1.686926e+003,4.461771e+001
1.687408e+003,4.389488e+001
1.687891e+003,4.302327e+001
1.688373e+003,4.200638e+001
1.688855e+003,4.088709e+001
1.689337e+003,3.973326e+001
1.689819e+003,3.861283e+001
1.690301e+003,3.757021e+001
1.690783e+003,3.661922e+001
1.691265e+003,3.575297e+001
1.691747e+003,3.495895e+001
1.692229e+003,3.422783e+001
1.692712e+003,3.355407e+001
1.693194e+003,3.293097e+001
1.693676e+003,3.234391e+001
1.694158e+003,3.176419e+001
1.694640e+003,3.114890e+001
1.695122e+003,3.045674e+001
1.695604e+003,2.968722e+001
1.696086e+003,2.891487e+001
1.696569e+003,2.826000e+001
1.697051e+003,2.780738e+001
1.697533e+003,2.756806e+001
1.698015e+003,2.750902e+001
1.698497e+003,2.759590e+001
1.698979e+003,2.781425e+001
1.699461e+003,2.816612e+001
1.699943e+003,2.864319e+001
1.700426e+003,2.919758e+001
1.700908e+003,2.975622e+001
1.701390e+003,3.026995e+001
1.701872e+003,3.073109e+001
1.702354e+003,3.115586e+001
1.702836e+003,3.156860e+001
1.703318e+003,3.199874e+001
1.703800e+003,3.248238e+001
1.704282e+003,3.305925e+001
1.704765e+003,3.375730e+001
1.705247e+003,3.456634e+001
1.705729e+003,3.542410e+001
1.706211e+003,3.624155e+001
1.706693e+003,3.695230e+001
1.707175e+003,3.753953e+001
1.707657e+003,3.802611e+001
1.708139e+003,3.845121e+001
1.708621e+003,3.885196e+001
1.709104e+003,3.925306e+001
1.709586e+003,3.966217e+001
1.710068e+003,4.007092e+001
1.710550e+003,4.046136e+001
1.711032e+003,4.081589e+001
1.711514e+003,4.112564e+001
1.711996e+003,4.139423e+001
1.712478e+003,4.163592e+001
1.712961e+003,4.187004e+001
1.713443e+003,4.211329e+001
1.713925e+003,4.237236e+001
1.714407e+003,4.263951e+001
1.714889e+003,4.289468e+001
1.715371e+003,4.311477e+001
1.715853e+003,4.328526e+001
1.716335e+003,4.340622e+001
1.716818e+003,4.348743e+001
1.717300e+003,4.353563e+001
1.717782e+003,4.354700e+001
1.718264e+003,4.351463e+001
1.718746e+003,4.344027e+001
1.719228e+003,4.333454e+001
1.719710e+003,4.320946e+001
1.720192e+003,4.307243e+001
1.720674e+003,4.292453e+001
1.721156e+003,4.276117e+001
1.721639e+003,4.257414e+001
1.722121e+003,4.235507e+001
1.722603e+003,4.210042e+001
1.723085e+003,4.181623e+001
1.723567e+003,4.151912e+001
1.724049e+003,4.123128e+001
1.724531e+003,4.097182e+001
1.725013e+003,4.075010e+001
1.725496e+003,4.056564e+001
1.725978e+003,4.041281e+001
1.726460e+003,4.028722e+001
1.726942e+003,4.019041e+001
1.727424e+003,4.013153e+001
1.727906e+003,4.012541e+001
1.728388e+003,4.018742e+001
1.728870e+003,4.032590e+001
1.729353e+003,4.053537e+001
1.729835e+003,4.079500e+001
1.730317e+003,4.107632e+001
1.730799e+003,4.135777e+001
1.731281e+003,4.163966e+001
1.731763e+003,4.195503e+001
1.732245e+003,4.237671e+001
1.732727e+003,4.301577e+001
1.733209e+003,4.398667e+001
1.733692e+003,4.530561e+001
1.734174e+003,4.678904e+001
1.734656e+003,4.814561e+001
1.735138e+003,4.921371e+001
1.735620e+003,5.002689e+001
1.736102e+003,5.070270e+001
1.736584e+003,5.135275e+001
1.737066e+003,5.206274e+001
1.737548e+003,5.290051e+001
1.738031e+003,5.392102e+001
1.738513e+003,5.515598e+001
1.738995e+003,5.659073e+001
1.739477e+003,5.815057e+001
1.739959e+003,5.972564e+001
1.740441e+003,6.122659e+001
1.740923e+003,6.262252e+001
1.741405e+003,6.393475e+001
1.741888e+003,6.520757e+001
1.742370e+003,6.648198e+001
1.742852e+003,6.778044e+001
1.743334e+003,6.910126e+001
1.743816e+003,7.042192e+001
1.744298e+003,7.171058e+001
1.744780e+003,7.293980e+001
1.745262e+003,7.409506e+001
1.745745e+003,7.517582e+001
1.746227e+003,7.619273e+001
1.746709e+003,7.716444e+001
1.747191e+003,7.811390e+001
1.747673e+003,7.906268e+001
1.748155e+003,8.002195e+001
1.748637e+003,8.098459e+001
1.749119e+003,8.192426e+001
1.749601e+003,8.280444e+001
1.750083e+003,8.359328e+001
1.750566e+003,8.427734e+001
1.751048e+003,8.486643e+001
1.751530e+003,8.538563e+001
1.752012e+003,8.585903e+001
1.752494e+003,8.629790e+001
1.752976e+003,8.669987e+001
1.753458e+003,8.705702e+001
1.753940e+003,8.736481e+001
1.754423e+003,8.762887e+001
1.754905e+003,8.786742e+001
1.755387e+003,8.810874e+001
1.755869e+003,8.838099e+001
1.756351e+003,8.869599e+001
1.756833e+003,8.903662e+001
1.757315e+003,8.936252e+001
1.757797e+003,8.963332e+001
1.758280e+003,8.983104e+001
1.758762e+003,8.996565e+001
1.759244e+003,9.006648e+001
1.759726e+003,9.016883e+001
1.760208e+003,9.030112e+001
1.760690e+003,9.047329e+001
1.761172e+003,9.067045e+001
1.761654e+003,9.085844e+001
1.762136e+003,9.100495e+001
1.762619e+003,9.110152e+001
1.763101e+003,9.116624e+001
1.763583e+003,9.122624e+001
1.764065e+003,9.129975e+001
1.764547e+003,9.138917e+001
1.765029e+003,9.148482e+001
1.765511e+003,9.157271e+001
1.765993e+003,9.164253e+001
1.766475e+003,9.169381e+001
1.766958e+003,9.173803e+001
1.767440e+003,9.179354e+001
1.767922e+003,9.187465e+001
1.768404e+003,9.198122e+001
1.768886e+003,9.209752e+001
1.769368e+003,9.220135e+001
1.769850e+003,9.227666e+001
1.770332e+003,9.232242e+001
1.770815e+003,9.235535e+001
1.771297e+003,9.240301e+001
1.771779e+003,9.248602e+001
1.772261e+003,9.259735e+001
1.772743e+003,9.270280e+001
1.773225e+003,9.276791e+001
1.773707e+003,9.278298e+001
1.774189e+003,9.276290e+001
1.774672e+003,9.273342e+001
1.775154e+003,9.271769e+001
1.775636e+003,9.272775e+001
1.776118e+003,9.276154e+001
1.776600e+003,9.280566e+001
1.777082e+003,9.284290e+001
1.777564e+003,9.286152e+001
1.778046e+003,9.286106e+001
1.778528e+003,9.285239e+001
1.779010e+003,9.285226e+001
1.779493e+003,9.287375e+001
1.779975e+003,9.291743e+001
1.780457e+003,9.296893e+001
1.780939e+003,9.300720e+001
1.781421e+003,9.301860e+001
1.781903e+003,9.300511e+001
1.782385e+003,9.298187e+001
1.782867e+003,9.296781e+001
1.783350e+003,9.297635e+001
1.783832e+003,9.300899e+001
1.784314e+003,9.305470e+001
1.784796e+003,9.309568e+001
1.785278e+003,9.311807e+001
1.785760e+003,9.312058e+001
1.786242e+003,9.311462e+001
1.786724e+003,9.311617e+001
1.787207e+003,9.313601e+001
1.787689e+003,9.317443e+001
1.788171e+003,9.322214e+001
1.788653e+003,9.326538e+001
1.789135e+003,9.329310e+001
1.789617e+003,9.330297e+001
1.790099e+003,9.330427e+001
1.790581e+003,9.331500e+001
1.791063e+003,9.335222e+001
1.791546e+003,9.341806e+001
1.792028e+003,9.349304e+001
1.792510e+003,9.354739e+001
1.792992e+003,9.356407e+001
1.793474e+003,9.355039e+001
1.793956e+003,9.352914e+001
1.794438e+003,9.352252e+001
1.794920e+003,9.354146e+001
1.795402e+003,9.358278e+001
1.795885e+003,9.363258e+001
1.796367e+003,9.367353e+001
1.796849e+003,9.369370e+001
1.797331e+003,9.369270e+001
1.797813e+003,9.368189e+001
1.798295e+003,9.367819e+001
1.798777e+003,9.369511e+001
1.799259e+003,9.373516e+001
1.799742e+003,9.378746e+001
1.800224e+003,9.383286e+001
1.800706e+003,9.385568e+001
1.801188e+003,9.385426e+001
1.801670e+003,9.384207e+001
1.802152e+003,9.383796e+001
1.802634e+003,9.385363e+001
1.803116e+003,9.388779e+001
1.803599e+003,9.392854e+001
1.804081e+003,9.396111e+001
1.804563e+003,9.397617e+001
1.805045e+003,9.397467e+001
1.805527e+003,9.396727e+001
1.806009e+003,9.396831e+001
1.806491e+003,9.398830e+001
1.806973e+003,9.402805e+001
1.807455e+003,9.407800e+001
1.807938e+003,9.412318e+001
1.808420e+003,9.415137e+001
1.808902e+003,9.416038e+001
1.809384e+003,9.415972e+001
1.809866e+003,9.416525e+001
1.810348e+003,9.418948e+001
1.810830e+003,9.423290e+001
1.811312e+003,9.428262e+001
1.811794e+003,9.432005e+001
1.812277e+003,9.433276e+001
1.812759e+003,9.432182e+001
1.813241e+003,9.430017e+001
1.813723e+003,9.428436e+001
1.814205e+003,9.428589e+001
1.814687e+003,9.430654e+001
1.815169e+003,9.433815e+001
1.815651e+003,9.436739e+001
1.816134e+003,9.438296e+001
1.816616e+003,9.438228e+001
1.817098e+003,9.437366e+001
1.817580e+003,9.437107e+001
1.818062e+003,9.438535e+001
1.818544e+003,9.441703e+001
1.819026e+003,9.445604e+001
1.819508e+003,9.448730e+001
1.819990e+003,9.449966e+001
1.820473e+003,9.449235e+001
1.820955e+003,9.447547e+001
1.821437e+003,9.446444e+001
1.821919e+003,9.447181e+001
1.822401e+003,9.450089e+001
1.822883e+003,9.454448e+001
1.823365e+003,9.458821e+001
1.823847e+003,9.461830e+001
1.824329e+003,9.462993e+001
1.824812e+003,9.463173e+001
1.825294e+003,9.464035e+001
1.825776e+003,9.466876e+001
1.826258e+003,9.471730e+001
1.826740e+003,9.477446e+001
1.827222e+003,9.482432e+001
1.827704e+003,9.485508e+001
1.828186e+003,9.486469e+001
1.828669e+003,9.486239e+001
1.829151e+003,9.486393e+001
1.829633e+003,9.488107e+001
1.830115e+003,9.491113e+001
1.830597e+003,9.493806e+001
1.831079e+003,9.494511e+001
1.831561e+003,9.492699e+001
1.832043e+003,9.489219e+001
1.832526e+003,9.485728e+001
1.833008e+003,9.483902e+001
1.833490e+003,9.484757e+001
1.833972e+003,9.488218e+001
1.834454e+003,9.493121e+001
1.834936e+003,9.497709e+001
1.835418e+003,9.500489e+001
1.835900e+003,9.501036e+001
1.836382e+003,9.500195e+001
1.836865e+003,9.499525e+001
1.837347e+003,9.500323e+001
1.837829e+003,9.502804e+001
1.838311e+003,9.506012e+001
1.838793e+003,9.508447e+001
1.839275e+003,9.509042e+001
1.839757e+003,9.507774e+001
1.840239e+003,9.505659e+001
1.840721e+003,9.504189e+001
1.841204e+003,9.504604e+001
1.841686e+003,9.507320e+001
1.842168e+003,9.511636e+001
1.842650e+003,9.515889e+001
1.843132e+003,9.518220e+001
1.843614e+003,9.517787e+001
1.844096e+003,9.515659e+001
1.844578e+003,9.514214e+001
1.845061e+003,9.515280e+001
1.845543e+003,9.518745e+001
1.846025e+003,9.522813e+001
1.846507e+003,9.525313e+001
1.846989e+003,9.524971e+001
1.847471e+003,9.522029e+001
1.847953e+003,9.518035e+001
1.848435e+003,9.515029e+001
1.848917e+003,9.514483e+001
1.849400e+003,9.516532e+001
1.849882e+003,9.519989e+001
1.850364e+003,9.523079e+001
1.850846e+003,9.524462e+001
1.851328e+003,9.523917e+001
1.851810e+003,9.522385e+001
1.852292e+003,9.521379e+001
1.852774e+003,9.522069e+001
1.853256e+003,9.524554e+001
1.853739e+003,9.527766e+001
1.854221e+003,9.530044e+001
1.854703e+003,9.530129e+001
1.855185e+003,9.527912e+001
1.855667e+003,9.524522e+001
1.856149e+003,9.521715e+001
1.856631e+003,9.520966e+001
1.857113e+003,9.522657e+001
1.857596e+003,9.525908e+001
1.858078e+003,9.529102e+001
1.858560e+003,9.530824e+001
1.859042e+003,9.530699e+001
1.859524e+003,9.529520e+001
1.860006e+003,9.528701e+001
1.860488e+003,9.529346e+001
1.860970e+003,9.531528e+001
1.861453e+003,9.534198e+001
1.861935e+003,9.535818e+001
1.862417e+003,9.535299e+001
1.862899e+003,9.532696e+001
1.863381e+003,9.529232e+001
1.863863e+003,9.526666e+001
1.864345e+003,9.526414e+001
1.864827e+003,9.528818e+001
1.865309e+003,9.532993e+001
1.865792e+003,9.537226e+001
1.866274e+003,9.539841e+001
1.866756e+003,9.540088e+001
1.867238e+003,9.538631e+001
1.867720e+003,9.537197e+001
1.868202e+003,9.537392e+001
1.868684e+003,9.539288e+001
1.869166e+003,9.541185e+001
1.869648e+003,9.540862e+001
1.870131e+003,9.537300e+001
1.870613e+003,9.531281e+001
1.871095e+003,9.524719e+001
1.871577e+003,9.519548e+001
1.872059e+003,9.516905e+001
1.872541e+003,9.516734e+001
1.873023e+003,9.517962e+001
1.873505e+003,9.519066e+001
1.873988e+003,9.518917e+001
1.874470e+003,9.517389e+001
1.874952e+003,9.515448e+001
1.875434e+003,9.514555e+001
1.875916e+003,9.515765e+001
1.876398e+003,9.519036e+001
1.876880e+003,9.523148e+001
1.877362e+003,9.526337e+001
1.877844e+003,9.527266e+001
1.878327e+003,9.525775e+001
1.878809e+003,9.522976e+001
1.879291e+003,9.520578e+001
1.879773e+003,9.519897e+001
1.880255e+003,9.521104e+001
1.880737e+003,9.523151e+001
1.881219e+003,9.524401e+001
1.881701e+003,9.523641e+001
1.882183e+003,9.520821e+001
1.882666e+003,9.517113e+001
1.883148e+003,9.514263e+001
1.883630e+003,9.513584e+001
1.884112e+003,9.515131e+001
1.884594e+003,9.517618e+001
1.885076e+003,9.519086e+001
1.885558e+003,9.518074e+001
1.886040e+003,9.514435e+001
1.886523e+003,9.509435e+001
1.887005e+003,9.505039e+001
1.887487e+003,9.502946e+001
1.887969e+003,9.503666e+001
1.888451e+003,9.506168e+001
1.888933e+003,9.508292e+001
1.889415e+003,9.507973e+001
1.889897e+003,9.504643e+001
1.890380e+003,9.499619e+001
1.890862e+003,9.495139e+001
1.891344e+003,9.492909e+001
1.891826e+003,9.493240e+001
1.892308e+003,9.495101e+001
1.892790e+003,9.496812e+001
1.893272e+003,9.496944e+001
1.893754e+003,9.495073e+001
1.894236e+003,9.492001e+001
1.894719e+003,9.489279e+001
1.895201e+003,9.488205e+001
1.895683e+003,9.488897e+001
1.896165e+003,9.490181e+001
1.896647e+003,9.490331e+001
1.897129e+003,9.488152e+001
1.897611e+003,9.483736e+001
1.898093e+003,9.478413e+001
1.898575e+003,9.474014e+001
1.899058e+003,9.471881e+001
1.899540e+003,9.472141e+001
1.900022e+003,9.473606e+001
1.900504e+003,9.474412e+001
1.900986e+003,9.473071e+001
1.901468e+003,9.469321e+001
1.901950e+003,9.464314e+001
1.902432e+003,9.459947e+001
1.902915e+003,9.457816e+001
1.903397e+003,9.458342e+001
1.903879e+003,9.460619e+001
1.904361e+003,9.462996e+001
1.904843e+003,9.464097e+001
1.905325e+003,9.463638e+001
1.905807e+003,9.462580e+001
1.906289e+003,9.462518e+001
1.906771e+003,9.464691e+001
1.907254e+003,9.469183e+001
1.907736e+003,9.474756e+001
1.908218e+003,9.479439e+001
1.908700e+003,9.481682e+001
1.909182e+003,9.481379e+001
1.909664e+003,9.480040e+001
1.910146e+003,9.479881e+001
1.910628e+003,9.482449e+001
1.911110e+003,9.487699e+001
1.911593e+003,9.494053e+001
1.912075e+003,9.499309e+001
1.912557e+003,9.501860e+001
1.913039e+003,9.501511e+001
1.913521e+003,9.499557e+001
1.914003e+003,9.498017e+001
1.914485e+003,9.498560e+001
1.914967e+003,9.501657e+001
1.915450e+003,9.506391e+001
1.915932e+003,9.510969e+001
1.916414e+003,9.513731e+001
1.916896e+003,9.514146e+001
1.917378e+003,9.513280e+001
1.917860e+003,9.513184e+001
1.918342e+003,9.515553e+001
1.918824e+003,9.520458e+001
1.919307e+003,9.526363e+001
1.919789e+003,9.531152e+001
1.920271e+003,9.533404e+001
1.920753e+003,9.533100e+001
1.921235e+003,9.531611e+001
1.921717e+003,9.530948e+001
1.922199e+003,9.532652e+001
1.922681e+003,9.536698e+001
1.923163e+003,9.541341e+001
1.923646e+003,9.544188e+001
1.924128e+003,9.543848e+001
1.924610e+003,9.540856e+001
1.925092e+003,9.537276e+001
1.925574e+003,9.535467e+001
1.926056e+003,9.536830e+001
1.926538e+003,9.541065e+001
1.927020e+003,9.546281e+001
1.927502e+003,9.549906e+001
1.927985e+003,9.550114e+001
1.928467e+003,9.546902e+001
1.928949e+003,9.542164e+001
1.929431e+003,9.538643e+001
1.929913e+003,9.538402e+001
1.930395e+003,9.541669e+001
1.930877e+003,9.546680e+001
1.931359e+003,9.550608e+001
1.931842e+003,9.551173e+001
1.932324e+003,9.547944e+001
1.932806e+003,9.542590e+001
1.933288e+003,9.537888e+001
1.933770e+003,9.536141e+001
1.934252e+003,9.537862e+001
1.934734e+003,9.541533e+001
1.935216e+003,9.544509e+001
1.935698e+003,9.544630e+001
1.936181e+003,9.541533e+001
1.936663e+003,9.536883e+001
1.937145e+003,9.533414e+001
1.937627e+003,9.533331e+001
1.938109e+003,9.537038e+001
1.938591e+003,9.542854e+001
1.939073e+003,9.547939e+001
1.939555e+003,9.549835e+001
1.940037e+003,9.547837e+001
1.940520e+003,9.543396e+001
1.941002e+003,9.539397e+001
1.941484e+003,9.538596e+001
1.941966e+003,9.541902e+001
1.942448e+003,9.547643e+001
1.942930e+003,9.552502e+001
1.943412e+003,9.553862e+001
1.943894e+003,9.551603e+001
1.944377e+003,9.548103e+001
1.944859e+003,9.546584e+001
1.945341e+003,9.549205e+001
1.945823e+003,9.555815e+001
1.946305e+003,9.563965e+001
1.946787e+003,9.570105e+001
1.947269e+003,9.571590e+001
1.947751e+003,9.568206e+001
1.948234e+003,9.562328e+001
1.948716e+003,9.557488e+001
1.949198e+003,9.556395e+001
1.949680e+003,9.559412e+001
1.950162e+003,9.564382e+001
1.950644e+003,9.567799e+001
1.951126e+003,9.566924e+001
1.951608e+003,9.561495e+001
1.952090e+003,9.554003e+001
1.952573e+003,9.548303e+001
1.953055e+003,9.547535e+001
1.953537e+003,9.552381e+001
1.954019e+003,9.560645e+001
1.954501e+003,9.568338e+001
1.954983e+003,9.571893e+001
1.955465e+003,9.570177e+001
1.955947e+003,9.565055e+001
1.956429e+003,9.560134e+001
1.956912e+003,9.558584e+001
1.957394e+003,9.561202e+001
1.957876e+003,9.565832e+001
1.958358e+003,9.568478e+001
1.958840e+003,9.565739e+001
1.959322e+003,9.557232e+001
1.959804e+003,9.546067e+001
1.960286e+003,9.537061e+001
1.960769e+003,9.533954e+001
1.961251e+003,9.537352e+001
1.961733e+003,9.544453e+001
1.962215e+003,9.550682e+001
1.962697e+003,9.552345e+001
1.963179e+003,9.548793e+001
1.963661e+003,9.542825e+001
1.964143e+003,9.538941e+001
1.964625e+003,9.540808e+001
1.965108e+003,9.549042e+001
1.965590e+003,9.560491e+001
1.966072e+003,9.569520e+001
1.966554e+003,9.571145e+001
1.967036e+003,9.564262e+001
1.967518e+003,9.552673e+001
1.968000e+003,9.542810e+001
1.968482e+003,9.539954e+001
1.968964e+003,9.545491e+001
1.969447e+003,9.556597e+001
1.969929e+003,9.568129e+001
1.970411e+003,9.575546e+001
1.970893e+003,9.577405e+001
1.971375e+003,9.575949e+001
1.971857e+003,9.575521e+001
1.972339e+003,9.579813e+001
1.972821e+003,9.589417e+001
1.973304e+003,9.601234e+001
1.973786e+003,9.609929e+001
1.974268e+003,9.610978e+001
1.974750e+003,9.603315e+001
1.975232e+003,9.589993e+001
1.975714e+003,9.576198e+001
1.976196e+003,9.566202e+001
1.976678e+003,9.560899e+001
1.977161e+003,9.557578e+001
1.977643e+003,9.551881e+001
1.978125e+003,9.541055e+001
1.978607e+003,9.526221e+001
1.979089e+003,9.512102e+001
1.979571e+003,9.504337e+001
1.980053e+003,9.506403e+001
1.980535e+003,9.517737e+001
1.981017e+003,9.534019e+001
1.981500e+003,9.549149e+001
1.981982e+003,9.558180e+001
1.982464e+003,9.559520e+001
1.982946e+003,9.555305e+001
1.983428e+003,9.549696e+001
1.983910e+003,9.546429e+001
1.984392e+003,9.546857e+001
1.984874e+003,9.549633e+001
1.985356e+003,9.551878e+001
1.985839e+003,9.551212e+001
1.986321e+003,9.547346e+001
1.986803e+003,9.542337e+001
1.987285e+003,9.539214e+001
1.987767e+003,9.539994e+001
1.988249e+003,9.544264e+001
1.988731e+003,9.549243e+001
1.989213e+003,9.551281e+001
1.989696e+003,9.547993e+001
1.990178e+003,9.539838e+001
1.990660e+003,9.530052e+001
1.991142e+003,9.522935e+001
1.991624e+003,9.521420e+001
1.992106e+003,9.525250e+001
1.992588e+003,9.530943e+001
1.993070e+003,9.533862e+001
1.993552e+003,9.531099e+001
1.994035e+003,9.523116e+001
1.994517e+003,9.513289e+001
1.994999e+003,9.505773e+001
1.995481e+003,9.503339e+001
1.995963e+003,9.505952e+001
1.996445e+003,9.510892e+001
1.996927e+003,9.514145e+001
1.997409e+003,9.512716e+001
1.997891e+003,9.506425e+001
1.998374e+003,9.498136e+001
1.998856e+003,9.492120e+001
1.999338e+003,9.491775e+001
1.999820e+003,9.497845e+001
2.000302e+003,9.508167e+001
2.000784e+003,9.518987e+001
2.001266e+003,9.527232e+001
2.001748e+003,9.532317e+001
2.002231e+003,9.536445e+001
2.002713e+003,9.543060e+001
2.003195e+003,9.554563e+001
2.003677e+003,9.570462e+001
2.004159e+003,9.587132e+001
2.004641e+003,9.599287e+001
2.005123e+003,9.602787e+001
2.005605e+003,9.597040e+001
2.006088e+003,9.585548e+001
2.006570e+003,9.573985e+001
2.007052e+003,9.567226e+001
2.007534e+003,9.566809e+001
2.008016e+003,9.570507e+001
2.008498e+003,9.573829e+001
2.008980e+003,9.573084e+001
2.009462e+003,9.567684e+001
2.009944e+003,9.560500e+001
2.010427e+003,9.555868e+001
2.010909e+003,9.556905e+001
2.011391e+003,9.563422e+001
2.011873e+003,9.571833e+001
2.012355e+003,9.576887e+001
2.012837e+003,9.574651e+001
2.013319e+003,9.564832e+001
2.013801e+003,9.551070e+001
2.014283e+003,9.538963e+001
2.014766e+003,9.533219e+001
2.015248e+003,9.535368e+001
2.015730e+003,9.543062e+001
2.016212e+003,9.551402e+001
2.016694e+003,9.555738e+001
2.017176e+003,9.554453e+001
2.017658e+003,9.549843e+001
2.018140e+003,9.546341e+001
2.018623e+003,9.547559e+001
2.019105e+003,9.553988e+001
2.019587e+003,9.562829e+001
2.020069e+003,9.569627e+001
2.020551e+003,9.570995e+001
2.021033e+003,9.566707e+001
2.021515e+003,9.559900e+001
2.021997e+003,9.555206e+001
2.022479e+003,9.556109e+001
2.022962e+003,9.562862e+001
2.023444e+003,9.572265e+001
2.023926e+003,9.579282e+001
2.024408e+003,9.579945e+001
2.024890e+003,9.573676e+001
2.025372e+003,9.563699e+001
2.025854e+003,9.555119e+001
2.026336e+003,9.552115e+001
2.026818e+003,9.555768e+001
2.027301e+003,9.563614e+001
2.027783e+003,9.571197e+001
2.028265e+003,9.574772e+001
2.028747e+003,9.573636e+001
2.029229e+003,9.570562e+001
2.029711e+003,9.569933e+001
2.030193e+003,9.575037e+001
2.030675e+003,9.585944e+001
2.031158e+003,9.599209e+001
2.031640e+003,9.609510e+001
2.032122e+003,9.612371e+001
2.032604e+003,9.606454e+001
2.033086e+003,9.594104e+001
2.033568e+003,9.579596e+001
2.034050e+003,9.566708e+001
2.034532e+003,9.556763e+001
2.035015e+003,9.548512e+001
2.035497e+003,9.539570e+001
2.035979e+003,9.528545e+001
2.036461e+003,9.516463e+001
2.036943e+003,9.506464e+001
2.037425e+003,9.501897e+001
2.037907e+003,9.504384e+001
2.038389e+003,9.512547e+001
2.038871e+003,9.522466e+001
2.039354e+003,9.529417e+001
2.039836e+003,9.530281e+001
2.040318e+003,9.525162e+001
2.040800e+003,9.517344e+001
2.041282e+003,9.511336e+001
2.041764e+003,9.510443e+001
2.042246e+003,9.515028e+001
2.042728e+003,9.522586e+001
2.043210e+003,9.529277e+001
2.043693e+003,9.532239e+001
2.044175e+003,9.531134e+001
2.044657e+003,9.528203e+001
2.045139e+003,9.526722e+001
2.045621e+003,9.529005e+001
2.046103e+003,9.534926e+001
2.046585e+003,9.541930e+001
2.047067e+003,9.546339e+001
2.047550e+003,9.545406e+001
2.048032e+003,9.538867e+001
2.048514e+003,9.529033e+001
2.048996e+003,9.519393e+001
2.049478e+003,9.512741e+001
2.049960e+003,9.509840e+001
2.050442e+003,9.509439e+001
2.050924e+003,9.509335e+001
2.051406e+003,9.507897e+001
2.051889e+003,9.505003e+001
2.052371e+003,9.502068e+001
2.052853e+003,9.501051e+001
2.053335e+003,9.503275e+001
2.053817e+003,9.508558e+001
2.054299e+003,9.515258e+001
2.054781e+003,9.521132e+001
2.055263e+003,9.524643e+001
2.055746e+003,9.525823e+001
2.056228e+003,9.526253e+001
2.056710e+003,9.527995e+001
2.057192e+003,9.532363e+001
2.057674e+003,9.539038e+001
2.058156e+003,9.546148e+001
2.058638e+003,9.551180e+001
2.059120e+003,9.552356e+001
2.059603e+003,9.549608e+001
2.060084e+003,9.544632e+001
2.060567e+003,9.539928e+001
2.061049e+003,9.537499e+001
2.061531e+003,9.537875e+001
2.062013e+003,9.539993e+001
2.062495e+003,9.541962e+001
2.062977e+003,9.542236e+001
2.063459e+003,9.540488e+001
2.063941e+003,9.537777e+001
2.064424e+003,9.535780e+001
2.064906e+003,9.535673e+001
2.065388e+003,9.537311e+001
2.065870e+003,9.539250e+001
2.066352e+003,9.539597e+001
2.066834e+003,9.537226e+001
2.067316e+003,9.532495e+001
2.067798e+003,9.527177e+001
2.068281e+003,9.523470e+001
2.068763e+003,9.522877e+001
2.069245e+003,9.525394e+001
2.069727e+003,9.529530e+001
2.070209e+003,9.533062e+001
2.070691e+003,9.534252e+001
2.071173e+003,9.532734e+001
2.071655e+003,9.529656e+001
2.072137e+003,9.526921e+001
2.072620e+003,9.526128e+001
2.073102e+003,9.527711e+001
2.073584e+003,9.530832e+001
2.074066e+003,9.533958e+001
2.074548e+003,9.535874e+001
2.075030e+003,9.536382e+001
2.075512e+003,9.536382e+001
2.075994e+003,9.537171e+001
2.076477e+003,9.539536e+001
2.076959e+003,9.543058e+001
2.077441e+003,9.546172e+001
2.077923e+003,9.546914e+001
2.078405e+003,9.543990e+001
2.078887e+003,9.537560e+001
2.079369e+003,9.529270e+001
2.079851e+003,9.521477e+001
2.080333e+003,9.516167e+001
2.080816e+003,9.514101e+001
2.081298e+003,9.514626e+001
2.081780e+003,9.516184e+001
2.082262e+003,9.517268e+001
2.082744e+003,9.517222e+001
2.083226e+003,9.516530e+001
2.083708e+003,9.516354e+001
2.084190e+003,9.517796e+001
2.084673e+003,9.521160e+001
2.085155e+003,9.525777e+001
2.085637e+003,9.530344e+001
2.086119e+003,9.533671e+001
2.086601e+003,9.535296e+001
2.087083e+003,9.535686e+001
2.087565e+003,9.535835e+001
2.088047e+003,9.536625e+001
2.088530e+003,9.538234e+001
2.089011e+003,9.540052e+001
2.089494e+003,9.541071e+001
2.089976e+003,9.540575e+001
2.090458e+003,9.538679e+001
2.090940e+003,9.536385e+001
2.091422e+003,9.535062e+001
2.091904e+003,9.535705e+001
2.092386e+003,9.538375e+001
2.092868e+003,9.542113e+001
2.093351e+003,9.545425e+001
2.093833e+003,9.547021e+001
2.094315e+003,9.546450e+001
2.094797e+003,9.544279e+001
2.095279e+003,9.541651e+001
2.095761e+003,9.539570e+001
2.096243e+003,9.538341e+001
2.096725e+003,9.537450e+001
2.097208e+003,9.536044e+001
2.097690e+003,9.533617e+001
2.098172e+003,9.530503e+001
2.098654e+003,9.527866e+001
2.099136e+003,9.527102e+001
2.099618e+003,9.529069e+001
2.100100e+003,9.533521e+001
2.100582e+003,9.539137e+001
2.101064e+003,9.544121e+001
2.101547e+003,9.547066e+001
2.102029e+003,9.547646e+001
2.102511e+003,9.546717e+001
2.102993e+003,9.545734e+001
2.103475e+003,9.545957e+001
2.103957e+003,9.547720e+001
2.104439e+003,9.550320e+001
2.104921e+003,9.552431e+001
2.105404e+003,9.552905e+001
2.105886e+003,9.551442e+001
2.106368e+003,9.548748e+001
2.106850e+003,9.546133e+001
2.107332e+003,9.544765e+001
2.107814e+003,9.545048e+001
2.108296e+003,9.546477e+001
2.108778e+003,9.547990e+001
2.109260e+003,9.548672e+001
2.109743e+003,9.548291e+001
2.110225e+003,9.547459e+001
2.110707e+003,9.547197e+001
2.111189e+003,9.548314e+001
2.111671e+003,9.550845e+001
2.112153e+003,9.553983e+001
2.112635e+003,9.556483e+001
2.113117e+003,9.557340e+001
2.113600e+003,9.556367e+001
2.114082e+003,9.554289e+001
2.114564e+003,9.552336e+001
2.115046e+003,9.551549e+001
2.115528e+003,9.552235e+001
2.116010e+003,9.553835e+001
2.116492e+003,9.555312e+001
2.116974e+003,9.555812e+001
2.117457e+003,9.555201e+001
2.117938e+003,9.554181e+001
2.118421e+003,9.553879e+001
2.118903e+003,9.555196e+001
2.119385e+003,9.558249e+001
2.119867e+003,9.562213e+001
2.120349e+003,9.565699e+001
2.120831e+003,9.567455e+001
2.121313e+003,9.566992e+001
2.121795e+003,9.564807e+001
2.122278e+003,9.562064e+001
2.122760e+003,9.559950e+001
2.123242e+003,9.559095e+001
2.123724e+003,9.559313e+001
2.124206e+003,9.559859e+001
2.124688e+003,9.559989e+001
2.125170e+003,9.559467e+001
2.125652e+003,9.558738e+001
2.126135e+003,9.558609e+001
2.126617e+003,9.559709e+001
2.127099e+003,9.561984e+001
2.127581e+003,9.564643e+001
2.128063e+003,9.566511e+001
2.128545e+003,9.566746e+001
2.129027e+003,9.565359e+001
2.129509e+003,9.563339e+001
2.129991e+003,9.562180e+001
2.130474e+003,9.563145e+001
2.130956e+003,9.566589e+001
2.131438e+003,9.571783e+001
2.131920e+003,9.577316e+001
2.132402e+003,9.581884e+001
2.132884e+003,9.585014e+001
2.133366e+003,9.587305e+001
2.133848e+003,9.589995e+001
2.134331e+003,9.594144e+001
2.134813e+003,9.599838e+001
2.135295e+003,9.606020e+001
2.135777e+003,9.610989e+001
2.136259e+003,9.613380e+001
2.136741e+003,9.613000e+001
2.137223e+003,9.611011e+001
2.137705e+003,9.609195e+001
2.138188e+003,9.608965e+001
2.138670e+003,9.610464e+001
2.139152e+003,9.612459e+001
2.139634e+003,9.613048e+001
2.140116e+003,9.610860e+001
2.140598e+003,9.606008e+001
2.141080e+003,9.600298e+001
2.141562e+003,9.596342e+001
2.142044e+003,9.596275e+001
2.142527e+003,9.600558e+001
2.143009e+003,9.607696e+001
2.143491e+003,9.614885e+001
2.143973e+003,9.619424e+001
2.144455e+003,9.620101e+001
2.144937e+003,9.617741e+001
2.145419e+003,9.614668e+001
2.145901e+003,9.613401e+001
2.146384e+003,9.615283e+001
2.146865e+003,9.619843e+001
2.147348e+003,9.625227e+001
2.147830e+003,9.629346e+001
2.148312e+003,9.631096e+001
2.148794e+003,9.631030e+001
2.149276e+003,9.630829e+001
2.149758e+003,9.632232e+001
2.150240e+003,9.635965e+001
2.150722e+003,9.641306e+001
2.151205e+003,9.646606e+001
2.151687e+003,9.650433e+001
2.152169e+003,9.652569e+001
2.152651e+003,9.654316e+001
2.153133e+003,9.657646e+001
2.153615e+003,9.663921e+001
2.154097e+003,9.672804e+001
2.154579e+003,9.682063e+001
2.155062e+003,9.688548e+001
2.155544e+003,9.689907e+001
2.156026e+003,9.686102e+001
2.156508e+003,9.679776e+001
2.156990e+003,9.674921e+001
2.157472e+003,9.674709e+001
2.157954e+003,9.679450e+001
2.158436e+003,9.686018e+001
2.158918e+003,9.689316e+001
2.159401e+003,9.685202e+001
2.159883e+003,9.672975e+001
2.160365e+003,9.655849e+001
2.160847e+003,9.638859e+001
2.161329e+003,9.626206e+001
2.161811e+003,9.619281e+001
2.162293e+003,9.616502e+001
2.162775e+003,9.614644e+001
2.163258e+003,9.610889e+001
2.163740e+003,9.604373e+001
2.164222e+003,9.596481e+001
2.164704e+003,9.589744e+001
2.165186e+003,9.586259e+001
2.165668e+003,9.586421e+001
2.166150e+003,9.588802e+001
2.166632e+003,9.591048e+001
2.167115e+003,9.591344e+001
2.167597e+003,9.589517e+001
2.168079e+003,9.587080e+001
2.168561e+003,9.586233e+001
2.169043e+003,9.588483e+001
2.169525e+003,9.593707e+001
2.170007e+003,9.600103e+001
2.170489e+003,9.605162e+001
2.170971e+003,9.607048e+001
2.171454e+003,9.605662e+001
2.171936e+003,9.602653e+001
2.172418e+003,9.600476e+001
2.172900e+003,9.600922e+001
2.173382e+003,9.604134e+001
2.173864e+003,9.608460e+001
2.174346e+003,9.611345e+001
2.174828e+003,9.610778e+001
2.175311e+003,9.606441e+001
2.175792e+003,9.599869e+001
2.176275e+003,9.593451e+001
2.176757e+003,9.589059e+001
2.177239e+003,9.586998e+001
2.177721e+003,9.585987e+001
2.178203e+003,9.584036e+001
2.178685e+003,9.579877e+001
2.179167e+003,9.573897e+001
2.179649e+003,9.568192e+001
2.180132e+003,9.565374e+001
2.180614e+003,9.567129e+001
2.181096e+003,9.573069e+001
2.181578e+003,9.580672e+001
2.182060e+003,9.586310e+001
2.182542e+003,9.587041e+001
2.183024e+003,9.582039e+001
2.183506e+003,9.572938e+001
2.183989e+003,9.562856e+001
2.184471e+003,9.554827e+001
2.184953e+003,9.550432e+001
2.185435e+003,9.549333e+001
2.185917e+003,9.549840e+001
2.186399e+003,9.550113e+001
2.186881e+003,9.549238e+001
2.187363e+003,9.547629e+001
2.187845e+003,9.546481e+001
2.188328e+003,9.546819e+001
2.188810e+003,9.548622e+001
2.189292e+003,9.550728e+001
2.189774e+003,9.551424e+001
2.190256e+003,9.549508e+001
2.190738e+003,9.545099e+001
2.191220e+003,9.539710e+001
2.191702e+003,9.535467e+001
2.192185e+003,9.533967e+001
2.192667e+003,9.535393e+001
2.193149e+003,9.538396e+001
2.193631e+003,9.540728e+001
2.194113e+003,9.540445e+001
2.194595e+003,9.536879e+001
2.195077e+003,9.530984e+001
2.195559e+003,9.524689e+001
2.196042e+003,9.519910e+001
2.196524e+003,9.517534e+001
2.197006e+003,9.517125e+001
2.197488e+003,9.517317e+001
2.197970e+003,9.516742e+001
2.198452e+003,9.514818e+001
2.198934e+003,9.512150e+001
2.199416e+003,9.510069e+001
2.199898e+003,9.509870e+001
2.200381e+003,9.512055e+001
2.200863e+003,9.516040e+001
2.201345e+003,9.520512e+001
2.201827e+003,9.524168e+001
2.202309e+003,9.526416e+001
2.202791e+003,9.527615e+001
2.203273e+003,9.528751e+001
2.203755e+003,9.530776e+001
2.204238e+003,9.533984e+001
2.204719e+003,9.537843e+001
2.205202e+003,9.541339e+001
2.205684e+003,9.543565e+001
2.206166e+003,9.544290e+001
2.206648e+003,9.544040e+001
2.207130e+003,9.543683e+001
2.207612e+003,9.543856e+001
2.208094e+003,9.544506e+001
2.208576e+003,9.544901e+001
2.209059e+003,9.544107e+001
2.209541e+003,9.541653e+001
2.210023e+003,9.537938e+001
2.210505e+003,9.534189e+001
2.210987e+003,9.531794e+001
2.211469e+003,9.531584e+001
2.211951e+003,9.533330e+001
2.212433e+003,9.535777e+001
2.212916e+003,9.537266e+001
2.213398e+003,9.536575e+001
2.213880e+003,9.533537e+001
2.214362e+003,9.529118e+001
2.214844e+003,9.524881e+001
2.215326e+003,9.522166e+001
2.215808e+003,9.521467e+001
2.216290e+003,9.522292e+001
2.216772e+003,9.523574e+001
2.217255e+003,9.524318e+001
2.217737e+003,9.524172e+001
2.218219e+003,9.523547e+001
2.218701e+003,9.523220e+001
2.219183e+003,9.523771e+001
2.219665e+003,9.525151e+001
2.220147e+003,9.526655e+001
2.220629e+003,9.527357e+001
2.221112e+003,9.526712e+001
2.221594e+003,9.524954e+001
2.222076e+003,9.523047e+001
2.222558e+003,9.522133e+001
2.223040e+003,9.522922e+001
2.223522e+003,9.525239e+001
2.224004e+003,9.528103e+001
2.224486e+003,9.530254e+001
2.224969e+003,9.530882e+001
2.225451e+003,9.530067e+001
2.225933e+003,9.528783e+001
2.226415e+003,9.528278e+001
2.226897e+003,9.529359e+001
2.227379e+003,9.531851e+001
2.227861e+003,9.534597e+001
2.228343e+003,9.536009e+001
2.228825e+003,9.534862e+001
2.229308e+003,9.530923e+001
2.229790e+003,9.525103e+001
2.230272e+003,9.518967e+001
2.230754e+003,9.514053e+001
2.231236e+003,9.511195e+001
2.231718e+003,9.510320e+001
2.232200e+003,9.510682e+001
2.232682e+003,9.511427e+001
2.233165e+003,9.512051e+001
2.233646e+003,9.512606e+001
2.234129e+003,9.513437e+001
2.234611e+003,9.514764e+001
2.235093e+003,9.516338e+001
2.235575e+003,9.517445e+001
2.236057e+003,9.517262e+001
2.236539e+003,9.515356e+001
2.237021e+003,9.512070e+001
2.237503e+003,9.508474e+001
2.237986e+003,9.505882e+001
2.238468e+003,9.505263e+001
2.238950e+003,9.506763e+001
2.239432e+003,9.509644e+001
2.239914e+003,9.512652e+001
2.240396e+003,9.514649e+001
2.240878e+003,9.515115e+001
2.241360e+003,9.514336e+001
2.241843e+003,9.513094e+001
2.242325e+003,9.512180e+001
2.242807e+003,9.511948e+001
2.243289e+003,9.512151e+001
2.243771e+003,9.512148e+001
2.244253e+003,9.511378e+001
2.244735e+003,9.509706e+001
2.245217e+003,9.507549e+001
2.245699e+003,9.505614e+001
2.246182e+003,9.504496e+001
2.246664e+003,9.504328e+001
2.247146e+003,9.504716e+001
2.247628e+003,9.504982e+001
2.248110e+003,9.504599e+001
2.248592e+003,9.503510e+001
2.249074e+003,9.502202e+001
2.249556e+003,9.501403e+001
2.250039e+003,9.501693e+001
2.250521e+003,9.503131e+001
2.251003e+003,9.505209e+001
2.251485e+003,9.507085e+001
2.251967e+003,9.507996e+001
2.252449e+003,9.507629e+001
2.252931e+003,9.506227e+001
2.253413e+003,9.504368e+001
2.253896e+003,9.502637e+001
2.254378e+003,9.501321e+001
2.254860e+003,9.500337e+001
2.255342e+003,9.499403e+001
2.255824e+003,9.498367e+001
2.256306e+003,9.497369e+001
2.256788e+003,9.496844e+001
2.257270e+003,9.497231e+001
2.257752e+003,9.498656e+001
2.258235e+003,9.500736e+001
2.258717e+003,9.502691e+001
2.259199e+003,9.503671e+001
2.259681e+003,9.503214e+001
2.260163e+003,9.501484e+001
2.260645e+003,9.499242e+001
2.261127e+003,9.497453e+001
2.261609e+003,9.496819e+001
2.262092e+003,9.497436e+001
2.262573e+003,9.498759e+001
2.263056e+003,9.499901e+001
2.263538e+003,9.500118e+001
2.264020e+003,9.499176e+001
2.264502e+003,9.497457e+001
2.264984e+003,9.495703e+001
2.265466e+003,9.494638e+001
2.265948e+003,9.494556e+001
2.266430e+003,9.495248e+001
2.266913e+003,9.496141e+001
2.267395e+003,9.496668e+001
2.267877e+003,9.496579e+001
2.268359e+003,9.496040e+001
2.268841e+003,9.495489e+001
2.269323e+003,9.495309e+001
2.269805e+003,9.495601e+001
2.270287e+003,9.496088e+001
2.270770e+003,9.496298e+001
2.271252e+003,9.495843e+001
2.271734e+003,9.494647e+001
2.272216e+003,9.493015e+001
2.272698e+003,9.491442e+001
2.273180e+003,9.490328e+001
2.273662e+003,9.489796e+001
2.274144e+003,9.489624e+001
2.274626e+003,9.489439e+001
2.275109e+003,9.488955e+001
2.275591e+003,9.488174e+001
2.276073e+003,9.487380e+001
2.276555e+003,9.486939e+001
2.277037e+003,9.487038e+001
2.277519e+003,9.487513e+001
2.278001e+003,9.487873e+001
2.278483e+003,9.487528e+001
2.278966e+003,9.486099e+001
2.279448e+003,9.483633e+001
2.279930e+003,9.480608e+001
2.280412e+003,9.477708e+001
2.280894e+003,9.475516e+001
2.281376e+003,9.474250e+001
2.281858e+003,9.473723e+001
2.282340e+003,9.473489e+001
2.282823e+003,9.473110e+001
2.283305e+003,9.472381e+001
2.283787e+003,9.471403e+001
2.284269e+003,9.470464e+001
2.284751e+003,9.469837e+001
2.285233e+003,9.469596e+001
2.285715e+003,9.469573e+001
2.286197e+003,9.469479e+001
2.286679e+003,9.469098e+001
2.287162e+003,9.468433e+001
2.287644e+003,9.467741e+001
2.288126e+003,9.467386e+001
2.288608e+003,9.467633e+001
2.289090e+003,9.468479e+001
2.289572e+003,9.469629e+001
2.290054e+003,9.470617e+001
2.290536e+003,9.471050e+001
2.291019e+003,9.470780e+001
2.291500e+003,9.469983e+001
2.291983e+003,9.469067e+001
2.292465e+003,9.468447e+001
2.292947e+003,9.468385e+001
2.293429e+003,9.468868e+001
2.293911e+003,9.469674e+001
2.294393e+003,9.470512e+001
2.294875e+003,9.471172e+001
2.295357e+003,9.471610e+001
2.295840e+003,9.471913e+001
2.296322e+003,9.472196e+001
2.296804e+003,9.472501e+001
2.297286e+003,9.472762e+001
2.297768e+003,9.472862e+001
2.298250e+003,9.472736e+001
2.298732e+003,9.472469e+001
2.299214e+003,9.472265e+001
2.299697e+003,9.472372e+001
2.300179e+003,9.472929e+001
2.300661e+003,9.473885e+001
2.301143e+003,9.474996e+001
2.301625e+003,9.475932e+001
2.302107e+003,9.476449e+001
2.302589e+003,9.476498e+001
2.303071e+003,9.476256e+001
2.303553e+003,9.476001e+001
2.304036e+003,9.475972e+001
2.304518e+003,9.476234e+001
2.305000e+003,9.476636e+001
2.305482e+003,9.476922e+001
2.305964e+003,9.476877e+001
2.306446e+003,9.476464e+001
2.306928e+003,9.475864e+001
2.307410e+003,9.475380e+001
2.307893e+003,9.475295e+001
2.308375e+003,9.475722e+001
2.308857e+003,9.476556e+001
2.309339e+003,9.477546e+001
2.309821e+003,9.478432e+001
2.310303e+003,9.479079e+001
2.310785e+003,9.479508e+001
2.311267e+003,9.479854e+001
2.311750e+003,9.480222e+001
2.312232e+003,9.480609e+001
2.312714e+003,9.480889e+001
2.313196e+003,9.480905e+001
2.313678e+003,9.480602e+001
2.314160e+003,9.480089e+001
2.314642e+003,9.479637e+001
2.315124e+003,9.479516e+001
2.315606e+003,9.479860e+001
2.316089e+003,9.480561e+001
2.316571e+003,9.481300e+001
2.317053e+003,9.481697e+001
2.317535e+003,9.481501e+001
2.318017e+003,9.480718e+001
2.318499e+003,9.479622e+001
2.318981e+003,9.478601e+001
2.319463e+003,9.477934e+001
2.319946e+003,9.477615e+001
2.320427e+003,9.477345e+001
2.320910e+003,9.476688e+001
2.321392e+003,9.475320e+001
2.321874e+003,9.473250e+001
2.322356e+003,9.470848e+001
2.322838e+003,9.468686e+001
2.323320e+003,9.467262e+001
2.323802e+003,9.466774e+001
2.324284e+003,9.467075e+001
2.324767e+003,9.467792e+001
2.325249e+003,9.468549e+001
2.325731e+003,9.469147e+001
2.326213e+003,9.469636e+001
2.326695e+003,9.470232e+001
2.327177e+003,9.471159e+001
2.327659e+003,9.472499e+001
2.328141e+003,9.474106e+001
2.328624e+003,9.475689e+001
2.329106e+003,9.476943e+001
2.329588e+003,9.477738e+001
2.330070e+003,9.478168e+001
2.330552e+003,9.478489e+001
2.331034e+003,9.478944e+001
2.331516e+003,9.479599e+001
2.331998e+003,9.480315e+001
2.332480e+003,9.480843e+001
2.332963e+003,9.481000e+001
2.333445e+003,9.480792e+001
2.333927e+003,9.480421e+001
2.334409e+003,9.480151e+001
2.334891e+003,9.480119e+001
2.335373e+003,9.480212e+001
2.335855e+003,9.480076e+001
2.336337e+003,9.479279e+001
2.336820e+003,9.477573e+001
2.337302e+003,9.475062e+001
2.337784e+003,9.472235e+001
2.338266e+003,9.469801e+001
2.338748e+003,9.468363e+001
2.339230e+003,9.468195e+001
2.339712e+003,9.469121e+001
2.340194e+003,9.470644e+001
2.340677e+003,9.472188e+001
2.341159e+003,9.473362e+001
2.341641e+003,9.474087e+001
2.342123e+003,9.474498e+001
2.342605e+003,9.474722e+001
2.343087e+003,9.474734e+001
2.343569e+003,9.474348e+001
2.344051e+003,9.473437e+001
2.344533e+003,9.472089e+001
2.345016e+003,9.470651e+001
2.345498e+003,9.469568e+001
2.345980e+003,9.469135e+001
2.346462e+003,9.469353e+001
2.346944e+003,9.469926e+001
2.347426e+003,9.470432e+001
2.347908e+003,9.470513e+001
2.348390e+003,9.470039e+001
2.348873e+003,9.469137e+001
2.349354e+003,9.468162e+001
2.349837e+003,9.467544e+001
2.350319e+003,9.467640e+001
2.350801e+003,9.468518e+001
2.351283e+003,9.469897e+001
2.351765e+003,9.471210e+001
2.352247e+003,9.471925e+001
2.352729e+003,9.471870e+001
2.353211e+003,9.471310e+001
2.353694e+003,9.470737e+001
2.354176e+003,9.470529e+001
2.354658e+003,9.470756e+001
2.355140e+003,9.471169e+001
2.355622e+003,9.471394e+001
2.356104e+003,9.471167e+001
2.356586e+003,9.470438e+001
2.357068e+003,9.469391e+001
2.357551e+003,9.468343e+001
2.358033e+003,9.467657e+001
2.358515e+003,9.467654e+001
2.358997e+003,9.468429e+001
2.359479e+003,9.469624e+001
2.359961e+003,9.470541e+001
2.360443e+003,9.470705e+001
2.360925e+003,9.470341e+001
2.361407e+003,9.470246e+001
2.361890e+003,9.471126e+001
2.362372e+003,9.473190e+001
2.362854e+003,9.476071e+001
2.363336e+003,9.478950e+001
2.363818e+003,9.480998e+001
2.364300e+003,9.481786e+001
2.364782e+003,9.481445e+001
2.365264e+003,9.480421e+001
2.365747e+003,9.479199e+001
2.366229e+003,9.478023e+001
2.366711e+003,9.476878e+001
2.367193e+003,9.475650e+001
2.367675e+003,9.474327e+001
2.368157e+003,9.473130e+001
2.368639e+003,9.472437e+001
2.369121e+003,9.472555e+001
2.369604e+003,9.473511e+001
2.370086e+003,9.474990e+001
2.370568e+003,9.476456e+001
2.371050e+003,9.477415e+001
2.371532e+003,9.477672e+001
2.372014e+003,9.477395e+001
2.372496e+003,9.477014e+001
2.372978e+003,9.476965e+001
2.373460e+003,9.477462e+001
2.373943e+003,9.478412e+001
2.374425e+003,9.479511e+001
2.374907e+003,9.480433e+001
2.375389e+003,9.481036e+001
2.375871e+003,9.481431e+001
2.376353e+003,9.481899e+001
2.376835e+003,9.482694e+001
2.377317e+003,9.483870e+001
2.377799e+003,9.485211e+001
2.378281e+003,9.486314e+001
2.378764e+003,9.486778e+001
2.379246e+003,9.486398e+001
2.379728e+003,9.485268e+001
2.380210e+003,9.483739e+001
2.380692e+003,9.482259e+001
2.381174e+003,9.481184e+001
2.381656e+003,9.480644e+001
2.382138e+003,9.480527e+001
2.382621e+003,9.480571e+001
2.383103e+003,9.480508e+001
2.383585e+003,9.480188e+001
2.384067e+003,9.479633e+001
2.384549e+003,9.478988e+001
2.385031e+003,9.478439e+001
2.385513e+003,9.478118e+001
2.385995e+003,9.478069e+001
2.386478e+003,9.478262e+001
2.386960e+003,9.478659e+001
2.387442e+003,9.479249e+001
2.387924e+003,9.480059e+001
2.388406e+003,9.481107e+001
2.388888e+003,9.482335e+001
2.389370e+003,9.483575e+001
2.389852e+003,9.484583e+001
2.390334e+003,9.485139e+001
2.390817e+003,9.485109e+001
2.391299e+003,9.484553e+001
2.391781e+003,9.483684e+001
2.392263e+003,9.482778e+001
2.392745e+003,9.482054e+001
2.393227e+003,9.481590e+001
2.393709e+003,9.481316e+001
2.394191e+003,9.481085e+001
2.394674e+003,9.480791e+001
2.395156e+003,9.480447e+001
2.395638e+003,9.480212e+001
2.396120e+003,9.480296e+001
2.396602e+003,9.480868e+001
2.397084e+003,9.481956e+001
2.397566e+003,9.483427e+001
2.398048e+003,9.485052e+001
2.398531e+003,9.486620e+001
2.399012e+003,9.488001e+001
2.399495e+003,9.489207e+001
2.399977e+003,9.490314e+001
2.400459e+003,9.491391e+001
2.400941e+003,9.492416e+001
2.401423e+003,9.493272e+001
2.401905e+003,9.493822e+001
2.402387e+003,9.493990e+001
2.402869e+003,9.493828e+001
2.403352e+003,9.493488e+001
2.403834e+003,9.493153e+001
2.404316e+003,9.492924e+001
2.404798e+003,9.492754e+001
2.405280e+003,9.492471e+001
2.405762e+003,9.491881e+001
2.406244e+003,9.490901e+001
2.406726e+003,9.489644e+001
2.407208e+003,9.488406e+001
2.407691e+003,9.487535e+001
2.408173e+003,9.487304e+001
2.408655e+003,9.487772e+001
2.409137e+003,9.488773e+001
2.409619e+003,9.490003e+001
2.410101e+003,9.491161e+001
2.410583e+003,9.492079e+001
2.411065e+003,9.492750e+001
2.411548e+003,9.493280e+001
2.412030e+003,9.493781e+001
2.412512e+003,9.494267e+001
2.412994e+003,9.494638e+001
2.413476e+003,9.494753e+001
2.413958e+003,9.494518e+001
2.414440e+003,9.493975e+001
2.414922e+003,9.493311e+001
2.415405e+003,9.492775e+001
2.415887e+003,9.492539e+001
2.416369e+003,9.492638e+001
2.416851e+003,9.492935e+001
2.417333e+003,9.493215e+001
2.417815e+003,9.493304e+001
2.418297e+003,9.493166e+001
2.418779e+003,9.492902e+001
2.419261e+003,9.492677e+001
2.419744e+003,9.492591e+001
2.420226e+003,9.492598e+001
2.420708e+003,9.492517e+001
2.421190e+003,9.492115e+001
2.421672e+003,9.491270e+001
2.422154e+003,9.490067e+001
2.422636e+003,9.488792e+001
2.423118e+003,9.487828e+001
2.423601e+003,9.487485e+001
2.424083e+003,9.487851e+001
2.424565e+003,9.488764e+001
2.425047e+003,9.489880e+001
2.425529e+003,9.490844e+001
2.426011e+003,9.491435e+001
2.426493e+003,9.491650e+001
2.426975e+003,9.491656e+001
2.427458e+003,9.491661e+001
2.427939e+003,9.491799e+001
2.428422e+003,9.492044e+001
2.428904e+003,9.492238e+001
2.429386e+003,9.492197e+001
2.429868e+003,9.491815e+001
2.430350e+003,9.491121e+001
2.430832e+003,9.490260e+001
2.431314e+003,9.489406e+001
2.431796e+003,9.488693e+001
2.432279e+003,9.488145e+001
2.432761e+003,9.487732e+001
2.433243e+003,9.487407e+001
2.433725e+003,9.487178e+001
2.434207e+003,9.487105e+001
2.434689e+003,9.487257e+001
2.435171e+003,9.487630e+001
2.435653e+003,9.488103e+001
2.436135e+003,9.488467e+001
2.436618e+003,9.488503e+001
2.437100e+003,9.488100e+001
2.437582e+003,9.487331e+001
2.438064e+003,9.486436e+001
2.438546e+003,9.485716e+001
2.439028e+003,9.485392e+001
2.439510e+003,9.485503e+001
2.439992e+003,9.485889e+001
2.440475e+003,9.486268e+001
2.440957e+003,9.486379e+001
2.441439e+003,9.486095e+001
2.441921e+003,9.485483e+001
2.442403e+003,9.484732e+001
2.442885e+003,9.484064e+001
2.443367e+003,9.483616e+001
2.443849e+003,9.483405e+001
2.444332e+003,9.483356e+001
2.444814e+003,9.483372e+001
2.445296e+003,9.483405e+001
2.445778e+003,9.483472e+001
2.446260e+003,9.483614e+001
2.446742e+003,9.483810e+001
2.447224e+003,9.483969e+001
2.447706e+003,9.483916e+001
2.448188e+003,9.483508e+001
2.448671e+003,9.482716e+001
2.449153e+003,9.481680e+001
2.449635e+003,9.480677e+001
2.450117e+003,9.479998e+001
2.450599e+003,9.479824e+001
2.451081e+003,9.480132e+001
2.451563e+003,9.480708e+001
2.452045e+003,9.481264e+001
2.452528e+003,9.481583e+001
2.453010e+003,9.481621e+001
2.453492e+003,9.481534e+001
2.453974e+003,9.481560e+001
2.454456e+003,9.481889e+001
2.454938e+003,9.482536e+001
2.455420e+003,9.483309e+001
2.455902e+003,9.483903e+001
2.456385e+003,9.484036e+001
2.456866e+003,9.483585e+001
2.457349e+003,9.482652e+001
2.457831e+003,9.481488e+001
2.458313e+003,9.480383e+001
2.458795e+003,9.479543e+001
2.459277e+003,9.479009e+001
2.459759e+003,9.478699e+001
2.460241e+003,9.478475e+001
2.460723e+003,9.478248e+001
2.461206e+003,9.478014e+001
2.461688e+003,9.477835e+001
2.462170e+003,9.477761e+001
2.462652e+003,9.477766e+001
2.463134e+003,9.477740e+001
2.463616e+003,9.477554e+001
2.464098e+003,9.477118e+001
2.464580e+003,9.476480e+001
2.465063e+003,9.475810e+001
2.465545e+003,9.475328e+001
2.466027e+003,9.475197e+001
2.466509e+003,9.475422e+001
2.466991e+003,9.475848e+001
2.467473e+003,9.476213e+001
2.467955e+003,9.476273e+001
2.468437e+003,9.475907e+001
2.468919e+003,9.475156e+001
2.469402e+003,9.474191e+001
2.469884e+003,9.473212e+001
2.470366e+003,9.472371e+001
2.470848e+003,9.471715e+001
2.471330e+003,9.471231e+001
2.471812e+003,9.470889e+001
2.472294e+003,9.470707e+001
2.472776e+003,9.470753e+001
2.473259e+003,9.471075e+001
2.473741e+003,9.471642e+001
2.474223e+003,9.472293e+001
2.474705e+003,9.472749e+001
2.475187e+003,9.472720e+001
2.475669e+003,9.472018e+001
2.476151e+003,9.470653e+001
2.476633e+003,9.468840e+001
2.477115e+003,9.466920e+001
2.477598e+003,9.465225e+001
2.478080e+003,9.463969e+001
2.478562e+003,9.463194e+001
2.479044e+003,9.462817e+001
2.479526e+003,9.462703e+001
2.480008e+003,9.462753e+001
2.480490e+003,9.462942e+001
2.480972e+003,9.463274e+001
2.481455e+003,9.463729e+001
2.481937e+003,9.464211e+001
2.482419e+003,9.464554e+001
2.482901e+003,9.464592e+001
2.483383e+003,9.464252e+001
2.483865e+003,9.463600e+001
2.484347e+003,9.462847e+001
2.484829e+003,9.462241e+001
2.485312e+003,9.461960e+001
2.485793e+003,9.462036e+001
2.486276e+003,9.462343e+001
2.486758e+003,9.462679e+001
2.487240e+003,9.462892e+001
2.487722e+003,9.462963e+001
2.488204e+003,9.463020e+001
2.488686e+003,9.463251e+001
2.489168e+003,9.463794e+001
2.489650e+003,9.464622e+001
2.490133e+003,9.465542e+001
2.490615e+003,9.466242e+001
2.491097e+003,9.466451e+001
2.491579e+003,9.466046e+001
2.492061e+003,9.465108e+001
2.492543e+003,9.463870e+001
2.493025e+003,9.462621e+001
2.493507e+003,9.461587e+001
2.493990e+003,9.460861e+001
2.494472e+003,9.460416e+001
2.494954e+003,9.460181e+001
2.495436e+003,9.460095e+001
2.495918e+003,9.460153e+001
2.496400e+003,9.460373e+001
2.496882e+003,9.460745e+001
2.497364e+003,9.461184e+001
2.497846e+003,9.461529e+001
2.498329e+003,9.461604e+001
2.498811e+003,9.461292e+001
2.499293e+003,9.460596e+001
2.499775e+003,9.459646e+001
2.500257e+003,9.458632e+001
2.500739e+003,9.457722e+001
2.501221e+003,9.456990e+001
2.501703e+003,9.456429e+001
2.502186e+003,9.455985e+001
2.502668e+003,9.455660e+001
2.503150e+003,9.455534e+001
2.503632e+003,9.455766e+001
2.504114e+003,9.456493e+001
2.504596e+003,9.457745e+001
2.505078e+003,9.459377e+001
2.505560e+003,9.461095e+001
2.506042e+003,9.462553e+001
2.506525e+003,9.463503e+001
2.507007e+003,9.463879e+001
2.507489e+003,9.463805e+001
2.507971e+003,9.463516e+001
2.508453e+003,9.463223e+001
2.508935e+003,9.463011e+001
2.509417e+003,9.462807e+001
2.509899e+003,9.462455e+001
2.510382e+003,9.461829e+001
2.510864e+003,9.460925e+001
2.511346e+003,9.459887e+001
2.511828e+003,9.458939e+001
2.512310e+003,9.458254e+001
2.512792e+003,9.457877e+001
2.513274e+003,9.457687e+001
2.513756e+003,9.457478e+001
2.514239e+003,9.457077e+001
2.514720e+003,9.456460e+001
2.515203e+003,9.455767e+001
2.515685e+003,9.455242e+001
2.516167e+003,9.455095e+001
2.516649e+003,9.455384e+001
2.517131e+003,9.455963e+001
2.517613e+003,9.456541e+001
2.518095e+003,9.456816e+001
2.518577e+003,9.456606e+001
2.519060e+003,9.455938e+001
2.519542e+003,9.455013e+001
2.520024e+003,9.454117e+001
2.520506e+003,9.453481e+001
2.520988e+003,9.453196e+001
2.521470e+003,9.453207e+001
2.521952e+003,9.453368e+001
2.522434e+003,9.453528e+001
2.522917e+003,9.453609e+001
2.523399e+003,9.453606e+001
2.523881e+003,9.453551e+001
2.524363e+003,9.453468e+001
2.524845e+003,9.453346e+001
2.525327e+003,9.453152e+001
2.525809e+003,9.452885e+001
2.526291e+003,9.452612e+001
2.526773e+003,9.452460e+001
2.527256e+003,9.452575e+001
2.527738e+003,9.453022e+001
2.528220e+003,9.453732e+001
2.528702e+003,9.454493e+001
2.529184e+003,9.455027e+001
2.529666e+003,9.455095e+001
2.530148e+003,9.454606e+001
2.530630e+003,9.453668e+001
2.531113e+003,9.452525e+001
2.531595e+003,9.451469e+001
2.532077e+003,9.450725e+001
2.532559e+003,9.450358e+001
2.533041e+003,9.450303e+001
2.533523e+003,9.450404e+001
2.534005e+003,9.450510e+001
2.534487e+003,9.450543e+001
2.534969e+003,9.450488e+001
2.535452e+003,9.450381e+001
2.535934e+003,9.450233e+001
2.536416e+003,9.450014e+001
2.536898e+003,9.449656e+001
2.537380e+003,9.449101e+001
2.537862e+003,9.448364e+001
2.538344e+003,9.447539e+001
2.538826e+003,9.446794e+001
2.539309e+003,9.446296e+001
2.539791e+003,9.446162e+001
2.540273e+003,9.446402e+001
2.540755e+003,9.446946e+001
2.541237e+003,9.447661e+001
2.541719e+003,9.448415e+001
2.542201e+003,9.449118e+001
2.542683e+003,9.449715e+001
2.543166e+003,9.450169e+001
2.543647e+003,9.450460e+001
2.544130e+003,9.450562e+001
2.544612e+003,9.450467e+001
2.545094e+003,9.450203e+001
2.545576e+003,9.449846e+001
2.546058e+003,9.449500e+001
2.546540e+003,9.449227e+001
2.547022e+003,9.449034e+001
2.547504e+003,9.448824e+001
2.547987e+003,9.448443e+001
2.548469e+003,9.447736e+001
2.548951e+003,9.446629e+001
2.549433e+003,9.445167e+001
2.549915e+003,9.443512e+001
2.550397e+003,9.441873e+001
2.550879e+003,9.440453e+001
2.551361e+003,9.439356e+001
2.551844e+003,9.438598e+001
2.552326e+003,9.438123e+001
2.552808e+003,9.437851e+001
2.553290e+003,9.437727e+001
2.553772e+003,9.437724e+001
2.554254e+003,9.437811e+001
2.554736e+003,9.437931e+001
2.555218e+003,9.437985e+001
2.555700e+003,9.437851e+001
2.556183e+003,9.437448e+001
2.556665e+003,9.436791e+001
2.557147e+003,9.436003e+001
2.557629e+003,9.435279e+001
2.558111e+003,9.434813e+001
2.558593e+003,9.434705e+001
2.559075e+003,9.434939e+001
2.559557e+003,9.435385e+001
2.560040e+003,9.435876e+001
2.560522e+003,9.436286e+001
2.561004e+003,9.436587e+001
2.561486e+003,9.436848e+001
2.561968e+003,9.437166e+001
2.562450e+003,9.437578e+001
2.562932e+003,9.438030e+001
2.563414e+003,9.438366e+001
2.563896e+003,9.438395e+001
2.564379e+003,9.437986e+001
2.564861e+003,9.437115e+001
2.565343e+003,9.435896e+001
2.565825e+003,9.434509e+001
2.566307e+003,9.433152e+001
2.566789e+003,9.431960e+001
2.567271e+003,9.431007e+001
2.567753e+003,9.430317e+001
2.568236e+003,9.429917e+001
2.568718e+003,9.429861e+001
2.569200e+003,9.430211e+001
2.569682e+003,9.430981e+001
2.570164e+003,9.432084e+001
2.570646e+003,9.433314e+001
2.571128e+003,9.434380e+001
2.571610e+003,9.434997e+001
2.572093e+003,9.434995e+001
2.572574e+003,9.434385e+001
2.573057e+003,9.433347e+001
2.573539e+003,9.432170e+001
2.574021e+003,9.431125e+001
2.574503e+003,9.430393e+001
2.574985e+003,9.430010e+001
2.575467e+003,9.429913e+001
2.575949e+003,9.429991e+001
2.576431e+003,9.430162e+001
2.576914e+003,9.430393e+001
2.577396e+003,9.430686e+001
2.577878e+003,9.431037e+001
2.578360e+003,9.431401e+001
2.578842e+003,9.431686e+001
2.579324e+003,9.431792e+001
2.579806e+003,9.431660e+001
2.580288e+003,9.431309e+001
2.580771e+003,9.430821e+001
2.581253e+003,9.430299e+001
2.581735e+003,9.429810e+001
2.582217e+003,9.429339e+001
2.582699e+003,9.428816e+001
2.583181e+003,9.428156e+001
2.583663e+003,9.427328e+001
2.584145e+003,9.426388e+001
2.584627e+003,9.425465e+001
2.585110e+003,9.424699e+001
2.585592e+003,9.424166e+001
2.586074e+003,9.423830e+001
2.586556e+003,9.423546e+001
2.587038e+003,9.423140e+001
2.587520e+003,9.422485e+001
2.588002e+003,9.421567e+001
2.588484e+003,9.420501e+001
2.588967e+003,9.419476e+001
2.589449e+003,9.418658e+001
2.589931e+003,9.418139e+001
2.590413e+003,9.417886e+001
2.590895e+003,9.417768e+001
2.591377e+003,9.417648e+001
2.591859e+003,9.417416e+001
2.592341e+003,9.417047e+001
2.592823e+003,9.416580e+001
2.593306e+003,9.416091e+001
2.593788e+003,9.415625e+001
2.594270e+003,9.415195e+001
2.594752e+003,9.414782e+001
2.595234e+003,9.414370e+001
2.595716e+003,9.413979e+001
2.596198e+003,9.413662e+001
2.596680e+003,9.413485e+001
2.597163e+003,9.413486e+001
2.597645e+003,9.413654e+001
2.598127e+003,9.413912e+001
2.598609e+003,9.414165e+001
2.599091e+003,9.414329e+001
2.599573e+003,9.414373e+001
2.600055e+003,9.414322e+001
2.600537e+003,9.414241e+001
2.601020e+003,9.414186e+001
2.601501e+003,9.414187e+001
2.601984e+003,9.414245e+001
2.602466e+003,9.414326e+001
2.602948e+003,9.414415e+001
2.603430e+003,9.414496e+001
2.603912e+003,9.414571e+001
2.604394e+003,9.414610e+001
2.604876e+003,9.414565e+001
2.605358e+003,9.414358e+001
2.605841e+003,9.413919e+001
2.606323e+003,9.413239e+001
2.606805e+003,9.412399e+001
2.607287e+003,9.411560e+001
2.607769e+003,9.410915e+001
2.608251e+003,9.410619e+001
2.608733e+003,9.410718e+001
2.609215e+003,9.411124e+001
2.609698e+003,9.411649e+001
2.610180e+003,9.412081e+001
2.610662e+003,9.412263e+001
2.611144e+003,9.412138e+001
2.611626e+003,9.411753e+001
2.612108e+003,9.411214e+001
2.612590e+003,9.410622e+001
2.613072e+003,9.410041e+001
2.613554e+003,9.409481e+001
2.614037e+003,9.408949e+001
2.614519e+003,9.408468e+001
2.615001e+003,9.408110e+001
2.615483e+003,9.407965e+001
2.615965e+003,9.408089e+001
2.616447e+003,9.408454e+001
2.616929e+003,9.408933e+001
2.617411e+003,9.409319e+001
2.617894e+003,9.409409e+001
2.618376e+003,9.409084e+001
2.618858e+003,9.408364e+001
2.619340e+003,9.407399e+001
2.619822e+003,9.406409e+001
2.620304e+003,9.405595e+001
2.620786e+003,9.405067e+001
2.621268e+003,9.404814e+001
2.621750e+003,9.404723e+001
2.622233e+003,9.404646e+001
2.622715e+003,9.404451e+001
2.623197e+003,9.404070e+001
2.623679e+003,9.403500e+001
2.624161e+003,9.402782e+001
2.624643e+003,9.401966e+001
2.625125e+003,9.401105e+001
2.625607e+003,9.400253e+001
2.626090e+003,9.399468e+001
2.626572e+003,9.398812e+001
2.627054e+003,9.398342e+001
2.627536e+003,9.398067e+001
2.628018e+003,9.397929e+001
2.628500e+003,9.397813e+001
2.628982e+003,9.397578e+001
2.629464e+003,9.397110e+001
2.629947e+003,9.396375e+001
2.630428e+003,9.395459e+001
2.630911e+003,9.394508e+001
2.631393e+003,9.393692e+001
2.631875e+003,9.393121e+001
2.632357e+003,9.392796e+001
2.632839e+003,9.392616e+001
2.633321e+003,9.392414e+001
2.633803e+003,9.392045e+001
2.634285e+003,9.391417e+001
2.634768e+003,9.390549e+001
2.635250e+003,9.389530e+001
2.635732e+003,9.388483e+001
2.636214e+003,9.387520e+001
2.636696e+003,9.386698e+001
2.637178e+003,9.386037e+001
2.637660e+003,9.385527e+001
2.638142e+003,9.385156e+001
2.638625e+003,9.384918e+001
2.639107e+003,9.384814e+001
2.639589e+003,9.384834e+001
2.640071e+003,9.384941e+001
2.640553e+003,9.385093e+001
2.641035e+003,9.385239e+001
2.641517e+003,9.385342e+001
2.641999e+003,9.385402e+001
2.642481e+003,9.385422e+001
2.642964e+003,9.385405e+001
2.643446e+003,9.385331e+001
2.643928e+003,9.385162e+001
2.644410e+003,9.384864e+001
2.644892e+003,9.384437e+001
2.645374e+003,9.383942e+001
2.645856e+003,9.383485e+001
2.646338e+003,9.383195e+001
2.646821e+003,9.383150e+001
2.647303e+003,9.383335e+001
2.647785e+003,9.383644e+001
2.648267e+003,9.383901e+001
2.648749e+003,9.383939e+001
2.649231e+003,9.383661e+001
2.649713e+003,9.383094e+001
2.650195e+003,9.382368e+001
2.650677e+003,9.381661e+001
2.651160e+003,9.381125e+001
2.651642e+003,9.380830e+001
2.652124e+003,9.380737e+001
2.652606e+003,9.380737e+001
2.653088e+003,9.380718e+001
2.653570e+003,9.380603e+001
2.654052e+003,9.380396e+001
2.654534e+003,9.380157e+001
2.655017e+003,9.379968e+001
2.655499e+003,9.379881e+001
2.655981e+003,9.379890e+001
2.656463e+003,9.379942e+001
2.656945e+003,9.379958e+001
2.657427e+003,9.379876e+001
2.657909e+003,9.379672e+001
2.658391e+003,9.379366e+001
2.658874e+003,9.378998e+001
2.659355e+003,9.378603e+001
2.659838e+003,9.378208e+001
2.660320e+003,9.377826e+001
2.660802e+003,9.377462e+001
2.661284e+003,9.377134e+001
2.661766e+003,9.376874e+001
2.662248e+003,9.376698e+001
2.662730e+003,9.376599e+001
2.663212e+003,9.376537e+001
2.663695e+003,9.376443e+001
2.664177e+003,9.376247e+001
2.664659e+003,9.375912e+001
2.665141e+003,9.375458e+001
2.665623e+003,9.374960e+001
2.666105e+003,9.374514e+001
2.666587e+003,9.374200e+001
2.667069e+003,9.374050e+001
2.667552e+003,9.374022e+001
2.668034e+003,9.374026e+001
2.668516e+003,9.373964e+001
2.668998e+003,9.373762e+001
2.669480e+003,9.373401e+001
2.669962e+003,9.372903e+001
2.670444e+003,9.372331e+001
2.670926e+003,9.371738e+001
2.671408e+003,9.371162e+001
2.671891e+003,9.370617e+001
2.672373e+003,9.370105e+001
2.672855e+003,9.369631e+001
2.673337e+003,9.369219e+001
2.673819e+003,9.368884e+001
2.674301e+003,9.368639e+001
2.674783e+003,9.368462e+001
2.675265e+003,9.368309e+001
2.675748e+003,9.368112e+001
2.676230e+003,9.367822e+001
2.676712e+003,9.367419e+001
2.677194e+003,9.366925e+001
2.677676e+003,9.366380e+001
2.678158e+003,9.365840e+001
2.678640e+003,9.365343e+001
2.679122e+003,9.364900e+001
2.679604e+003,9.364506e+001
2.680087e+003,9.364146e+001
2.680569e+003,9.363818e+001
2.681051e+003,9.363538e+001
2.681533e+003,9.363323e+001
2.682015e+003,9.363188e+001
2.682497e+003,9.363119e+001
2.682979e+003,9.363089e+001
2.683461e+003,9.363053e+001
2.683944e+003,9.362982e+001
2.684426e+003,9.362870e+001
2.684908e+003,9.362733e+001
2.685390e+003,9.362603e+001
2.685872e+003,9.362495e+001
2.686354e+003,9.362402e+001
2.686836e+003,9.362294e+001
2.687318e+003,9.362115e+001
2.687801e+003,9.361833e+001
2.688282e+003,9.361435e+001
2.688765e+003,9.360936e+001
2.689247e+003,9.360379e+001
2.689729e+003,9.359808e+001
2.690211e+003,9.359250e+001
2.690693e+003,9.358719e+001
2.691175e+003,9.358214e+001
2.691657e+003,9.357745e+001
2.692139e+003,9.357319e+001
2.692622e+003,9.356955e+001
2.693104e+003,9.356645e+001
2.693586e+003,9.356364e+001
2.694068e+003,9.356044e+001
2.694550e+003,9.355610e+001
2.695032e+003,9.354998e+001
2.695514e+003,9.354189e+001
2.695996e+003,9.353233e+001
2.696479e+003,9.352235e+001
2.696961e+003,9.351324e+001
2.697443e+003,9.350615e+001
2.697925e+003,9.350172e+001
2.698407e+003,9.349992e+001
2.698889e+003,9.350016e+001
2.699371e+003,9.350162e+001
2.699853e+003,9.350343e+001
2.700335e+003,9.350491e+001
2.700818e+003,9.350558e+001
2.701300e+003,9.350506e+001
2.701782e+003,9.350303e+001
2.702264e+003,9.349928e+001
2.702746e+003,9.349379e+001
2.703228e+003,9.348692e+001
2.703710e+003,9.347929e+001
2.704192e+003,9.347184e+001
2.704675e+003,9.346540e+001
2.705157e+003,9.346040e+001
2.705639e+003,9.345679e+001
2.706121e+003,9.345391e+001
2.706603e+003,9.345095e+001
2.707085e+003,9.344723e+001
2.707567e+003,9.344245e+001
2.708049e+003,9.343674e+001
2.708531e+003,9.343056e+001
2.709014e+003,9.342433e+001
2.709496e+003,9.341825e+001
2.709978e+003,9.341219e+001
2.710460e+003,9.340574e+001
2.710942e+003,9.339860e+001
2.711424e+003,9.339069e+001
2.711906e+003,9.338233e+001
2.712388e+003,9.337394e+001
2.712871e+003,9.336597e+001
2.713353e+003,9.335854e+001
2.713835e+003,9.335149e+001
2.714317e+003,9.334426e+001
2.714799e+003,9.333640e+001
2.715281e+003,9.332753e+001
2.715763e+003,9.331773e+001
2.716245e+003,9.330729e+001
2.716728e+003,9.329672e+001
2.717209e+003,9.328644e+001
2.717692e+003,9.327686e+001
2.718174e+003,9.326819e+001
2.718656e+003,9.326059e+001
2.719138e+003,9.325409e+001
2.719620e+003,9.324871e+001
2.720102e+003,9.324422e+001
2.720584e+003,9.324016e+001
2.721066e+003,9.323582e+001
2.721549e+003,9.323036e+001
2.722031e+003,9.322311e+001
2.722513e+003,9.321382e+001
2.722995e+003,9.320271e+001
2.723477e+003,9.319052e+001
2.723959e+003,9.317817e+001
2.724441e+003,9.316650e+001
2.724923e+003,9.315604e+001
2.725406e+003,9.314697e+001
2.725888e+003,9.313908e+001
2.726370e+003,9.313219e+001
2.726852e+003,9.312605e+001
2.727334e+003,9.312038e+001
2.727816e+003,9.311506e+001
2.728298e+003,9.310966e+001
2.728780e+003,9.310377e+001
2.729262e+003,9.309699e+001
2.729745e+003,9.308911e+001
2.730227e+003,9.308026e+001
2.730709e+003,9.307092e+001
2.731191e+003,9.306177e+001
2.731673e+003,9.305336e+001
2.732155e+003,9.304586e+001
2.732637e+003,9.303893e+001
2.733119e+003,9.303185e+001
2.733602e+003,9.302385e+001
2.734084e+003,9.301440e+001
2.734566e+003,9.300350e+001
2.735048e+003,9.299160e+001
2.735530e+003,9.297939e+001
2.736012e+003,9.296755e+001
2.736494e+003,9.295644e+001
2.736976e+003,9.294614e+001
2.737458e+003,9.293652e+001
2.737941e+003,9.292746e+001
2.738423e+003,9.291899e+001
2.738905e+003,9.291125e+001
2.739387e+003,9.290430e+001
2.739869e+003,9.289797e+001
2.740351e+003,9.289185e+001
2.740833e+003,9.288522e+001
2.741315e+003,9.287749e+001
2.741798e+003,9.286839e+001
2.742280e+003,9.285809e+001
2.742762e+003,9.284720e+001
2.743244e+003,9.283640e+001
2.743726e+003,9.282625e+001
2.744208e+003,9.281687e+001
2.744690e+003,9.280810e+001
2.745172e+003,9.279955e+001
2.745655e+003,9.279089e+001
2.746136e+003,9.278209e+001
2.746619e+003,9.277329e+001
2.747101e+003,9.276472e+001
2.747583e+003,9.275639e+001
2.748065e+003,9.274813e+001
2.748547e+003,9.273956e+001
2.749029e+003,9.273051e+001
2.749511e+003,9.272112e+001
2.749993e+003,9.271204e+001
2.750476e+003,9.270413e+001
2.750958e+003,9.269815e+001
2.751440e+003,9.269427e+001
2.751922e+003,9.269199e+001
2.752404e+003,9.269006e+001
2.752886e+003,9.268716e+001
2.753368e+003,9.268222e+001
2.753850e+003,9.267493e+001
2.754333e+003,9.266585e+001
2.754815e+003,9.265600e+001
2.755297e+003,9.264648e+001
2.755779e+003,9.263797e+001
2.756261e+003,9.263054e+001
2.756743e+003,9.262370e+001
2.757225e+003,9.261681e+001
2.757707e+003,9.260942e+001
2.758189e+003,9.260151e+001
2.758672e+003,9.259347e+001
2.759154e+003,9.258589e+001
2.759636e+003,9.257925e+001
2.760118e+003,9.257381e+001
2.760600e+003,9.256944e+001
2.761082e+003,9.256588e+001
2.761564e+003,9.256285e+001
2.762046e+003,9.256015e+001
2.762529e+003,9.255759e+001
2.763011e+003,9.255498e+001
2.763493e+003,9.255201e+001
2.763975e+003,9.254826e+001
2.764457e+003,9.254354e+001
2.764939e+003,9.253783e+001
2.765421e+003,9.253154e+001
2.765903e+003,9.252544e+001
2.766385e+003,9.252030e+001
2.766868e+003,9.251667e+001
2.767350e+003,9.251469e+001
2.767832e+003,9.251398e+001
2.768314e+003,9.251386e+001
2.768796e+003,9.251375e+001
2.769278e+003,9.251316e+001
2.769760e+003,9.251205e+001
2.770242e+003,9.251046e+001
2.770725e+003,9.250848e+001
2.771207e+003,9.250605e+001
2.771689e+003,9.250307e+001
2.772171e+003,9.249955e+001
2.772653e+003,9.249583e+001
2.773135e+003,9.249274e+001
2.773617e+003,9.249128e+001
2.774099e+003,9.249253e+001
2.774582e+003,9.249689e+001
2.775063e+003,9.250394e+001
2.775546e+003,9.251240e+001
2.776028e+003,9.252050e+001
2.776510e+003,9.252650e+001
2.776992e+003,9.252932e+001
2.777474e+003,9.252879e+001
2.777956e+003,9.252555e+001
2.778438e+003,9.252081e+001
2.778920e+003,9.251569e+001
2.779403e+003,9.251105e+001
2.779885e+003,9.250719e+001
2.780367e+003,9.250407e+001
2.780849e+003,9.250146e+001
2.781331e+003,9.249934e+001
2.781813e+003,9.249776e+001
2.782295e+003,9.249695e+001
2.782777e+003,9.249706e+001
2.783260e+003,9.249799e+001
2.783742e+003,9.249936e+001
2.784224e+003,9.250053e+001
2.784706e+003,9.250086e+001
2.785188e+003,9.249968e+001
2.785670e+003,9.249656e+001
2.786152e+003,9.249127e+001
2.786634e+003,9.248383e+001
2.787116e+003,9.247457e+001
2.787599e+003,9.246404e+001
2.788081e+003,9.245309e+001
2.788563e+003,9.244270e+001
2.789045e+003,9.243365e+001
2.789527e+003,9.242645e+001
2.790009e+003,9.242093e+001
2.790491e+003,9.241648e+001
2.790973e+003,9.241212e+001
2.791456e+003,9.240690e+001
2.791938e+003,9.240032e+001
2.792420e+003,9.239247e+001
2.792902e+003,9.238404e+001
2.793384e+003,9.237591e+001
2.793866e+003,9.236882e+001
2.794348e+003,9.236299e+001
2.794830e+003,9.235808e+001
2.795313e+003,9.235322e+001
2.795795e+003,9.234753e+001
2.796277e+003,9.234039e+001
2.796759e+003,9.233167e+001
2.797241e+003,9.232169e+001
2.797723e+003,9.231113e+001
2.798205e+003,9.230064e+001
2.798687e+003,9.229070e+001
2.799169e+003,9.228151e+001
2.799652e+003,9.227299e+001
2.800134e+003,9.226500e+001
2.800616e+003,9.225719e+001
2.801098e+003,9.224913e+001
2.801580e+003,9.224032e+001
2.802062e+003,9.223019e+001
2.802544e+003,9.221827e+001
2.803026e+003,9.220422e+001
2.803509e+003,9.218820e+001
2.803990e+003,9.217065e+001
2.804473e+003,9.215231e+001
2.804955e+003,9.213378e+001
2.805437e+003,9.211542e+001
2.805919e+003,9.209708e+001
2.806401e+003,9.207823e+001
2.806883e+003,9.205821e+001
2.807365e+003,9.203656e+001
2.807847e+003,9.201321e+001
2.808330e+003,9.198856e+001
2.808812e+003,9.196329e+001
2.809294e+003,9.193798e+001
2.809776e+003,9.191293e+001
2.810258e+003,9.188806e+001
2.810740e+003,9.186295e+001
2.811222e+003,9.183715e+001
2.811704e+003,9.181032e+001
2.812187e+003,9.178228e+001
2.812669e+003,9.175308e+001
2.813151e+003,9.172281e+001
2.813633e+003,9.169138e+001
2.814115e+003,9.165868e+001
2.814597e+003,9.162460e+001
2.815079e+003,9.158925e+001
2.815561e+003,9.155296e+001
2.816043e+003,9.151638e+001
2.816526e+003,9.148010e+001
2.817008e+003,9.144450e+001
2.817490e+003,9.140954e+001
2.817972e+003,9.137466e+001
2.818454e+003,9.133908e+001
2.818936e+003,9.130196e+001
2.819418e+003,9.126270e+001
2.819900e+003,9.122115e+001
2.820383e+003,9.117752e+001
2.820865e+003,9.113215e+001
2.821347e+003,9.108549e+001
2.821829e+003,9.103783e+001
2.822311e+003,9.098937e+001
2.822793e+003,9.094028e+001
2.823275e+003,9.089066e+001
2.823757e+003,9.084061e+001
2.824240e+003,9.079014e+001
2.824722e+003,9.073897e+001
2.825204e+003,9.068665e+001
2.825686e+003,9.063248e+001
2.826168e+003,9.057581e+001
2.826650e+003,9.051618e+001
2.827132e+003,9.045341e+001
2.827614e+003,9.038761e+001
2.828096e+003,9.031910e+001
2.828579e+003,9.024815e+001
2.829061e+003,9.017494e+001
2.829543e+003,9.009954e+001
2.830025e+003,9.002186e+001
2.830507e+003,8.994189e+001
2.830989e+003,8.985960e+001
2.831471e+003,8.977481e+001
2.831953e+003,8.968726e+001
2.832436e+003,8.959632e+001
2.832917e+003,8.950131e+001
2.833400e+003,8.940141e+001
2.833882e+003,8.929611e+001
2.834364e+003,8.918526e+001
2.834846e+003,8.906907e+001
2.835328e+003,8.894791e+001
2.835810e+003,8.882183e+001
2.836292e+003,8.869053e+001
2.836774e+003,8.855309e+001
2.837257e+003,8.840833e+001
2.837739e+003,8.825500e+001
2.838221e+003,8.809229e+001
2.838703e+003,8.791976e+001
2.839185e+003,8.773729e+001
2.839667e+003,8.754456e+001
2.840149e+003,8.734080e+001
2.840631e+003,8.712446e+001
2.841114e+003,8.689334e+001
2.841596e+003,8.664497e+001
2.842078e+003,8.637688e+001
2.842560e+003,8.608703e+001
2.843042e+003,8.577390e+001
2.843524e+003,8.543608e+001
2.844006e+003,8.507259e+001
2.844488e+003,8.468250e+001
2.844970e+003,8.426559e+001
2.845453e+003,8.382300e+001
2.845935e+003,8.335804e+001
2.846417e+003,8.287663e+001
2.846899e+003,8.238750e+001
2.847381e+003,8.190150e+001
2.847863e+003,8.143058e+001
2.848345e+003,8.098650e+001
2.848827e+003,8.057944e+001
2.849310e+003,8.021706e+001
2.849792e+003,7.990411e+001
2.850274e+003,7.964217e+001
2.850756e+003,7.943011e+001
2.851238e+003,7.926474e+001
2.851720e+003,7.914137e+001
2.852202e+003,7.905457e+001
2.852684e+003,7.899876e+001
2.853167e+003,7.896856e+001
2.853649e+003,7.895929e+001
2.854131e+003,7.896707e+001
2.854613e+003,7.898895e+001
2.855095e+003,7.902272e+001
2.855577e+003,7.906684e+001
2.856059e+003,7.912008e+001
2.856541e+003,7.918137e+001
2.857023e+003,7.924963e+001
2.857506e+003,7.932378e+001
2.857988e+003,7.940266e+001
2.858470e+003,7.948515e+001
2.858952e+003,7.956999e+001
2.859434e+003,7.965590e+001
2.859916e+003,7.974157e+001
2.860398e+003,7.982567e+001
2.860880e+003,7.990704e+001
2.861363e+003,7.998484e+001
2.861844e+003,8.005862e+001
2.862327e+003,8.012827e+001
2.862809e+003,8.019398e+001
2.863291e+003,8.025585e+001
2.863773e+003,8.031391e+001
2.864255e+003,8.036797e+001
2.864737e+003,8.041786e+001
2.865219e+003,8.046364e+001
2.865701e+003,8.050584e+001
2.866184e+003,8.054553e+001
2.866666e+003,8.058430e+001
2.867148e+003,8.062382e+001
2.867630e+003,8.066573e+001
2.868112e+003,8.071130e+001
2.868594e+003,8.076155e+001
2.869076e+003,8.081731e+001
2.869558e+003,8.087955e+001
2.870041e+003,8.094956e+001
2.870523e+003,8.102900e+001
2.871005e+003,8.111962e+001
2.871487e+003,8.122299e+001
2.871969e+003,8.134019e+001
2.872451e+003,8.147138e+001
2.872933e+003,8.161590e+001
2.873415e+003,8.177206e+001
2.873897e+003,8.193762e+001
2.874380e+003,8.210971e+001
2.874862e+003,8.228518e+001
2.875344e+003,8.246075e+001
2.875826e+003,8.263323e+001
2.876308e+003,8.279960e+001
2.876790e+003,8.295730e+001
2.877272e+003,8.310429e+001
2.877754e+003,8.323900e+001
2.878237e+003,8.336029e+001
2.878719e+003,8.346722e+001
2.879201e+003,8.355902e+001
2.879683e+003,8.363483e+001
2.880165e+003,8.369405e+001
2.880647e+003,8.373628e+001
2.881129e+003,8.376144e+001
2.881611e+003,8.376978e+001
2.882094e+003,8.376160e+001
2.882576e+003,8.373716e+001
2.883058e+003,8.369640e+001
2.883540e+003,8.363902e+001
2.884022e+003,8.356462e+001
2.884504e+003,8.347296e+001
2.884986e+003,8.336415e+001
2.885468e+003,8.323877e+001
2.885950e+003,8.309767e+001
2.886433e+003,8.294193e+001
2.886915e+003,8.277251e+001
2.887397e+003,8.259055e+001
2.887879e+003,8.239723e+001
2.888361e+003,8.219434e+001
2.888843e+003,8.198415e+001
2.889325e+003,8.176965e+001
2.889807e+003,8.155397e+001
2.890290e+003,8.134003e+001
2.890771e+003,8.113008e+001
2.891254e+003,8.092541e+001
2.891736e+003,8.072649e+001
2.892218e+003,8.053334e+001
2.892700e+003,8.034604e+001
2.893182e+003,8.016518e+001
2.893664e+003,7.999194e+001
2.894146e+003,7.982791e+001
2.894628e+003,7.967463e+001
2.895111e+003,7.953308e+001
2.895593e+003,7.940337e+001
2.896075e+003,7.928463e+001
2.896557e+003,7.917528e+001
2.897039e+003,7.907327e+001
2.897521e+003,7.897666e+001
2.898003e+003,7.888361e+001
2.898485e+003,7.879259e+001
2.898968e+003,7.870218e+001
2.899450e+003,7.861107e+001
2.899932e+003,7.851796e+001
2.900414e+003,7.842163e+001
2.900896e+003,7.832111e+001
2.901378e+003,7.821568e+001
2.901860e+003,7.810490e+001
2.902342e+003,7.798854e+001
2.902824e+003,7.786643e+001
2.903307e+003,7.773826e+001
2.903789e+003,7.760364e+001
2.904271e+003,7.746210e+001
2.904753e+003,7.731314e+001
2.905235e+003,7.715633e+001
2.905717e+003,7.699129e+001
2.906199e+003,7.681750e+001
2.906681e+003,7.663430e+001
2.907164e+003,7.644072e+001
2.907646e+003,7.623560e+001
2.908128e+003,7.601767e+001
2.908610e+003,7.578577e+001
2.909092e+003,7.553896e+001
2.909574e+003,7.527667e+001
2.910056e+003,7.499860e+001
2.910538e+003,7.470472e+001
2.911021e+003,7.439525e+001
2.911503e+003,7.407079e+001
2.911985e+003,7.373250e+001
2.912467e+003,7.338245e+001
2.912949e+003,7.302369e+001
2.913431e+003,7.266043e+001
2.913913e+003,7.229768e+001
2.914395e+003,7.194086e+001
2.914877e+003,7.159518e+001
2.915360e+003,7.126517e+001
2.915842e+003,7.095437e+001
2.916324e+003,7.066515e+001
2.916806e+003,7.039906e+001
2.917288e+003,7.015682e+001
2.917770e+003,6.993883e+001
2.918252e+003,6.974510e+001
2.918734e+003,6.957540e+001
2.919217e+003,6.942903e+001
2.919698e+003,6.930486e+001
2.920181e+003,6.920139e+001
2.920663e+003,6.911676e+001
2.921145e+003,6.904898e+001
2.921627e+003,6.899621e+001
2.922109e+003,6.895679e+001
2.922591e+003,6.892942e+001
2.923073e+003,6.891328e+001
2.923555e+003,6.890791e+001
2.924038e+003,6.891322e+001
2.924520e+003,6.892930e+001
2.925002e+003,6.895623e+001
2.925484e+003,6.899381e+001
2.925966e+003,6.904140e+001
2.926448e+003,6.909773e+001
2.926930e+003,6.916126e+001
2.927412e+003,6.923026e+001
2.927895e+003,6.930334e+001
2.928377e+003,6.937962e+001
2.928859e+003,6.945898e+001
2.929341e+003,6.954178e+001
2.929823e+003,6.962857e+001
2.930305e+003,6.971967e+001
2.930787e+003,6.981495e+001
2.931269e+003,6.991376e+001
2.931751e+003,7.001524e+001
2.932234e+003,7.011844e+001
2.932716e+003,7.022279e+001
2.933198e+003,7.032811e+001
2.933680e+003,7.043461e+001
2.934162e+003,7.054262e+001
2.934644e+003,7.065239e+001
2.935126e+003,7.076387e+001
2.935608e+003,7.087676e+001
2.936091e+003,7.099046e+001
2.936573e+003,7.110433e+001
2.937055e+003,7.121766e+001
2.937537e+003,7.132999e+001
2.938019e+003,7.144091e+001
2.938501e+003,7.155028e+001
2.938983e+003,7.165810e+001
2.939465e+003,7.176465e+001
2.939948e+003,7.187046e+001
2.940430e+003,7.197614e+001
2.940912e+003,7.208231e+001
2.941394e+003,7.218929e+001
2.941876e+003,7.229693e+001
2.942358e+003,7.240460e+001
2.942840e+003,7.251120e+001
2.943322e+003,7.261539e+001
2.943804e+003,7.271587e+001
2.944287e+003,7.281166e+001
2.944769e+003,7.290218e+001
2.945251e+003,7.298727e+001
2.945733e+003,7.306705e+001
2.946215e+003,7.314175e+001
2.946697e+003,7.321162e+001
2.947179e+003,7.327689e+001
2.947661e+003,7.333764e+001
2.948144e+003,7.339403e+001
2.948625e+003,7.344614e+001
2.949108e+003,7.349422e+001
2.949590e+003,7.353862e+001
2.950072e+003,7.357999e+001
2.950554e+003,7.361927e+001
2.951036e+003,7.365780e+001
2.951518e+003,7.369731e+001
2.952000e+003,7.373985e+001
2.952482e+003,7.378756e+001
2.952965e+003,7.384241e+001
2.953447e+003,7.390603e+001
2.953929e+003,7.397955e+001
2.954411e+003,7.406361e+001
2.954893e+003,7.415852e+001
2.955375e+003,7.426437e+001
2.955857e+003,7.438127e+001
2.956339e+003,7.450931e+001
2.956822e+003,7.464854e+001
2.957304e+003,7.479896e+001
2.957786e+003,7.496040e+001
2.958268e+003,7.513268e+001
2.958750e+003,7.531574e+001
2.959232e+003,7.550978e+001
2.959714e+003,7.571527e+001
2.960196e+003,7.593294e+001
2.960678e+003,7.616352e+001
2.961161e+003,7.640741e+001
2.961643e+003,7.666444e+001
2.962125e+003,7.693375e+001
2.962607e+003,7.721389e+001
2.963089e+003,7.750294e+001
2.963571e+003,7.779893e+001
2.964053e+003,7.809989e+001
2.964535e+003,7.840420e+001
2.965018e+003,7.871052e+001
2.965500e+003,7.901775e+001
2.965982e+003,7.932495e+001
2.966464e+003,7.963133e+001
2.966946e+003,7.993596e+001
2.967428e+003,8.023788e+001
2.967910e+003,8.053609e+001
2.968392e+003,8.082966e+001
2.968875e+003,8.111782e+001
2.969357e+003,8.140022e+001
2.969839e+003,8.167681e+001
2.970321e+003,8.194798e+001
2.970803e+003,8.221426e+001
2.971285e+003,8.247620e+001
2.971767e+003,8.273405e+001
2.972249e+003,8.298788e+001
2.972731e+003,8.323730e+001
2.973214e+003,8.348188e+001
2.973696e+003,8.372119e+001
2.974178e+003,8.395499e+001
2.974660e+003,8.418319e+001
2.975142e+003,8.440590e+001
2.975624e+003,8.462332e+001
2.976106e+003,8.483566e+001
2.976588e+003,8.504311e+001
2.977071e+003,8.524591e+001
2.977552e+003,8.544442e+001
2.978035e+003,8.563899e+001
2.978517e+003,8.582994e+001
2.978999e+003,8.601737e+001
2.979481e+003,8.620110e+001
2.979963e+003,8.638078e+001
2.980445e+003,8.655592e+001
2.980927e+003,8.672621e+001
2.981409e+003,8.689175e+001
2.981892e+003,8.705290e+001
2.982374e+003,8.721034e+001
2.982856e+003,8.736470e+001
2.983338e+003,8.751637e+001
2.983820e+003,8.766541e+001
2.984302e+003,8.781162e+001
2.984784e+003,8.795456e+001
2.985266e+003,8.809392e+001
2.985749e+003,8.822952e+001
2.986231e+003,8.836118e+001
2.986713e+003,8.848878e+001
2.987195e+003,8.861192e+001
2.987677e+003,8.873007e+001
2.988159e+003,8.884257e+001
2.988641e+003,8.894910e+001
2.989123e+003,8.904969e+001
2.989605e+003,8.914511e+001
2.990088e+003,8.923648e+001
2.990570e+003,8.932514e+001
2.991052e+003,8.941211e+001
2.991534e+003,8.949786e+001
2.992016e+003,8.958207e+001
2.992498e+003,8.966387e+001
2.992980e+003,8.974203e+001
2.993462e+003,8.981540e+001
2.993945e+003,8.988314e+001
2.994427e+003,8.994500e+001
2.994909e+003,9.000123e+001
2.995391e+003,9.005259e+001
2.995873e+003,9.010010e+001
2.996355e+003,9.014488e+001
2.996837e+003,9.018805e+001
2.997319e+003,9.023036e+001
2.997802e+003,9.027223e+001
2.998284e+003,9.031365e+001
2.998766e+003,9.035416e+001
2.999248e+003,9.039310e+001
2.999730e+003,9.042986e+001
3.000212e+003,9.046417e+001
3.000694e+003,9.049614e+001
3.001176e+003,9.052637e+001
3.001658e+003,9.055560e+001
3.002141e+003,9.058452e+001
3.002623e+003,9.061347e+001
3.003105e+003,9.064236e+001
3.003587e+003,9.067079e+001
3.004069e+003,9.069825e+001
3.004551e+003,9.072448e+001
3.005033e+003,9.074950e+001
3.005515e+003,9.077357e+001
3.005998e+003,9.079704e+001
3.006479e+003,9.082016e+001
3.006962e+003,9.084286e+001
3.007444e+003,9.086476e+001
3.007926e+003,9.088544e+001
3.008408e+003,9.090455e+001
3.008890e+003,9.092206e+001
3.009372e+003,9.093817e+001
3.009854e+003,9.095340e+001
3.010336e+003,9.096812e+001
3.010819e+003,9.098269e+001
3.011301e+003,9.099715e+001
3.011783e+003,9.101144e+001
3.012265e+003,9.102548e+001
3.012747e+003,9.103938e+001
3.013229e+003,9.105346e+001
3.013711e+003,9.106810e+001
3.014193e+003,9.108377e+001
3.014676e+003,9.110064e+001
3.015158e+003,9.111858e+001
3.015640e+003,9.113714e+001
3.016122e+003,9.115556e+001
3.016604e+003,9.117309e+001
3.017086e+003,9.118896e+001
3.017568e+003,9.120269e+001
3.018050e+003,9.121399e+001
3.018532e+003,9.122272e+001
3.019015e+003,9.122878e+001
3.019497e+003,9.123193e+001
3.019979e+003,9.123159e+001
3.020461e+003,9.122688e+001
3.020943e+003,9.121687e+001
3.021425e+003,9.120067e+001
3.021907e+003,9.117804e+001
3.022389e+003,9.114944e+001
3.022872e+003,9.111629e+001
3.023354e+003,9.108063e+001
3.023836e+003,9.104475e+001
3.024318e+003,9.101046e+001
3.024800e+003,9.097870e+001
3.025282e+003,9.094923e+001
3.025764e+003,9.092095e+001
3.026246e+003,9.089234e+001
3.026729e+003,9.086226e+001
3.027211e+003,9.083035e+001
3.027693e+003,9.079729e+001
3.028175e+003,9.076454e+001
3.028657e+003,9.073349e+001
3.029139e+003,9.070518e+001
3.029621e+003,9.067968e+001
3.030103e+003,9.065607e+001
3.030585e+003,9.063308e+001
3.031068e+003,9.060944e+001
3.031550e+003,9.058464e+001
3.032032e+003,9.055914e+001
3.032514e+003,9.053398e+001
3.032996e+003,9.051054e+001
3.033478e+003,9.048971e+001
3.033960e+003,9.047160e+001
3.034442e+003,9.045556e+001
3.034925e+003,9.044035e+001
3.035406e+003,9.042468e+001
3.035889e+003,9.040752e+001
3.036371e+003,9.038840e+001
3.036853e+003,9.036726e+001
3.037335e+003,9.034452e+001
3.037817e+003,9.032072e+001
3.038299e+003,9.029664e+001
3.038781e+003,9.027325e+001
3.039263e+003,9.025172e+001
3.039746e+003,9.023349e+001
3.040228e+003,9.021996e+001
3.040710e+003,9.021227e+001
3.041192e+003,9.021091e+001
3.041674e+003,9.021561e+001
3.042156e+003,9.022537e+001
3.042638e+003,9.023882e+001
3.043120e+003,9.025444e+001
3.043603e+003,9.027118e+001
3.044085e+003,9.028856e+001
3.044567e+003,9.030671e+001
3.045049e+003,9.032613e+001
3.045531e+003,9.034743e+001
3.046013e+003,9.037084e+001
3.046495e+003,9.039611e+001
3.046977e+003,9.042248e+001
3.047459e+003,9.044881e+001
3.047942e+003,9.047385e+001
3.048424e+003,9.049670e+001
3.048906e+003,9.051698e+001
3.049388e+003,9.053477e+001
3.049870e+003,9.055063e+001
3.050352e+003,9.056529e+001
3.050834e+003,9.057929e+001
3.051316e+003,9.059295e+001
3.051799e+003,9.060613e+001
3.052281e+003,9.061849e+001
3.052763e+003,9.062968e+001
3.053245e+003,9.063972e+001
3.053727e+003,9.064895e+001
3.054209e+003,9.065820e+001
3.054691e+003,9.066851e+001
3.055173e+003,9.068092e+001
3.055656e+003,9.069598e+001
3.056138e+003,9.071371e+001
3.056620e+003,9.073343e+001
3.057102e+003,9.075420e+001
3.057584e+003,9.077486e+001
3.058066e+003,9.079461e+001
3.058548e+003,9.081284e+001
3.059030e+003,9.082938e+001
3.059512e+003,9.084418e+001
3.059995e+003,9.085732e+001
3.060477e+003,9.086893e+001
3.060959e+003,9.087941e+001
3.061441e+003,9.088930e+001
3.061923e+003,9.089949e+001
3.062405e+003,9.091102e+001
3.062887e+003,9.092474e+001
3.063369e+003,9.094109e+001
3.063852e+003,9.095983e+001
3.064333e+003,9.098010e+001
3.064816e+003,9.100066e+001
3.065298e+003,9.102038e+001
3.065780e+003,9.103880e+001
3.066262e+003,9.105629e+001
3.066744e+003,9.107391e+001
3.067226e+003,9.109315e+001
3.067708e+003,9.111532e+001
3.068190e+003,9.114105e+001
3.068673e+003,9.117027e+001
3.069155e+003,9.120204e+001
3.069637e+003,9.123511e+001
3.070119e+003,9.126808e+001
3.070601e+003,9.129974e+001
3.071083e+003,9.132923e+001
3.071565e+003,9.135603e+001
3.072047e+003,9.137986e+001
3.072530e+003,9.140070e+001
3.073012e+003,9.141862e+001
3.073494e+003,9.143401e+001
3.073976e+003,9.144733e+001
3.074458e+003,9.145930e+001
3.074940e+003,9.147063e+001
3.075422e+003,9.148200e+001
3.075904e+003,9.149384e+001
3.076386e+003,9.150648e+001
3.076869e+003,9.151987e+001
3.077351e+003,9.153403e+001
3.077833e+003,9.154870e+001
3.078315e+003,9.156374e+001
3.078797e+003,9.157896e+001
3.079279e+003,9.159426e+001
3.079761e+003,9.160952e+001
3.080243e+003,9.162463e+001
3.080726e+003,9.163958e+001
3.081208e+003,9.165427e+001
3.081690e+003,9.166856e+001
3.082172e+003,9.168221e+001
3.082654e+003,9.169490e+001
3.083136e+003,9.170633e+001
3.083618e+003,9.171623e+001
3.084100e+003,9.172470e+001
3.084583e+003,9.173203e+001
3.085065e+003,9.173878e+001
3.085547e+003,9.174545e+001
3.086029e+003,9.175228e+001
3.086511e+003,9.175900e+001
3.086993e+003,9.176492e+001
3.087475e+003,9.176915e+001
3.087957e+003,9.177106e+001
3.088439e+003,9.177055e+001
3.088922e+003,9.176823e+001
3.089404e+003,9.176529e+001
3.089886e+003,9.176291e+001
3.090368e+003,9.176203e+001
3.090850e+003,9.176289e+001
3.091332e+003,9.176501e+001
3.091814e+003,9.176757e+001
3.092296e+003,9.176965e+001
3.092779e+003,9.177078e+001
3.093260e+003,9.177092e+001
3.093743e+003,9.177025e+001
3.094225e+003,9.176890e+001
3.094707e+003,9.176656e+001
3.095189e+003,9.176238e+001
3.095671e+003,9.175533e+001
3.096153e+003,9.174451e+001
3.096635e+003,9.172984e+001
3.097117e+003,9.171211e+001
3.097600e+003,9.169294e+001
3.098082e+003,9.167418e+001
3.098564e+003,9.165736e+001
3.099046e+003,9.164319e+001
3.099528e+003,9.163149e+001
3.100010e+003,9.162128e+001
3.100492e+003,9.161125e+001
3.100974e+003,9.160014e+001
3.101457e+003,9.158721e+001
3.101939e+003,9.157222e+001
3.102421e+003,9.155515e+001
3.102903e+003,9.153619e+001
3.103385e+003,9.151537e+001
3.103867e+003,9.149257e+001
3.104349e+003,9.146781e+001
3.104831e+003,9.144114e+001
3.105313e+003,9.141299e+001
3.105796e+003,9.138405e+001
3.106278e+003,9.135513e+001
3.106760e+003,9.132703e+001
3.107242e+003,9.130036e+001
3.107724e+003,9.127545e+001
3.108206e+003,9.125240e+001
3.108688e+003,9.123110e+001
3.109170e+003,9.121132e+001
3.109653e+003,9.119267e+001
3.110135e+003,9.117465e+001
3.110617e+003,9.115675e+001
3.111099e+003,9.113847e+001
3.111581e+003,9.111945e+001
3.112063e+003,9.109956e+001
3.112545e+003,9.107882e+001
3.113027e+003,9.105738e+001
3.113510e+003,9.103540e+001
3.113992e+003,9.101277e+001
3.114474e+003,9.098920e+001
3.114956e+003,9.096444e+001
3.115438e+003,9.093829e+001
3.115920e+003,9.091099e+001
3.116402e+003,9.088315e+001
3.116884e+003,9.085577e+001
3.117366e+003,9.082995e+001
3.117849e+003,9.080665e+001
3.118331e+003,9.078646e+001
3.118813e+003,9.076961e+001
3.119295e+003,9.075600e+001
3.119777e+003,9.074540e+001
3.120259e+003,9.073750e+001
3.120741e+003,9.073196e+001
3.121223e+003,9.072824e+001
3.121706e+003,9.072572e+001
3.122188e+003,9.072354e+001
3.122670e+003,9.072107e+001
3.123152e+003,9.071797e+001
3.123634e+003,9.071445e+001
3.124116e+003,9.071136e+001
3.124598e+003,9.070985e+001
3.125080e+003,9.071096e+001
3.125563e+003,9.071543e+001
3.126044e+003,9.072328e+001
3.126527e+003,9.073401e+001
3.127009e+003,9.074684e+001
3.127491e+003,9.076112e+001
3.127973e+003,9.077654e+001
3.128455e+003,9.079333e+001
3.128937e+003,9.081189e+001
3.129419e+003,9.083263e+001
3.129901e+003,9.085553e+001
3.130384e+003,9.088027e+001
3.130866e+003,9.090623e+001
3.131348e+003,9.093273e+001
3.131830e+003,9.095929e+001
3.132312e+003,9.098578e+001
3.132794e+003,9.101212e+001
3.133276e+003,9.103829e+001
3.133758e+003,9.106398e+001
3.134240e+003,9.108878e+001
3.134723e+003,9.111232e+001
3.135205e+003,9.113458e+001
3.135687e+003,9.115601e+001
3.136169e+003,9.117739e+001
3.136651e+003,9.119963e+001
3.137133e+003,9.122324e+001
3.137615e+003,9.124812e+001
3.138097e+003,9.127336e+001
3.138580e+003,9.129777e+001
3.139062e+003,9.132009e+001
3.139544e+003,9.133962e+001
3.140026e+003,9.135638e+001
3.140508e+003,9.137107e+001
3.140990e+003,9.138467e+001
3.141472e+003,9.139813e+001
3.141954e+003,9.141196e+001
3.142437e+003,9.142626e+001
3.142919e+003,9.144076e+001
3.143401e+003,9.145514e+001
3.143883e+003,9.146906e+001
3.144365e+003,9.148239e+001
3.144847e+003,9.149491e+001
3.145329e+003,9.150645e+001
3.145811e+003,9.151673e+001
3.146293e+003,9.152544e+001
3.146776e+003,9.153250e+001
3.147258e+003,9.153797e+001
3.147740e+003,9.154227e+001
3.148222e+003,9.154566e+001
3.148704e+003,9.154833e+001
3.149186e+003,9.155008e+001
3.149668e+003,9.155041e+001
3.150150e+003,9.154883e+001
3.150633e+003,9.154517e+001
3.151115e+003,9.153965e+001
3.151597e+003,9.153311e+001
3.152079e+003,9.152645e+001
3.152561e+003,9.152055e+001
3.153043e+003,9.151560e+001
3.153525e+003,9.151133e+001
3.154007e+003,9.150704e+001
3.154490e+003,9.150206e+001
3.154971e+003,9.149602e+001
3.155454e+003,9.148908e+001
3.155936e+003,9.148184e+001
3.156418e+003,9.147497e+001
3.156900e+003,9.146888e+001
3.157382e+003,9.146349e+001
3.157864e+003,9.145831e+001
3.158346e+003,9.145258e+001
3.158828e+003,9.144572e+001
3.159311e+003,9.143753e+001
3.159793e+003,9.142819e+001
3.160275e+003,9.141811e+001
3.160757e+003,9.140761e+001
3.161239e+003,9.139679e+001
3.161721e+003,9.138546e+001
3.162203e+003,9.137325e+001
3.162685e+003,9.135991e+001
3.163167e+003,9.134545e+001
3.163650e+003,9.133023e+001
3.164132e+003,9.131487e+001
3.164614e+003,9.129997e+001
3.165096e+003,9.128609e+001
3.165578e+003,9.127341e+001
3.166060e+003,9.126192e+001
3.166542e+003,9.125139e+001
3.167024e+003,9.124147e+001
3.167507e+003,9.123161e+001
3.167989e+003,9.122117e+001
3.168471e+003,9.120943e+001
3.168953e+003,9.119572e+001
3.169435e+003,9.117956e+001
3.169917e+003,9.116071e+001
3.170399e+003,9.113943e+001
3.170881e+003,9.111615e+001
3.171364e+003,9.109135e+001
3.171846e+003,9.106543e+001
3.172328e+003,9.103839e+001
3.172810e+003,9.101012e+001
3.173292e+003,9.098047e+001
3.173774e+003,9.094962e+001
3.174256e+003,9.091817e+001
3.174738e+003,9.088700e+001
3.175220e+003,9.085714e+001
3.175703e+003,9.082912e+001
3.176185e+003,9.080286e+001
3.176667e+003,9.077752e+001
3.177149e+003,9.075178e+001
3.177631e+003,9.072425e+001
3.178113e+003,9.069411e+001
3.178595e+003,9.066139e+001
3.179077e+003,9.062675e+001
3.179560e+003,9.059145e+001
3.180042e+003,9.055656e+001
3.180524e+003,9.052283e+001
3.181006e+003,9.049044e+001
3.181488e+003,9.045921e+001
3.181970e+003,9.042880e+001
3.182452e+003,9.039902e+001
3.182934e+003,9.036990e+001
3.183417e+003,9.034161e+001
3.183898e+003,9.031422e+001
3.184381e+003,9.028767e+001
3.184863e+003,9.026151e+001
3.185345e+003,9.023526e+001
3.185827e+003,9.020848e+001
3.186309e+003,9.018121e+001
3.186791e+003,9.015391e+001
3.187273e+003,9.012741e+001
3.187755e+003,9.010275e+001
3.188238e+003,9.008072e+001
3.188720e+003,9.006187e+001
3.189202e+003,9.004630e+001
3.189684e+003,9.003368e+001
3.190166e+003,9.002361e+001
3.190648e+003,9.001562e+001
3.191130e+003,9.000925e+001
3.191612e+003,9.000426e+001
3.192094e+003,9.000047e+001
3.192577e+003,8.999789e+001
3.193059e+003,8.999666e+001
3.193541e+003,8.999718e+001
3.194023e+003,8.999998e+001
3.194505e+003,9.000561e+001
3.194987e+003,9.001452e+001
3.195469e+003,9.002671e+001
3.195951e+003,9.004182e+001
3.196434e+003,9.005888e+001
3.196916e+003,9.007671e+001
3.197398e+003,9.009400e+001
3.197880e+003,9.010985e+001
3.198362e+003,9.012367e+001
3.198844e+003,9.013534e+001
3.199326e+003,9.014494e+001
3.199808e+003,9.015265e+001
3.200291e+003,9.015862e+001
3.200773e+003,9.016296e+001
3.201255e+003,9.016585e+001
3.201737e+003,9.016761e+001
3.202219e+003,9.016882e+001
3.202701e+003,9.017000e+001
3.203183e+003,9.017151e+001
3.203665e+003,9.017334e+001
3.204147e+003,9.017499e+001
3.204630e+003,9.017566e+001
3.205112e+003,9.017458e+001
3.205594e+003,9.017132e+001
3.206076e+003,9.016600e+001
3.206558e+003,9.015933e+001
3.207040e+003,9.015240e+001
3.207522e+003,9.014629e+001
3.208004e+003,9.014173e+001
3.208487e+003,9.013882e+001
3.208969e+003,9.013698e+001
3.209451e+003,9.013524e+001
3.209933e+003,9.013237e+001
3.210415e+003,9.012737e+001
3.210897e+003,9.011959e+001
3.211379e+003,9.010888e+001
3.211861e+003,9.009545e+001
3.212344e+003,9.007981e+001
3.212825e+003,9.006260e+001
3.213308e+003,9.004456e+001
3.213790e+003,9.002637e+001
3.214272e+003,9.000864e+001
3.214754e+003,8.999178e+001
3.215236e+003,8.997599e+001
3.215718e+003,8.996123e+001
3.216200e+003,8.994740e+001
3.216682e+003,8.993417e+001
3.217165e+003,8.992128e+001
3.217647e+003,8.990839e+001
3.218129e+003,8.989516e+001
3.218611e+003,8.988120e+001
3.219093e+003,8.986608e+001
3.219575e+003,8.984930e+001
3.220057e+003,8.983044e+001
3.220539e+003,8.980930e+001
3.221021e+003,8.978596e+001
3.221504e+003,8.976080e+001
3.221986e+003,8.973447e+001
3.222468e+003,8.970778e+001
3.222950e+003,8.968145e+001
3.223432e+003,8.965604e+001
3.223914e+003,8.963184e+001
3.224396e+003,8.960889e+001
3.224878e+003,8.958707e+001
3.225361e+003,8.956615e+001
3.225843e+003,8.954591e+001
3.226325e+003,8.952614e+001
3.226807e+003,8.950671e+001
3.227289e+003,8.948734e+001
3.227771e+003,8.946774e+001
3.228253e+003,8.944733e+001
3.228735e+003,8.942555e+001
3.229218e+003,8.940173e+001
3.229700e+003,8.937536e+001
3.230182e+003,8.934611e+001
3.230664e+003,8.931403e+001
3.231146e+003,8.927944e+001
3.231628e+003,8.924296e+001
3.232110e+003,8.920540e+001
3.232592e+003,8.916759e+001
3.233074e+003,8.913031e+001
3.233557e+003,8.909422e+001
3.234039e+003,8.905981e+001
3.234521e+003,8.902749e+001
3.235003e+003,8.899757e+001
3.235485e+003,8.897024e+001
3.235967e+003,8.894559e+001
3.236449e+003,8.892352e+001
3.236931e+003,8.890350e+001
3.237414e+003,8.888475e+001
3.237896e+003,8.886620e+001
3.238378e+003,8.884666e+001
3.238860e+003,8.882494e+001
3.239342e+003,8.880022e+001
3.239824e+003,8.877211e+001
3.240306e+003,8.874066e+001
3.240788e+003,8.870638e+001
3.241271e+003,8.867004e+001
3.241752e+003,8.863242e+001
3.242235e+003,8.859428e+001
3.242717e+003,8.855614e+001
3.243199e+003,8.851830e+001
3.243681e+003,8.848077e+001
3.244163e+003,8.844347e+001
3.244645e+003,8.840614e+001
3.245127e+003,8.836852e+001
3.245609e+003,8.833029e+001
3.246092e+003,8.829135e+001
3.246574e+003,8.825172e+001
3.247056e+003,8.821165e+001
3.247538e+003,8.817164e+001
3.248020e+003,8.813222e+001
3.248502e+003,8.809384e+001
3.248984e+003,8.805678e+001
3.249466e+003,8.802090e+001
3.249948e+003,8.798573e+001
3.250431e+003,8.795058e+001
3.250913e+003,8.791467e+001
3.251395e+003,8.787731e+001
3.251877e+003,8.783817e+001
3.252359e+003,8.779715e+001
3.252841e+003,8.775440e+001
3.253323e+003,8.771034e+001
3.253805e+003,8.766540e+001
3.254288e+003,8.761999e+001
3.254770e+003,8.757460e+001
3.255252e+003,8.752965e+001
3.255734e+003,8.748557e+001
3.256216e+003,8.744263e+001
3.256698e+003,8.740091e+001
3.257180e+003,8.736012e+001
3.257662e+003,8.731959e+001
3.258145e+003,8.727827e+001
3.258627e+003,8.723502e+001
3.259109e+003,8.718883e+001
3.259591e+003,8.713911e+001
3.260073e+003,8.708594e+001
3.260555e+003,8.703001e+001
3.261037e+003,8.697256e+001
3.261519e+003,8.691494e+001
3.262001e+003,8.685820e+001
3.262484e+003,8.680294e+001
3.262966e+003,8.674895e+001
3.263448e+003,8.669545e+001
3.263930e+003,8.664122e+001
3.264412e+003,8.658517e+001
3.264894e+003,8.652658e+001
3.265376e+003,8.646545e+001
3.265858e+003,8.640242e+001
3.266341e+003,8.633881e+001
3.266823e+003,8.627592e+001
3.267305e+003,8.621487e+001
3.267787e+003,8.615622e+001
3.268269e+003,8.609983e+001
3.268751e+003,8.604486e+001
3.269233e+003,8.599020e+001
3.269715e+003,8.593468e+001
3.270198e+003,8.587743e+001
3.270679e+003,8.581803e+001
3.271162e+003,8.575644e+001
3.271644e+003,8.569276e+001
3.272126e+003,8.562706e+001
3.272608e+003,8.555917e+001
3.273090e+003,8.548875e+001
3.273572e+003,8.541537e+001
3.274054e+003,8.533885e+001
3.274536e+003,8.525951e+001
3.275019e+003,8.517824e+001
3.275501e+003,8.509630e+001
3.275983e+003,8.501522e+001
3.276465e+003,8.493603e+001
3.276947e+003,8.485921e+001
3.277429e+003,8.478444e+001
3.277911e+003,8.471066e+001
3.278393e+003,8.463633e+001
3.278875e+003,8.456008e+001
3.279358e+003,8.448074e+001
3.279840e+003,8.439790e+001
3.280322e+003,8.431185e+001
3.280804e+003,8.422349e+001
3.281286e+003,8.413402e+001
3.281768e+003,8.404472e+001
3.282250e+003,8.395641e+001
3.282732e+003,8.386942e+001
3.283215e+003,8.378342e+001
3.283697e+003,8.369747e+001
3.284179e+003,8.361037e+001
3.284661e+003,8.352104e+001
3.285143e+003,8.342873e+001
3.285625e+003,8.333347e+001
3.286107e+003,8.323585e+001
3.286589e+003,8.313704e+001
3.287072e+003,8.303825e+001
3.287554e+003,8.294042e+001
3.288036e+003,8.284383e+001
3.288518e+003,8.274821e+001
3.289000e+003,8.265270e+001
3.289482e+003,8.255643e+001
3.289964e+003,8.245876e+001
3.290446e+003,8.235957e+001
3.290928e+003,8.225921e+001
3.291411e+003,8.215833e+001
3.291893e+003,8.205744e+001
3.292375e+003,8.195687e+001
3.292857e+003,8.185652e+001
3.293339e+003,8.175627e+001
3.293821e+003,8.165610e+001
3.294303e+003,8.155628e+001
3.294785e+003,8.145740e+001
3.295268e+003,8.135999e+001
3.295750e+003,8.126427e+001
3.296232e+003,8.116990e+001
3.296714e+003,8.107594e+001
3.297196e+003,8.098127e+001
3.297678e+003,8.088509e+001
3.298160e+003,8.078735e+001
3.298642e+003,8.068890e+001
3.299125e+003,8.059138e+001
3.299606e+003,8.049640e+001
3.300089e+003,8.040522e+001
3.300571e+003,8.031816e+001
3.301053e+003,8.023463e+001
3.301535e+003,8.015345e+001
3.302017e+003,8.007342e+001
3.302499e+003,7.999361e+001
3.302981e+003,7.991376e+001
3.303463e+003,7.983398e+001
3.303946e+003,7.975467e+001
3.304428e+003,7.967618e+001
3.304910e+003,7.959874e+001
3.305392e+003,7.952249e+001
3.305874e+003,7.944766e+001
3.306356e+003,7.937454e+001
3.306838e+003,7.930340e+001
3.307320e+003,7.923421e+001
3.307802e+003,7.916647e+001
3.308285e+003,7.909914e+001
3.308767e+003,7.903101e+001
3.309249e+003,7.896111e+001
3.309731e+003,7.888926e+001
3.310213e+003,7.881606e+001
3.310695e+003,7.874290e+001
3.311177e+003,7.867120e+001
3.311659e+003,7.860201e+001
3.312142e+003,7.853547e+001
3.312624e+003,7.847103e+001
3.313106e+003,7.840774e+001
3.313588e+003,7.834486e+001
3.314070e+003,7.828232e+001
3.314552e+003,7.822068e+001
3.315034e+003,7.816088e+001
3.315516e+003,7.810375e+001
3.315999e+003,7.804957e+001
3.316481e+003,7.799803e+001
3.316963e+003,7.794838e+001
3.317445e+003,7.790000e+001
3.317927e+003,7.785257e+001
3.318409e+003,7.780637e+001
3.318891e+003,7.776194e+001
3.319373e+003,7.771984e+001
3.319855e+003,7.768027e+001
3.320338e+003,7.764314e+001
3.320820e+003,7.760811e+001
3.321302e+003,7.757513e+001
3.321784e+003,7.754449e+001
3.322266e+003,7.751685e+001
3.322748e+003,7.749284e+001
3.323230e+003,7.747278e+001
3.323712e+003,7.745629e+001
3.324195e+003,7.744251e+001
3.324677e+003,7.743044e+001
3.325159e+003,7.741948e+001
3.325641e+003,7.740981e+001
3.326123e+003,7.740244e+001
3.326605e+003,7.739870e+001
3.327087e+003,7.739970e+001
3.327569e+003,7.740585e+001
3.328052e+003,7.741679e+001
3.328533e+003,7.743158e+001
3.329016e+003,7.744926e+001
3.329498e+003,7.746930e+001
3.329980e+003,7.749182e+001
3.330462e+003,7.751727e+001
3.330944e+003,7.754626e+001
3.331426e+003,7.757906e+001
3.331908e+003,7.761562e+001
3.332390e+003,7.765556e+001
3.332873e+003,7.769870e+001
3.333355e+003,7.774510e+001
3.333837e+003,7.779510e+001
3.334319e+003,7.784902e+001
3.334801e+003,7.790695e+001
3.335283e+003,7.796842e+001
3.335765e+003,7.803264e+001
3.336247e+003,7.809881e+001
3.336729e+003,7.816676e+001
3.337212e+003,7.823699e+001
3.337694e+003,7.831076e+001
3.338176e+003,7.838929e+001
3.338658e+003,7.847341e+001
3.339140e+003,7.856301e+001
3.339622e+003,7.865713e+001
3.340104e+003,7.875426e+001
3.340586e+003,7.885310e+001
3.341069e+003,7.895291e+001
3.341551e+003,7.905383e+001
3.342033e+003,7.915653e+001
3.342515e+003,7.926187e+001
3.342997e+003,7.937038e+001
3.343479e+003,7.948223e+001
3.343961e+003,7.959718e+001
3.344443e+003,7.971507e+001
3.344926e+003,7.983585e+001
3.345408e+003,7.995977e+001
3.345890e+003,8.008701e+001
3.346372e+003,8.021754e+001
3.346854e+003,8.035067e+001
3.347336e+003,8.048540e+001
3.347818e+003,8.062059e+001
3.348300e+003,8.075546e+001
3.348782e+003,8.088991e+001
3.349265e+003,8.102444e+001
3.349747e+003,8.115978e+001
3.350229e+003,8.129654e+001
3.350711e+003,8.143465e+001
3.351193e+003,8.157347e+001
3.351675e+003,8.171207e+001
3.352157e+003,8.184974e+001
3.352639e+003,8.198624e+001
3.353122e+003,8.212211e+001
3.353604e+003,8.225832e+001
3.354086e+003,8.239583e+001
3.354568e+003,8.253498e+001
3.355050e+003,8.267535e+001
3.355532e+003,8.281578e+001
3.356014e+003,8.295478e+001
3.356496e+003,8.309104e+001
3.356979e+003,8.322395e+001
3.357460e+003,8.335381e+001
3.357943e+003,8.348164e+001
3.358425e+003,8.360886e+001
3.358907e+003,8.373703e+001
3.359389e+003,8.386733e+001
3.359871e+003,8.400034e+001
3.360353e+003,8.413593e+001
3.360835e+003,8.427321e+001
3.361317e+003,8.441068e+001
3.361800e+003,8.454646e+001
3.362282e+003,8.467861e+001
3.362764e+003,8.480566e+001
3.363246e+003,8.492676e+001
3.363728e+003,8.504192e+001
3.364210e+003,8.515192e+001
3.364692e+003,8.525807e+001
3.365174e+003,8.536190e+001
3.365656e+003,8.546481e+001
3.366139e+003,8.556782e+001
3.366621e+003,8.567159e+001
3.367103e+003,8.577630e+001
3.367585e+003,8.588191e+001
3.368067e+003,8.598811e+001
3.368549e+003,8.609449e+001
3.369031e+003,8.620040e+001
3.369513e+003,8.630519e+001
3.369996e+003,8.640814e+001
3.370478e+003,8.650879e+001
3.370960e+003,8.660693e+001
3.371442e+003,8.670270e+001
3.371924e+003,8.679636e+001
3.372406e+003,8.688824e+001
3.372888e+003,8.697834e+001
3.373370e+003,8.706633e+001
3.373853e+003,8.715149e+001
3.374334e+003,8.723304e+001
3.374817e+003,8.731030e+001
3.375299e+003,8.738315e+001
3.375781e+003,8.745196e+001
3.376263e+003,8.751773e+001
3.376745e+003,8.758173e+001
3.377227e+003,8.764532e+001
3.377709e+003,8.770961e+001
3.378191e+003,8.777523e+001
3.378674e+003,8.784227e+001
3.379156e+003,8.791022e+001
3.379638e+003,8.797822e+001
3.380120e+003,8.804521e+001
3.380602e+003,8.811028e+001
3.381084e+003,8.817279e+001
3.381566e+003,8.823264e+001
3.382048e+003,8.829020e+001
3.382531e+003,8.834618e+001
3.383013e+003,8.840124e+001
3.383495e+003,8.845576e+001
3.383977e+003,8.850952e+001
3.384459e+003,8.856178e+001
3.384941e+003,8.861156e+001
3.385423e+003,8.865802e+001
3.385905e+003,8.870076e+001
3.386387e+003,8.874014e+001
3.386870e+003,8.877711e+001
3.387352e+003,8.881284e+001
3.387834e+003,8.884856e+001
3.388316e+003,8.888520e+001
3.388798e+003,8.892339e+001
3.389280e+003,8.896349e+001
3.389762e+003,8.900578e+001
3.390244e+003,8.905040e+001
3.390727e+003,8.909738e+001
3.391209e+003,8.914621e+001
3.391691e+003,8.919579e+001
3.392173e+003,8.924442e+001
3.392655e+003,8.929014e+001
3.393137e+003,8.933131e+001
3.393619e+003,8.936739e+001
3.394101e+003,8.939883e+001
3.394583e+003,8.942720e+001
3.395066e+003,8.945439e+001
3.395548e+003,8.948205e+001
3.396030e+003,8.951108e+001
3.396512e+003,8.954142e+001
3.396994e+003,8.957217e+001
3.397476e+003,8.960219e+001
3.397958e+003,8.963055e+001
3.398440e+003,8.965701e+001
3.398923e+003,8.968192e+001
3.399405e+003,8.970627e+001
3.399887e+003,8.973096e+001
3.400369e+003,8.975685e+001
3.400851e+003,8.978443e+001
3.401333e+003,8.981390e+001
3.401815e+003,8.984521e+001
3.402297e+003,8.987823e+001
3.402780e+003,8.991248e+001
3.403261e+003,8.994729e+001
3.403744e+003,8.998170e+001
3.404226e+003,9.001467e+001
3.404708e+003,9.004523e+001
3.405190e+003,9.007295e+001
3.405672e+003,9.009794e+001
3.406154e+003,9.012103e+001
3.406636e+003,9.014325e+001
3.407118e+003,9.016556e+001
3.407601e+003,9.018852e+001
3.408083e+003,9.021215e+001
3.408565e+003,9.023590e+001
3.409047e+003,9.025922e+001
3.409529e+003,9.028164e+001
3.410011e+003,9.030312e+001
3.410493e+003,9.032395e+001
3.410975e+003,9.034448e+001
3.411458e+003,9.036509e+001
3.411940e+003,9.038612e+001
3.412422e+003,9.040765e+001
3.412904e+003,9.042983e+001
3.413386e+003,9.045277e+001
3.413868e+003,9.047668e+001
3.414350e+003,9.050168e+001
3.414832e+003,9.052761e+001
3.415314e+003,9.055391e+001
3.415797e+003,9.057967e+001
3.416279e+003,9.060390e+001
3.416761e+003,9.062596e+001
3.417243e+003,9.064573e+001
3.417725e+003,9.066379e+001
3.418207e+003,9.068117e+001
3.418689e+003,9.069891e+001
3.419171e+003,9.071761e+001
3.419654e+003,9.073705e+001
3.420136e+003,9.075635e+001
3.420618e+003,9.077430e+001
3.421100e+003,9.078995e+001
3.421582e+003,9.080300e+001
3.422064e+003,9.081385e+001
3.422546e+003,9.082334e+001
3.423028e+003,9.083229e+001
3.423510e+003,9.084128e+001
3.423993e+003,9.085046e+001
3.424475e+003,9.085979e+001
3.424957e+003,9.086913e+001
3.425439e+003,9.087851e+001
3.425921e+003,9.088810e+001
3.426403e+003,9.089815e+001
3.426885e+003,9.090864e+001
3.427367e+003,9.091946e+001
3.427850e+003,9.093027e+001
3.428332e+003,9.094070e+001
3.428814e+003,9.095079e+001
3.429296e+003,9.096079e+001
3.429778e+003,9.097129e+001
3.430260e+003,9.098288e+001
3.430742e+003,9.099567e+001
3.431224e+003,9.100935e+001
3.431707e+003,9.102290e+001
3.432188e+003,9.103521e+001
3.432671e+003,9.104521e+001
3.433153e+003,9.105240e+001
3.433635e+003,9.105683e+001
3.434117e+003,9.105922e+001
3.434599e+003,9.106054e+001
3.435081e+003,9.106194e+001
3.435563e+003,9.106425e+001
3.436045e+003,9.106827e+001
3.436528e+003,9.107444e+001
3.437010e+003,9.108296e+001
3.437492e+003,9.109373e+001
3.437974e+003,9.110632e+001
3.438456e+003,9.111998e+001
3.438938e+003,9.113379e+001
3.439420e+003,9.114700e+001
3.439902e+003,9.115908e+001
3.440385e+003,9.117010e+001
3.440867e+003,9.118059e+001
3.441349e+003,9.119118e+001
3.441831e+003,9.120229e+001
3.442313e+003,9.121378e+001
3.442795e+003,9.122509e+001
3.443277e+003,9.123547e+001
3.443759e+003,9.124454e+001
3.444241e+003,9.125260e+001
3.444724e+003,9.126076e+001
3.445206e+003,9.127052e+001
3.445688e+003,9.128316e+001
3.446170e+003,9.129880e+001
3.446652e+003,9.131615e+001
3.447134e+003,9.133260e+001
3.447616e+003,9.134557e+001
3.448098e+003,9.135356e+001
3.448581e+003,9.135690e+001
3.449063e+003,9.135736e+001
3.449545e+003,9.135754e+001
3.450027e+003,9.135992e+001
3.450509e+003,9.136640e+001
3.450991e+003,9.137773e+001
3.451473e+003,9.139359e+001
3.451955e+003,9.141275e+001
3.452438e+003,9.143365e+001
3.452920e+003,9.145477e+001
3.453402e+003,9.147490e+001
3.453884e+003,9.149319e+001
3.454366e+003,9.150903e+001
3.454848e+003,9.152184e+001
3.455330e+003,9.153139e+001
3.455812e+003,9.153789e+001
3.456294e+003,9.154209e+001
3.456777e+003,9.154534e+001
3.457259e+003,9.154920e+001
3.457741e+003,9.155499e+001
3.458223e+003,9.156340e+001
3.458705e+003,9.157437e+001
3.459187e+003,9.158716e+001
3.459669e+003,9.160070e+001
3.460151e+003,9.161426e+001
3.460634e+003,9.162744e+001
3.461115e+003,9.164045e+001
3.461598e+003,9.165369e+001
3.462080e+003,9.166746e+001
3.462562e+003,9.168176e+001
3.463044e+003,9.169624e+001
3.463526e+003,9.171032e+001
3.464008e+003,9.172366e+001
3.464490e+003,9.173608e+001
3.464972e+003,9.174760e+001
3.465455e+003,9.175817e+001
3.465937e+003,9.176762e+001
3.466419e+003,9.177535e+001
3.466901e+003,9.178068e+001
3.467383e+003,9.178310e+001
3.467865e+003,9.178270e+001
3.468347e+003,9.178031e+001
3.468829e+003,9.177728e+001
3.469312e+003,9.177523e+001
3.469794e+003,9.177562e+001
3.470276e+003,9.177926e+001
3.470758e+003,9.178641e+001
3.471240e+003,9.179660e+001
3.471722e+003,9.180913e+001
3.472204e+003,9.182316e+001
3.472686e+003,9.183792e+001
3.473168e+003,9.185272e+001
3.473651e+003,9.186685e+001
3.474133e+003,9.187950e+001
3.474615e+003,9.189004e+001
3.475097e+003,9.189806e+001
3.475579e+003,9.190388e+001
3.476061e+003,9.190833e+001
3.476543e+003,9.191278e+001
3.477025e+003,9.191850e+001
3.477508e+003,9.192651e+001
3.477990e+003,9.193700e+001
3.478472e+003,9.194962e+001
3.478954e+003,9.196332e+001
3.479436e+003,9.197678e+001
3.479918e+003,9.198862e+001
3.480400e+003,9.199789e+001
3.480882e+003,9.200381e+001
3.481365e+003,9.200615e+001
3.481847e+003,9.200510e+001
3.482329e+003,9.200139e+001
3.482811e+003,9.199622e+001
3.483293e+003,9.199113e+001
3.483775e+003,9.198787e+001
3.484257e+003,9.198810e+001
3.484739e+003,9.199319e+001
3.485221e+003,9.200391e+001
3.485704e+003,9.202011e+001
3.486186e+003,9.204051e+001
3.486668e+003,9.206282e+001
3.487150e+003,9.208412e+001
3.487632e+003,9.210165e+001
3.488114e+003,9.211359e+001
3.488596e+003,9.211948e+001
3.489078e+003,9.212024e+001
3.489561e+003,9.211774e+001
3.490042e+003,9.211420e+001
3.490525e+003,9.211163e+001
3.491007e+003,9.211143e+001
3.491489e+003,9.211414e+001
3.491971e+003,9.211958e+001
3.492453e+003,9.212691e+001
3.492935e+003,9.213493e+001
3.493417e+003,9.214236e+001
3.493899e+003,9.214816e+001
3.494382e+003,9.215173e+001
3.494864e+003,9.215308e+001
3.495346e+003,9.215266e+001
3.495828e+003,9.215150e+001
3.496310e+003,9.215055e+001
3.496792e+003,9.215081e+001
3.497274e+003,9.215290e+001
3.497756e+003,9.215710e+001
3.498239e+003,9.216335e+001
3.498721e+003,9.217152e+001
3.499203e+003,9.218134e+001
3.499685e+003,9.219267e+001
3.500167e+003,9.220537e+001
3.500649e+003,9.221936e+001
3.501131e+003,9.223435e+001
3.501613e+003,9.224976e+001
3.502095e+003,9.226463e+001
3.502578e+003,9.227782e+001
3.503060e+003,9.228817e+001
3.503542e+003,9.229506e+001
3.504024e+003,9.229847e+001
3.504506e+003,9.229906e+001
3.504988e+003,9.229796e+001
3.505470e+003,9.229644e+001
3.505952e+003,9.229581e+001
3.506435e+003,9.229734e+001
3.506917e+003,9.230204e+001
3.507399e+003,9.231062e+001
3.507881e+003,9.232286e+001
3.508363e+003,9.233751e+001
3.508845e+003,9.235217e+001
3.509327e+003,9.236417e+001
3.509809e+003,9.237144e+001
3.510292e+003,9.237335e+001
3.510774e+003,9.237058e+001
3.511256e+003,9.236478e+001
3.511738e+003,9.235751e+001
3.512220e+003,9.235011e+001
3.512702e+003,9.234337e+001
3.513184e+003,9.233791e+001
3.513666e+003,9.233435e+001
3.514148e+003,9.233364e+001
3.514631e+003,9.233689e+001
3.515113e+003,9.234524e+001
3.515595e+003,9.235931e+001
3.516077e+003,9.237885e+001
3.516559e+003,9.240250e+001
3.517041e+003,9.242786e+001
3.517523e+003,9.245203e+001
3.518005e+003,9.247247e+001
3.518488e+003,9.248759e+001
3.518969e+003,9.249741e+001
3.519452e+003,9.250340e+001
3.519934e+003,9.250774e+001
3.520416e+003,9.251296e+001
3.520898e+003,9.252106e+001
3.521380e+003,9.253300e+001
3.521862e+003,9.254874e+001
3.522344e+003,9.256677e+001
3.522826e+003,9.258501e+001
3.523309e+003,9.260126e+001
3.523791e+003,9.261449e+001
3.524273e+003,9.262499e+001
3.524755e+003,9.263428e+001
3.525237e+003,9.264423e+001
3.525719e+003,9.265647e+001
3.526201e+003,9.267157e+001
3.526683e+003,9.268896e+001
3.527166e+003,9.270677e+001
3.527648e+003,9.272259e+001
3.528130e+003,9.273409e+001
3.528612e+003,9.274018e+001
3.529094e+003,9.274117e+001
3.529576e+003,9.273843e+001
3.530058e+003,9.273378e+001
3.530540e+003,9.272870e+001
3.531022e+003,9.272422e+001
3.531505e+003,9.272092e+001
3.531987e+003,9.271899e+001
3.532469e+003,9.271868e+001
3.532951e+003,9.272030e+001
3.533433e+003,9.272433e+001
3.533915e+003,9.273125e+001
3.534397e+003,9.274118e+001
3.534879e+003,9.275362e+001
3.535362e+003,9.276723e+001
3.535844e+003,9.278006e+001
3.536326e+003,9.279041e+001
3.536808e+003,9.279757e+001
3.537290e+003,9.280222e+001
3.537772e+003,9.280581e+001
3.538254e+003,9.281017e+001
3.538736e+003,9.281661e+001
3.539219e+003,9.282585e+001
3.539701e+003,9.283779e+001
3.540183e+003,9.285202e+001
3.540665e+003,9.286805e+001
3.541147e+003,9.288560e+001
3.541629e+003,9.290470e+001
3.542111e+003,9.292550e+001
3.542593e+003,9.294794e+001
3.543075e+003,9.297150e+001
3.543558e+003,9.299487e+001
3.544040e+003,9.301653e+001
3.544522e+003,9.303505e+001
3.545004e+003,9.304983e+001
3.545486e+003,9.306117e+001
3.545968e+003,9.306999e+001
3.546450e+003,9.307707e+001
3.546932e+003,9.308267e+001
3.547415e+003,9.308640e+001
3.547896e+003,9.308781e+001
3.548379e+003,9.308665e+001
3.548861e+003,9.308344e+001
3.549343e+003,9.307930e+001
3.549825e+003,9.307623e+001
3.550307e+003,9.307647e+001
3.550789e+003,9.308201e+001
3.551271e+003,9.309344e+001
3.551753e+003,9.310951e+001
3.552236e+003,9.312727e+001
3.552718e+003,9.314356e+001
3.553200e+003,9.315619e+001
3.553682e+003,9.316474e+001
3.554164e+003,9.317011e+001
3.554646e+003,9.317386e+001
3.555128e+003,9.317761e+001
3.555610e+003,9.318278e+001
3.556093e+003,9.319048e+001
3.556575e+003,9.320148e+001
3.557057e+003,9.321596e+001
3.557539e+003,9.323367e+001
3.558021e+003,9.325370e+001
3.558503e+003,9.327465e+001
3.558985e+003,9.329494e+001
3.559467e+003,9.331322e+001
3.559949e+003,9.332878e+001
3.560432e+003,9.334206e+001
3.560914e+003,9.335419e+001
3.561396e+003,9.336662e+001
3.561878e+003,9.338026e+001
3.562360e+003,9.339519e+001
3.562842e+003,9.341037e+001
3.563324e+003,9.342439e+001
3.563806e+003,9.343600e+001
3.564289e+003,9.344503e+001
3.564771e+003,9.345258e+001
3.565253e+003,9.346082e+001
3.565735e+003,9.347124e+001
3.566217e+003,9.348290e+001
3.566699e+003,9.349203e+001
3.567181e+003,9.349514e+001
3.567663e+003,9.349259e+001
3.568146e+003,9.348863e+001
3.568628e+003,9.348750e+001
3.569110e+003,9.349115e+001
3.569592e+003,9.349890e+001
3.570074e+003,9.350901e+001
3.570556e+003,9.351969e+001
3.571038e+003,9.352987e+001
3.571520e+003,9.353936e+001
3.572002e+003,9.354862e+001
3.572485e+003,9.355838e+001
3.572967e+003,9.356936e+001
3.573449e+003,9.358162e+001
3.573931e+003,9.359471e+001
3.574413e+003,9.360766e+001
3.574895e+003,9.361958e+001
3.575377e+003,9.363009e+001
3.575859e+003,9.363963e+001
3.576342e+003,9.364912e+001
3.576823e+003,9.365961e+001
3.577306e+003,9.367150e+001
3.577788e+003,9.368435e+001
3.578270e+003,9.369682e+001
3.578752e+003,9.370744e+001
3.579234e+003,9.371519e+001
3.579716e+003,9.372032e+001
3.580198e+003,9.372424e+001
3.580680e+003,9.372905e+001
3.581163e+003,9.373664e+001
3.581645e+003,9.374783e+001
3.582127e+003,9.376192e+001
3.582609e+003,9.377705e+001
3.583091e+003,9.379089e+001
3.583573e+003,9.380153e+001
3.584055e+003,9.380833e+001
3.584537e+003,9.381240e+001
3.585020e+003,9.381635e+001
3.585502e+003,9.382381e+001
3.585984e+003,9.383727e+001
3.586466e+003,9.385588e+001
3.586948e+003,9.387419e+001
3.587430e+003,9.388521e+001
3.587912e+003,9.388609e+001
3.588394e+003,9.388078e+001
3.588876e+003,9.387598e+001
3.589359e+003,9.387630e+001
3.589841e+003,9.388263e+001
3.590323e+003,9.389353e+001
3.590805e+003,9.390699e+001
3.591287e+003,9.392181e+001
3.591769e+003,9.393796e+001
3.592251e+003,9.395617e+001
3.592733e+003,9.397725e+001
3.593216e+003,9.400126e+001
3.593698e+003,9.402675e+001
3.594180e+003,9.405139e+001
3.594662e+003,9.407285e+001
3.595144e+003,9.409005e+001
3.595626e+003,9.410328e+001
3.596108e+003,9.411375e+001
3.596590e+003,9.412251e+001
3.597073e+003,9.412982e+001
3.597555e+003,9.413515e+001
3.598037e+003,9.413770e+001
3.598519e+003,9.413678e+001
3.599001e+003,9.413271e+001
3.599483e+003,9.412658e+001
3.599965e+003,9.412012e+001
3.600447e+003,9.411494e+001
3.600929e+003,9.411189e+001
3.601412e+003,9.411086e+001
3.601894e+003,9.411107e+001
3.602376e+003,9.411165e+001
3.602858e+003,9.411207e+001
3.603340e+003,9.411241e+001
3.603822e+003,9.411330e+001
3.604304e+003,9.411552e+001
3.604786e+003,9.411988e+001
3.605269e+003,9.412679e+001
3.605750e+003,9.413624e+001
3.606233e+003,9.414762e+001
3.606715e+003,9.415980e+001
3.607197e+003,9.417120e+001
3.607679e+003,9.418037e+001
3.608161e+003,9.418656e+001
3.608643e+003,9.419080e+001
3.609125e+003,9.419487e+001
3.609607e+003,9.420049e+001
3.610090e+003,9.420844e+001
3.610572e+003,9.421893e+001
3.611054e+003,9.423248e+001
3.611536e+003,9.425035e+001
3.612018e+003,9.427374e+001
3.612500e+003,9.430260e+001
3.612982e+003,9.433427e+001
3.613464e+003,9.436437e+001
3.613947e+003,9.438889e+001
3.614429e+003,9.440622e+001
3.614911e+003,9.441689e+001
3.615393e+003,9.442255e+001
3.615875e+003,9.442486e+001
3.616357e+003,9.442565e+001
3.616839e+003,9.442683e+001
3.617321e+003,9.442982e+001
3.617803e+003,9.443463e+001
3.618286e+003,9.443935e+001
3.618768e+003,9.444042e+001
3.619250e+003,9.443539e+001
3.619732e+003,9.442480e+001
3.620214e+003,9.441190e+001
3.620696e+003,9.440018e+001
3.621178e+003,9.439172e+001
3.621660e+003,9.438692e+001
3.622143e+003,9.438544e+001
3.622625e+003,9.438733e+001
3.623107e+003,9.439299e+001
3.623589e+003,9.440295e+001
3.624071e+003,9.441702e+001
3.624553e+003,9.443353e+001
3.625035e+003,9.444925e+001
3.625517e+003,9.446027e+001
3.626000e+003,9.446377e+001
3.626482e+003,9.445981e+001
3.626964e+003,9.445311e+001
3.627446e+003,9.445219e+001
3.627928e+003,9.446411e+001
3.628410e+003,9.448577e+001
3.628892e+003,9.450365e+001
3.629374e+003,9.450921e+001
3.629856e+003,9.450832e+001
3.630339e+003,9.450999e+001
3.630821e+003,9.451659e+001
3.631303e+003,9.452499e+001
3.631785e+003,9.453132e+001
3.632267e+003,9.453376e+001
3.632749e+003,9.453280e+001
3.633231e+003,9.453024e+001
3.633713e+003,9.452789e+001
3.634196e+003,9.452660e+001
3.634677e+003,9.452644e+001
3.635160e+003,9.452685e+001
3.635642e+003,9.452721e+001
3.636124e+003,9.452730e+001
3.636606e+003,9.452780e+001
3.637088e+003,9.452995e+001
3.637570e+003,9.453526e+001
3.638052e+003,9.454459e+001
3.638534e+003,9.455780e+001
3.639017e+003,9.457357e+001
3.639499e+003,9.459007e+001
3.639981e+003,9.460551e+001
3.640463e+003,9.461868e+001
3.640945e+003,9.462913e+001
3.641427e+003,9.463696e+001
3.641909e+003,9.464279e+001
3.642391e+003,9.464713e+001
3.642874e+003,9.465034e+001
3.643356e+003,9.465233e+001
3.643838e+003,9.465284e+001
3.644320e+003,9.465199e+001
3.644802e+003,9.465081e+001
3.645284e+003,9.465207e+001
3.645766e+003,9.465998e+001
3.646248e+003,9.467930e+001
3.646730e+003,9.471242e+001
3.647213e+003,9.475685e+001
3.647695e+003,9.480346e+001
3.648177e+003,9.483955e+001
3.648659e+003,9.485474e+001
3.649141e+003,9.484628e+001
3.649623e+003,9.481998e+001
3.650105e+003,9.478781e+001
3.650587e+003,9.476225e+001
3.651070e+003,9.475114e+001
3.651552e+003,9.475499e+001
3.652034e+003,9.476908e+001
3.652516e+003,9.478642e+001
3.652998e+003,9.480081e+001
3.653480e+003,9.480870e+001
3.653962e+003,9.480978e+001
3.654444e+003,9.480679e+001
3.654927e+003,9.480388e+001
3.655409e+003,9.480402e+001
3.655891e+003,9.480780e+001
3.656373e+003,9.481380e+001
3.656855e+003,9.482119e+001
3.657337e+003,9.483025e+001
3.657819e+003,9.484110e+001
3.658301e+003,9.485267e+001
3.658783e+003,9.486314e+001
3.659266e+003,9.487102e+001
3.659748e+003,9.487563e+001
3.660230e+003,9.487741e+001
3.660712e+003,9.487762e+001
3.661194e+003,9.487782e+001
3.661676e+003,9.487956e+001
3.662158e+003,9.488374e+001
3.662640e+003,9.489075e+001
3.663123e+003,9.490025e+001
3.663604e+003,9.491172e+001
3.664087e+003,9.492462e+001
3.664569e+003,9.493867e+001
3.665051e+003,9.495373e+001
3.665533e+003,9.496963e+001
3.666015e+003,9.498592e+001
3.666497e+003,9.500209e+001
3.666979e+003,9.501750e+001
3.667461e+003,9.503217e+001
3.667944e+003,9.504679e+001
3.668426e+003,9.506214e+001
3.668908e+003,9.507710e+001
3.669390e+003,9.508729e+001
3.669872e+003,9.508827e+001
3.670354e+003,9.508212e+001
3.670836e+003,9.507690e+001
3.671318e+003,9.507861e+001
3.671801e+003,9.508628e+001
3.672283e+003,9.509431e+001
3.672765e+003,9.509764e+001
3.673247e+003,9.509612e+001
3.673729e+003,9.509583e+001
3.674211e+003,9.510712e+001
3.674693e+003,9.513412e+001
3.675175e+003,9.516404e+001
3.675657e+003,9.517659e+001
3.676140e+003,9.517042e+001
3.676622e+003,9.516137e+001
3.677104e+003,9.516031e+001
3.677586e+003,9.516628e+001
3.678068e+003,9.517301e+001
3.678550e+003,9.517497e+001
3.679032e+003,9.516985e+001
3.679514e+003,9.515835e+001
3.679997e+003,9.514358e+001
3.680479e+003,9.512892e+001
3.680961e+003,9.511715e+001
3.681443e+003,9.510984e+001
3.681925e+003,9.510752e+001
3.682407e+003,9.511061e+001
3.682889e+003,9.511948e+001
3.683371e+003,9.513401e+001
3.683854e+003,9.515302e+001
3.684336e+003,9.517373e+001
3.684818e+003,9.519228e+001
3.685300e+003,9.520479e+001
3.685782e+003,9.520856e+001
3.686264e+003,9.520352e+001
3.686746e+003,9.519286e+001
3.687228e+003,9.518282e+001
3.687710e+003,9.518084e+001
3.688193e+003,9.519186e+001
3.688675e+003,9.521510e+001
3.689157e+003,9.524380e+001
3.689639e+003,9.526955e+001
3.690121e+003,9.528685e+001
3.690603e+003,9.529466e+001
3.691085e+003,9.529528e+001
3.691567e+003,9.529263e+001
3.692050e+003,9.529015e+001
3.692531e+003,9.528973e+001
3.693014e+003,9.529131e+001
3.693496e+003,9.529330e+001
3.693978e+003,9.529353e+001
3.694460e+003,9.529039e+001
3.694942e+003,9.528352e+001
3.695424e+003,9.527398e+001
3.695906e+003,9.526387e+001
3.696388e+003,9.525549e+001
3.696871e+003,9.525038e+001
3.697353e+003,9.524881e+001
3.697835e+003,9.524980e+001
3.698317e+003,9.525205e+001
3.698799e+003,9.525443e+001
3.699281e+003,9.525697e+001
3.699763e+003,9.526058e+001
3.700245e+003,9.526632e+001
3.700728e+003,9.527399e+001
3.701210e+003,9.528175e+001
3.701692e+003,9.528693e+001
3.702174e+003,9.528841e+001
3.702656e+003,9.528732e+001
3.703138e+003,9.528613e+001
3.703620e+003,9.528669e+001
3.704102e+003,9.528938e+001
3.704584e+003,9.529314e+001
3.705067e+003,9.529631e+001
3.705549e+003,9.529730e+001
3.706031e+003,9.529536e+001
3.706513e+003,9.529092e+001
3.706995e+003,9.528596e+001
3.707477e+003,9.528355e+001
3.707959e+003,9.528735e+001
3.708441e+003,9.530055e+001
3.708924e+003,9.532479e+001
3.709406e+003,9.535854e+001
3.709888e+003,9.539591e+001
3.710370e+003,9.542691e+001
3.710852e+003,9.544141e+001
3.711334e+003,9.543521e+001
3.711816e+003,9.541386e+001
3.712298e+003,9.538823e+001
3.712781e+003,9.536764e+001
3.713263e+003,9.535554e+001
3.713745e+003,9.535049e+001
3.714227e+003,9.534888e+001
3.714709e+003,9.534752e+001
3.715191e+003,9.534475e+001
3.715673e+003,9.534082e+001
3.716155e+003,9.533717e+001
3.716637e+003,9.533582e+001
3.717120e+003,9.533785e+001
3.717602e+003,9.534309e+001
3.718084e+003,9.534973e+001
3.718566e+003,9.535543e+001
3.719048e+003,9.535827e+001
3.719530e+003,9.535775e+001
3.720012e+003,9.535475e+001
3.720494e+003,9.535085e+001
3.720977e+003,9.534749e+001
3.721458e+003,9.534534e+001
3.721941e+003,9.534407e+001
3.722423e+003,9.534319e+001
3.722905e+003,9.534265e+001
3.723387e+003,9.534333e+001
3.723869e+003,9.534615e+001
3.724351e+003,9.535148e+001
3.724833e+003,9.535815e+001
3.725315e+003,9.536353e+001
3.725798e+003,9.536426e+001
3.726280e+003,9.535818e+001
3.726762e+003,9.534580e+001
3.727244e+003,9.533042e+001
3.727726e+003,9.531576e+001
3.728208e+003,9.530397e+001
3.728690e+003,9.529512e+001
3.729172e+003,9.528854e+001
3.729655e+003,9.528413e+001
3.730137e+003,9.528341e+001
3.730619e+003,9.528911e+001
3.731101e+003,9.530357e+001
3.731583e+003,9.532693e+001
3.732065e+003,9.535622e+001
3.732547e+003,9.538657e+001
3.733029e+003,9.541412e+001
3.733511e+003,9.543782e+001
3.733994e+003,9.545928e+001
3.734476e+003,9.547980e+001
3.734958e+003,9.549715e+001
3.735440e+003,9.550510e+001
3.735922e+003,9.549937e+001
3.736404e+003,9.548226e+001
3.736886e+003,9.546081e+001
3.737368e+003,9.544065e+001
3.737851e+003,9.542396e+001
3.738333e+003,9.541088e+001
3.738815e+003,9.540140e+001
3.739297e+003,9.539571e+001
3.739779e+003,9.539358e+001
3.740261e+003,9.539307e+001
3.740743e+003,9.539011e+001
3.741225e+003,9.537946e+001
3.741708e+003,9.535635e+001
3.742190e+003,9.531937e+001
3.742672e+003,9.527281e+001
3.743154e+003,9.522764e+001
3.743636e+003,9.519834e+001
3.744118e+003,9.519475e+001
3.744600e+003,9.521576e+001
3.745082e+003,9.525279e+001
3.745564e+003,9.529684e+001
3.746047e+003,9.533926e+001
3.746529e+003,9.537192e+001
3.747011e+003,9.538894e+001
3.747493e+003,9.538883e+001
3.747975e+003,9.537479e+001
3.748457e+003,9.535400e+001
3.748939e+003,9.533465e+001
3.749421e+003,9.532222e+001
3.749904e+003,9.531587e+001
3.750385e+003,9.530905e+001
3.750868e+003,9.529497e+001
3.751350e+003,9.527282e+001
3.751832e+003,9.524841e+001
3.752314e+003,9.523026e+001
3.752796e+003,9.522420e+001
3.753278e+003,9.523128e+001
3.753760e+003,9.524801e+001
3.754242e+003,9.526900e+001
3.754725e+003,9.528908e+001
3.755207e+003,9.530489e+001
3.755689e+003,9.531544e+001
3.756171e+003,9.532175e+001
3.756653e+003,9.532564e+001
3.757135e+003,9.532870e+001
3.757617e+003,9.533117e+001
3.758099e+003,9.533218e+001
3.758582e+003,9.533039e+001
3.759064e+003,9.532507e+001
3.759546e+003,9.531725e+001
3.760028e+003,9.530965e+001
3.760510e+003,9.530547e+001
3.760992e+003,9.530666e+001
3.761474e+003,9.531239e+001
3.761956e+003,9.531951e+001
3.762438e+003,9.532407e+001
3.762921e+003,9.532321e+001
3.763403e+003,9.531651e+001
3.763885e+003,9.530614e+001
3.764367e+003,9.529581e+001
3.764849e+003,9.528886e+001
3.765331e+003,9.528658e+001
3.765813e+003,9.528805e+001
3.766295e+003,9.529071e+001
3.766778e+003,9.529150e+001
3.767260e+003,9.528812e+001
3.767742e+003,9.528021e+001
3.768224e+003,9.526962e+001
3.768706e+003,9.525992e+001
3.769188e+003,9.525417e+001
3.769670e+003,9.525341e+001
3.770152e+003,9.525623e+001
3.770635e+003,9.526035e+001
3.771117e+003,9.526374e+001
3.771599e+003,9.526521e+001
3.772081e+003,9.526420e+001
3.772563e+003,9.526101e+001
3.773045e+003,9.525674e+001
3.773527e+003,9.525296e+001
3.774009e+003,9.525119e+001
3.774491e+003,9.525222e+001
3.774974e+003,9.525569e+001
3.775456e+003,9.526037e+001
3.775938e+003,9.526471e+001
3.776420e+003,9.526760e+001
3.776902e+003,9.526888e+001
3.777384e+003,9.526948e+001
3.777866e+003,9.527098e+001
3.778348e+003,9.527439e+001
3.778831e+003,9.527895e+001
3.779313e+003,9.528262e+001
3.779795e+003,9.528363e+001
3.780277e+003,9.528207e+001
3.780759e+003,9.527927e+001
3.781241e+003,9.527647e+001
3.781723e+003,9.527404e+001
3.782205e+003,9.527242e+001
3.782688e+003,9.527251e+001
3.783169e+003,9.527574e+001
3.783652e+003,9.528300e+001
3.784134e+003,9.529337e+001
3.784616e+003,9.530378e+001
3.785098e+003,9.531055e+001
3.785580e+003,9.531107e+001
3.786062e+003,9.530494e+001
3.786544e+003,9.529356e+001
3.787026e+003,9.527960e+001
3.787509e+003,9.526609e+001
3.787991e+003,9.525571e+001
3.788473e+003,9.525006e+001
3.788955e+003,9.524940e+001
3.789437e+003,9.525252e+001
3.789919e+003,9.525736e+001
3.790401e+003,9.526176e+001
3.790883e+003,9.526430e+001
3.791365e+003,9.526444e+001
3.791848e+003,9.526260e+001
3.792330e+003,9.525954e+001
3.792812e+003,9.525604e+001
3.793294e+003,9.525276e+001
3.793776e+003,9.525077e+001
3.794258e+003,9.525195e+001
3.794740e+003,9.525912e+001
3.795222e+003,9.527477e+001
3.795705e+003,9.529922e+001
3.796187e+003,9.532896e+001
3.796669e+003,9.535798e+001
3.797151e+003,9.538041e+001
3.797633e+003,9.539266e+001
3.798115e+003,9.539351e+001
3.798597e+003,9.538382e+001
3.799079e+003,9.536697e+001
3.799562e+003,9.534966e+001
3.800044e+003,9.534094e+001
3.800526e+003,9.534763e+001
3.801008e+003,9.536665e+001
3.801490e+003,9.538491e+001
3.801972e+003,9.539238e+001
3.802454e+003,9.539159e+001
3.802936e+003,9.538979e+001
3.803418e+003,9.538988e+001
3.803901e+003,9.538965e+001
3.804383e+003,9.538576e+001
3.804865e+003,9.537675e+001
3.805347e+003,9.536347e+001
3.805829e+003,9.534750e+001
3.806311e+003,9.532908e+001
3.806793e+003,9.530714e+001
3.807275e+003,9.528284e+001
3.807758e+003,9.526071e+001
3.808240e+003,9.524537e+001
3.808722e+003,9.523788e+001
3.809204e+003,9.523611e+001
3.809686e+003,9.523723e+001
3.810168e+003,9.523953e+001
3.810650e+003,9.524262e+001
3.811132e+003,9.524657e+001
3.811615e+003,9.525076e+001
3.812096e+003,9.525343e+001
3.812579e+003,9.525190e+001
3.813061e+003,9.524394e+001
3.813543e+003,9.522924e+001
3.814025e+003,9.521079e+001
3.814507e+003,9.519484e+001
3.814989e+003,9.518859e+001
3.815471e+003,9.519577e+001
3.815953e+003,9.521440e+001
3.816436e+003,9.523921e+001
3.816918e+003,9.526540e+001
3.817400e+003,9.528870e+001
3.817882e+003,9.530489e+001
3.818364e+003,9.531075e+001
3.818846e+003,9.530614e+001
3.819328e+003,9.529523e+001
3.819810e+003,9.528513e+001
3.820292e+003,9.528047e+001
3.820775e+003,9.527856e+001
3.821257e+003,9.527306e+001
3.821739e+003,9.526391e+001
3.822221e+003,9.525708e+001
3.822703e+003,9.525620e+001
3.823185e+003,9.525938e+001
3.823667e+003,9.526258e+001
3.824149e+003,9.526325e+001
3.824632e+003,9.526213e+001
3.825114e+003,9.526231e+001
3.825596e+003,9.526731e+001
3.826078e+003,9.527832e+001
3.826560e+003,9.529317e+001
3.827042e+003,9.530754e+001
3.827524e+003,9.531755e+001
3.828006e+003,9.532118e+001
3.828489e+003,9.531840e+001
3.828971e+003,9.531063e+001
3.829453e+003,9.530038e+001
3.829935e+003,9.529055e+001
3.830417e+003,9.528371e+001
3.830899e+003,9.528082e+001
3.831381e+003,9.528122e+001
3.831863e+003,9.528333e+001
3.832345e+003,9.528626e+001
3.832828e+003,9.529033e+001
3.833310e+003,9.529677e+001
3.833792e+003,9.530655e+001
3.834274e+003,9.531969e+001
3.834756e+003,9.533461e+001
3.835238e+003,9.534853e+001
3.835720e+003,9.535820e+001
3.836202e+003,9.536142e+001
3.836685e+003,9.535807e+001
3.837167e+003,9.535069e+001
3.837649e+003,9.534286e+001
3.838131e+003,9.533742e+001
3.838613e+003,9.533450e+001
3.839095e+003,9.533221e+001
3.839577e+003,9.532823e+001
3.840059e+003,9.532140e+001
3.840542e+003,9.531174e+001
3.841023e+003,9.530050e+001
3.841506e+003,9.528914e+001
3.841988e+003,9.527908e+001
3.842470e+003,9.527103e+001
3.842952e+003,9.526475e+001
3.843434e+003,9.525933e+001
3.843916e+003,9.525420e+001
3.844398e+003,9.524973e+001
3.844880e+003,9.524744e+001
3.845363e+003,9.524923e+001
3.845845e+003,9.525644e+001
3.846327e+003,9.526930e+001
3.846809e+003,9.528717e+001
3.847291e+003,9.530859e+001
3.847773e+003,9.533156e+001
3.848255e+003,9.535363e+001
3.848737e+003,9.537210e+001
3.849219e+003,9.538419e+001
3.849702e+003,9.538756e+001
3.850184e+003,9.538079e+001
3.850666e+003,9.536401e+001
3.851148e+003,9.533932e+001
3.851630e+003,9.531039e+001
3.852112e+003,9.527897e+001
3.852594e+003,9.523991e+001
3.853076e+003,9.518396e+001
3.853559e+003,9.511698e+001
3.854041e+003,9.506443e+001
3.854523e+003,9.504640e+001
3.855005e+003,9.506202e+001
3.855487e+003,9.509722e+001
3.855969e+003,9.513661e+001
3.856451e+003,9.516982e+001
3.856933e+003,9.519238e+001
3.857416e+003,9.520458e+001
3.857898e+003,9.520925e+001
3.858380e+003,9.521002e+001
3.858862e+003,9.521011e+001
3.859344e+003,9.521189e+001
3.859826e+003,9.521722e+001
3.860308e+003,9.522744e+001
3.860790e+003,9.524334e+001
3.861272e+003,9.526473e+001
3.861755e+003,9.529017e+001
3.862237e+003,9.531717e+001
3.862719e+003,9.534251e+001
3.863201e+003,9.536236e+001
3.863683e+003,9.537257e+001
3.864165e+003,9.536978e+001
3.864647e+003,9.535352e+001
3.865129e+003,9.532751e+001
3.865612e+003,9.529774e+001
3.866094e+003,9.526849e+001
3.866576e+003,9.524043e+001
3.867058e+003,9.521224e+001
3.867540e+003,9.518397e+001
3.868022e+003,9.515952e+001
3.868504e+003,9.514664e+001
3.868986e+003,9.515216e+001
3.869469e+003,9.517406e+001
3.869950e+003,9.520077e+001
3.870433e+003,9.522090e+001
3.870915e+003,9.523125e+001
3.871397e+003,9.523338e+001
3.871879e+003,9.522899e+001
3.872361e+003,9.521944e+001
3.872843e+003,9.520731e+001
3.873325e+003,9.519627e+001
3.873807e+003,9.518951e+001
3.874290e+003,9.518827e+001
3.874772e+003,9.519189e+001
3.875254e+003,9.519859e+001
3.875736e+003,9.520573e+001
3.876218e+003,9.521007e+001
3.876700e+003,9.520883e+001
3.877182e+003,9.520065e+001
3.877664e+003,9.518642e+001
3.878146e+003,9.516957e+001
3.878629e+003,9.515551e+001
3.879111e+003,9.514996e+001
3.879593e+003,9.515665e+001
3.880075e+003,9.517502e+001
3.880557e+003,9.520071e+001
3.881039e+003,9.522840e+001
3.881521e+003,9.525420e+001
3.882003e+003,9.527534e+001
3.882486e+003,9.528942e+001
3.882968e+003,9.529440e+001
3.883450e+003,9.528965e+001
3.883932e+003,9.527639e+001
3.884414e+003,9.525736e+001
3.884896e+003,9.523534e+001
3.885378e+003,9.521262e+001
3.885860e+003,9.519207e+001
3.886343e+003,9.517722e+001
3.886825e+003,9.516995e+001
3.887307e+003,9.516872e+001
3.887789e+003,9.516946e+001
3.888271e+003,9.516843e+001
3.888753e+003,9.516440e+001
3.889235e+003,9.515936e+001
3.889717e+003,9.515738e+001
3.890199e+003,9.516238e+001
3.890682e+003,9.517475e+001
3.891164e+003,9.519089e+001
3.891646e+003,9.520522e+001
3.892128e+003,9.521458e+001
3.892610e+003,9.521918e+001
3.893092e+003,9.522121e+001
3.893574e+003,9.522221e+001
3.894056e+003,9.522260e+001
3.894539e+003,9.522184e+001
3.895021e+003,9.521946e+001
3.895503e+003,9.521540e+001
3.895985e+003,9.521043e+001
3.896467e+003,9.520610e+001
3.896949e+003,9.520446e+001
3.897431e+003,9.520720e+001
3.897913e+003,9.521500e+001
3.898396e+003,9.522642e+001
3.898877e+003,9.523815e+001
3.899360e+003,9.524606e+001
3.899842e+003,9.524730e+001
3.900324e+003,9.524156e+001
3.900806e+003,9.523070e+001
3.901288e+003,9.521767e+001
3.901770e+003,9.520544e+001
3.902252e+003,9.519619e+001
3.902734e+003,9.519129e+001
3.903217e+003,9.519064e+001
3.903699e+003,9.519286e+001
3.904181e+003,9.519589e+001
3.904663e+003,9.519812e+001
3.905145e+003,9.519881e+001
3.905627e+003,9.519797e+001
3.906109e+003,9.519555e+001
3.906591e+003,9.519150e+001
3.907073e+003,9.518597e+001
3.907556e+003,9.517979e+001
3.908038e+003,9.517410e+001
3.908520e+003,9.517010e+001
3.909002e+003,9.516853e+001
3.909484e+003,9.516939e+001
3.909966e+003,9.517191e+001
3.910448e+003,9.517494e+001
3.910930e+003,9.517744e+001
3.911413e+003,9.517879e+001
3.911895e+003,9.517892e+001
3.912377e+003,9.517812e+001
3.912859e+003,9.517662e+001
3.913341e+003,9.517455e+001
3.913823e+003,9.517184e+001
3.914305e+003,9.516859e+001
3.914787e+003,9.516519e+001
3.915270e+003,9.516226e+001
3.915752e+003,9.516022e+001
3.916234e+003,9.515874e+001
3.916716e+003,9.515697e+001
3.917198e+003,9.515418e+001
3.917680e+003,9.515001e+001
3.918162e+003,9.514500e+001
3.918644e+003,9.514001e+001
3.919126e+003,9.513605e+001
3.919609e+003,9.513381e+001
3.920091e+003,9.513361e+001
3.920573e+003,9.513523e+001
3.921055e+003,9.513805e+001
3.921537e+003,9.514142e+001
3.922019e+003,9.514494e+001
3.922501e+003,9.514866e+001
3.922983e+003,9.515292e+001
3.923466e+003,9.515760e+001
3.923948e+003,9.516163e+001
3.924430e+003,9.516312e+001
3.924912e+003,9.516066e+001
3.925394e+003,9.515456e+001
3.925876e+003,9.514680e+001
3.926358e+003,9.513991e+001
3.926840e+003,9.513600e+001
3.927323e+003,9.513638e+001
3.927804e+003,9.514145e+001
3.928287e+003,9.515044e+001
3.928769e+003,9.516161e+001
3.929251e+003,9.517233e+001
3.929733e+003,9.517998e+001
3.930215e+003,9.518298e+001
3.930697e+003,9.518151e+001
3.931179e+003,9.517706e+001
3.931661e+003,9.517159e+001
3.932144e+003,9.516637e+001
3.932626e+003,9.516148e+001
3.933108e+003,9.515608e+001
3.933590e+003,9.514944e+001
3.934072e+003,9.514126e+001
3.934554e+003,9.513204e+001
3.935036e+003,9.512292e+001
3.935518e+003,9.511527e+001
3.936000e+003,9.511034e+001
3.936483e+003,9.510868e+001
3.936965e+003,9.510995e+001
3.937447e+003,9.511287e+001
3.937929e+003,9.511557e+001
3.938411e+003,9.511649e+001
3.938893e+003,9.511470e+001
3.939375e+003,9.511027e+001
3.939857e+003,9.510410e+001
3.940340e+003,9.509777e+001
3.940822e+003,9.509314e+001
3.941304e+003,9.509187e+001
3.941786e+003,9.509486e+001
3.942268e+003,9.510186e+001
3.942750e+003,9.511150e+001
3.943232e+003,9.512199e+001
3.943714e+003,9.513154e+001
3.944197e+003,9.513898e+001
3.944679e+003,9.514342e+001
3.945161e+003,9.514454e+001
3.945643e+003,9.514253e+001
3.946125e+003,9.513814e+001
3.946607e+003,9.513243e+001
3.947089e+003,9.512642e+001
3.947571e+003,9.512058e+001
3.948053e+003,9.511481e+001
3.948536e+003,9.510862e+001
3.949018e+003,9.510197e+001
3.949500e+003,9.509539e+001
3.949982e+003,9.509008e+001
3.950464e+003,9.508718e+001
3.950946e+003,9.508733e+001
3.951428e+003,9.509033e+001
3.951910e+003,9.509526e+001
3.952393e+003,9.510071e+001
3.952875e+003,9.510548e+001
3.953357e+003,9.510890e+001
3.953839e+003,9.511109e+001
3.954321e+003,9.511263e+001
3.954803e+003,9.511429e+001
3.955285e+003,9.511637e+001
3.955767e+003,9.511858e+001
3.956250e+003,9.511993e+001
3.956731e+003,9.511945e+001
3.957214e+003,9.511653e+001
3.957696e+003,9.511149e+001
3.958178e+003,9.510546e+001
3.958660e+003,9.510015e+001
3.959142e+003,9.509708e+001
3.959624e+003,9.509724e+001
3.960106e+003,9.510062e+001
3.960588e+003,9.510625e+001
3.961071e+003,9.511256e+001
3.961553e+003,9.511784e+001
3.962035e+003,9.512074e+001
3.962517e+003,9.512055e+001
3.962999e+003,9.511734e+001
3.963481e+003,9.511182e+001
3.963963e+003,9.510487e+001
3.964445e+003,9.509750e+001
3.964927e+003,9.509058e+001
3.965410e+003,9.508483e+001
3.965892e+003,9.508066e+001
3.966374e+003,9.507818e+001
3.966856e+003,9.507715e+001
3.967338e+003,9.507716e+001
3.967820e+003,9.507761e+001
3.968302e+003,9.507821e+001
3.968784e+003,9.507889e+001
3.969267e+003,9.507990e+001
3.969749e+003,9.508157e+001
3.970231e+003,9.508409e+001
3.970713e+003,9.508732e+001
3.971195e+003,9.509084e+001
3.971677e+003,9.509407e+001
3.972159e+003,9.509658e+001
3.972641e+003,9.509814e+001
3.973124e+003,9.509884e+001
3.973606e+003,9.509879e+001
3.974088e+003,9.509810e+001
3.974570e+003,9.509663e+001
3.975052e+003,9.509421e+001
3.975534e+003,9.509077e+001
3.976016e+003,9.508672e+001
3.976498e+003,9.508281e+001
3.976980e+003,9.507995e+001
3.977463e+003,9.507890e+001
3.977945e+003,9.507970e+001
3.978427e+003,9.508162e+001
3.978909e+003,9.508341e+001
3.979391e+003,9.508361e+001
3.979873e+003,9.508130e+001
3.980355e+003,9.507649e+001
3.980837e+003,9.507024e+001
3.981320e+003,9.506419e+001
3.981802e+003,9.506001e+001
3.982284e+003,9.505867e+001
3.982766e+003,9.506006e+001
3.983248e+003,9.506316e+001
3.983730e+003,9.506654e+001
3.984212e+003,9.506897e+001
3.984694e+003,9.506988e+001
3.985177e+003,9.506944e+001
3.985658e+003,9.506842e+001
3.986141e+003,9.506763e+001
3.986623e+003,9.506777e+001
3.987105e+003,9.506898e+001
3.987587e+003,9.507111e+001
3.988069e+003,9.507375e+001
3.988551e+003,9.507650e+001
3.989033e+003,9.507895e+001
3.989515e+003,9.508073e+001
3.989998e+003,9.508140e+001
3.990480e+003,9.508070e+001
3.990962e+003,9.507848e+001
3.991444e+003,9.507500e+001
3.991926e+003,9.507085e+001
3.992408e+003,9.506694e+001
3.992890e+003,9.506410e+001
3.993372e+003,9.506287e+001
3.993854e+003,9.506313e+001
3.994337e+003,9.506436e+001
3.994819e+003,9.506557e+001
3.995301e+003,9.506598e+001
3.995783e+003,9.506527e+001
3.996265e+003,9.506361e+001
3.996747e+003,9.506157e+001
3.997229e+003,9.505956e+001
3.997711e+003,9.505772e+001
3.998194e+003,9.505569e+001
3.998676e+003,9.505288e+001
3.999158e+003,9.504886e+001
3.999640e+003,9.504360e+001
4.000122e+003,9.503800e+001
