4.001569e+002,7.641290e+001
4.006390e+002,7.611241e+001
4.011211e+002,7.595854e+001
4.016032e+002,7.587762e+001
4.020853e+002,7.582464e+001
4.025674e+002,7.578603e+001
4.030496e+002,7.576651e+001
4.035317e+002,7.577535e+001
4.040138e+002,7.581181e+001
4.044959e+002,7.586007e+001
4.049780e+002,7.589201e+001
4.054601e+002,7.587895e+001
4.059423e+002,7.580650e+001
4.064244e+002,7.568449e+001
4.069065e+002,7.554113e+001
4.073886e+002,7.540620e+001
4.078707e+002,7.529577e+001
4.083528e+002,7.520825e+001
4.088350e+002,7.511377e+001
4.093171e+002,7.500862e+001
4.097992e+002,7.492294e+001
4.102813e+002,7.487719e+001
4.107634e+002,7.482761e+001
4.112455e+002,7.479369e+001
4.117277e+002,7.480691e+001
4.122098e+002,7.485574e+001
4.126919e+002,7.490988e+001
4.131740e+002,7.496178e+001
4.136561e+002,7.498101e+001
4.141382e+002,7.504273e+001
4.146204e+002,7.506055e+001
4.151025e+002,7.508395e+001
4.155846e+002,7.511671e+001
4.160667e+002,7.514467e+001
4.165488e+002,7.513380e+001
4.170309e+002,7.503975e+001
4.175131e+002,7.483881e+001
4.179952e+002,7.453525e+001
4.184773e+002,7.421670e+001
4.189594e+002,7.401631e+001
4.194415e+002,7.405555e+001
4.199236e+002,7.425563e+001
4.204058e+002,7.448360e+001
4.208879e+002,7.463699e+001
4.213700e+002,7.469555e+001
4.218521e+002,7.468524e+001
4.223342e+002,7.462752e+001
4.228163e+002,7.451699e+001
4.232985e+002,7.441196e+001
4.237806e+002,7.435802e+001
4.242627e+002,7.430151e+001
4.247448e+002,7.424084e+001
4.252269e+002,7.417708e+001
4.257090e+002,7.410227e+001
4.261912e+002,7.398385e+001
4.266733e+002,7.387865e+001
4.271554e+002,7.379532e+001
4.276375e+002,7.373914e+001
4.281196e+002,7.371098e+001
4.286017e+002,7.371448e+001
4.290839e+002,7.374020e+001
4.295660e+002,7.380504e+001
4.300481e+002,7.388097e+001
4.305302e+002,7.399495e+001
4.310123e+002,7.412008e+001
4.314944e+002,7.425003e+001
4.319766e+002,7.435931e+001
4.324587e+002,7.442744e+001
4.329408e+002,7.445377e+001
4.334229e+002,7.443423e+001
4.339050e+002,7.440057e+001
4.343871e+002,7.436703e+001
4.348693e+002,7.437106e+001
4.353514e+002,7.443615e+001
4.358335e+002,7.455730e+001
4.363156e+002,7.470516e+001
4.367977e+002,7.486680e+001
4.372798e+002,7.504155e+001
4.377620e+002,7.518751e+001
4.382441e+002,7.531958e+001
4.387262e+002,7.543060e+001
4.392083e+002,7.553247e+001
4.396904e+002,7.562881e+001
4.401725e+002,7.572469e+001
4.406547e+002,7.580398e+001
4.411368e+002,7.586683e+001
4.416189e+002,7.589127e+001
4.421010e+002,7.591637e+001
4.425831e+002,7.591104e+001
4.430652e+002,7.589539e+001
4.435474e+002,7.587202e+001
4.440295e+002,7.584205e+001
4.445116e+002,7.577598e+001
4.449937e+002,7.572334e+001
4.454758e+002,7.570644e+001
4.459579e+002,7.569126e+001
4.464401e+002,7.569110e+001
4.469222e+002,7.570157e+001
4.474043e+002,7.570941e+001
4.478864e+002,7.569249e+001
4.483685e+002,7.568491e+001
4.488506e+002,7.565015e+001
4.493328e+002,7.561128e+001
4.498149e+002,7.561633e+001
4.502970e+002,7.563720e+001
4.507791e+002,7.566975e+001
4.512612e+002,7.574379e+001
4.517433e+002,7.581824e+001
4.522255e+002,7.587560e+001
4.527076e+002,7.590816e+001
4.531897e+002,7.593784e+001
4.536718e+002,7.594714e+001
4.541539e+002,7.595934e+001
4.546360e+002,7.598627e+001
4.551182e+002,7.602206e+001
4.556003e+002,7.603424e+001
4.560824e+002,7.600646e+001
4.565645e+002,7.592484e+001
4.570466e+002,7.579437e+001
4.575287e+002,7.563840e+001
4.580109e+002,7.549975e+001
4.584930e+002,7.543323e+001
4.589751e+002,7.539427e+001
4.594572e+002,7.542711e+001
4.599393e+002,7.548666e+001
4.604214e+002,7.553699e+001
4.609036e+002,7.557914e+001
4.613857e+002,7.560279e+001
4.618678e+002,7.560760e+001
4.623499e+002,7.557986e+001
4.628320e+002,7.554227e+001
4.633141e+002,7.548698e+001
4.637963e+002,7.539648e+001
4.642784e+002,7.530515e+001
4.647605e+002,7.521174e+001
4.652426e+002,7.514507e+001
4.657247e+002,7.508475e+001
4.662068e+002,7.504684e+001
4.666890e+002,7.503748e+001
4.671711e+002,7.503394e+001
4.676532e+002,7.503415e+001
4.681353e+002,7.503451e+001
4.686174e+002,7.503550e+001
4.690995e+002,7.504008e+001
4.695817e+002,7.505019e+001
4.700638e+002,7.506760e+001
4.705459e+002,7.507847e+001
4.710280e+002,7.509939e+001
4.715101e+002,7.509609e+001
4.719922e+002,7.506486e+001
4.724744e+002,7.499429e+001
4.729565e+002,7.493697e+001
4.734386e+002,7.486526e+001
4.739207e+002,7.477895e+001
4.744028e+002,7.466241e+001
4.748849e+002,7.454031e+001
4.753671e+002,7.438332e+001
4.758492e+002,7.416554e+001
4.763313e+002,7.394606e+001
4.768134e+002,7.374216e+001
4.772955e+002,7.354482e+001
4.777776e+002,7.340817e+001
4.782598e+002,7.329353e+001
4.787419e+002,7.319146e+001
4.792240e+002,7.309249e+001
4.797061e+002,7.298644e+001
4.801882e+002,7.287561e+001
4.806703e+002,7.275207e+001
4.811525e+002,7.262189e+001
4.816346e+002,7.249628e+001
4.821167e+002,7.236673e+001
4.825988e+002,7.224030e+001
4.830809e+002,7.209879e+001
4.835630e+002,7.197169e+001
4.840452e+002,7.183834e+001
4.845273e+002,7.173450e+001
4.850094e+002,7.165514e+001
4.854915e+002,7.155704e+001
4.859736e+002,7.151083e+001
4.864557e+002,7.139293e+001
4.869379e+002,7.123109e+001
4.874200e+002,7.105289e+001
4.879021e+002,7.084351e+001
4.883842e+002,7.061898e+001
4.888663e+002,7.038998e+001
4.893484e+002,7.016364e+001
4.898306e+002,6.995579e+001
4.903127e+002,6.974387e+001
4.907948e+002,6.952612e+001
4.912769e+002,6.930305e+001
4.917590e+002,6.904933e+001
4.922411e+002,6.879514e+001
4.927233e+002,6.856311e+001
4.932054e+002,6.829874e+001
4.936875e+002,6.806554e+001
4.941696e+002,6.781332e+001
4.946517e+002,6.753461e+001
4.951339e+002,6.724509e+001
4.956160e+002,6.696063e+001
4.960981e+002,6.670071e+001
4.965802e+002,6.648194e+001
4.970623e+002,6.631546e+001
4.975444e+002,6.622917e+001
4.980266e+002,6.620346e+001
4.985087e+002,6.625579e+001
4.989908e+002,6.634809e+001
4.994729e+002,6.647176e+001
4.999550e+002,6.662697e+001
5.004371e+002,6.684398e+001
5.009193e+002,6.713530e+001
5.014014e+002,6.750002e+001
5.018835e+002,6.791243e+001
5.023656e+002,6.837672e+001
5.028477e+002,6.884712e+001
5.033298e+002,6.929367e+001
5.038120e+002,6.971471e+001
5.042941e+002,7.008400e+001
5.047762e+002,7.043568e+001
5.052583e+002,7.078575e+001
5.057404e+002,7.115530e+001
5.062225e+002,7.154120e+001
5.067047e+002,7.194422e+001
5.071868e+002,7.235000e+001
5.076689e+002,7.273902e+001
5.081510e+002,7.310517e+001
5.086331e+002,7.343583e+001
5.091152e+002,7.374807e+001
5.095974e+002,7.401113e+001
5.100795e+002,7.426106e+001
5.105616e+002,7.447369e+001
5.110437e+002,7.466052e+001
5.115258e+002,7.479787e+001
5.120079e+002,7.490751e+001
5.124901e+002,7.500632e+001
5.129722e+002,7.510255e+001
5.134543e+002,7.518970e+001
5.139364e+002,7.528742e+001
5.144185e+002,7.539861e+001
5.149006e+002,7.552345e+001
5.153828e+002,7.566246e+001
5.158649e+002,7.581524e+001
5.163470e+002,7.598431e+001
5.168291e+002,7.614722e+001
5.173112e+002,7.631164e+001
5.177933e+002,7.643998e+001
5.182755e+002,7.656374e+001
5.187576e+002,7.663847e+001
5.192397e+002,7.671065e+001
5.197218e+002,7.676930e+001
5.202039e+002,7.681728e+001
5.206860e+002,7.685430e+001
5.211682e+002,7.687875e+001
5.216503e+002,7.689028e+001
5.221324e+002,7.689188e+001
5.226145e+002,7.689720e+001
5.230966e+002,7.691679e+001
5.235787e+002,7.693625e+001
5.240609e+002,7.700262e+001
5.245430e+002,7.711388e+001
5.250251e+002,7.723873e+001
5.255072e+002,7.738163e+001
5.259893e+002,7.749840e+001
5.264714e+002,7.759138e+001
5.269536e+002,7.767892e+001
5.274357e+002,7.776406e+001
5.279178e+002,7.782841e+001
5.283999e+002,7.791119e+001
5.288820e+002,7.800483e+001
5.293641e+002,7.810614e+001
5.298463e+002,7.820821e+001
5.303284e+002,7.830360e+001
5.308105e+002,7.838741e+001
5.312926e+002,7.845837e+001
5.317747e+002,7.851814e+001
5.322568e+002,7.856962e+001
5.327390e+002,7.861561e+001
5.332211e+002,7.865813e+001
5.337032e+002,7.869850e+001
5.341853e+002,7.873930e+001
5.346674e+002,7.878380e+001
5.351495e+002,7.883472e+001
5.356317e+002,7.889316e+001
5.361138e+002,7.895757e+001
5.365959e+002,7.902414e+001
5.370780e+002,7.908770e+001
5.375601e+002,7.914407e+001
5.380422e+002,7.919239e+001
5.385244e+002,7.923551e+001
5.390065e+002,7.928729e+001
5.394886e+002,7.932044e+001
5.399707e+002,7.937312e+001
5.404528e+002,7.943443e+001
5.409349e+002,7.950407e+001
5.414171e+002,7.958889e+001
5.418992e+002,7.965654e+001
5.423813e+002,7.973816e+001
5.428634e+002,7.982135e+001
5.433455e+002,7.990292e+001
5.438276e+002,7.999108e+001
5.443098e+002,8.005634e+001
5.447919e+002,8.010619e+001
5.452740e+002,8.013594e+001
5.457561e+002,8.016999e+001
5.462382e+002,8.021156e+001
5.467203e+002,8.025516e+001
5.472025e+002,8.031509e+001
5.476846e+002,8.038975e+001
5.481667e+002,8.047372e+001
5.486488e+002,8.056246e+001
5.491309e+002,8.065035e+001
5.496130e+002,8.072729e+001
5.500952e+002,8.079532e+001
5.505773e+002,8.085974e+001
5.510594e+002,8.092601e+001
5.515415e+002,8.099827e+001
5.520236e+002,8.107020e+001
5.525057e+002,8.113808e+001
5.529879e+002,8.121967e+001
5.534700e+002,8.131135e+001
5.539521e+002,8.139979e+001
5.544342e+002,8.149174e+001
5.549163e+002,8.159113e+001
5.553984e+002,8.169569e+001
5.558806e+002,8.180387e+001
5.563627e+002,8.192166e+001
5.568448e+002,8.204040e+001
5.573269e+002,8.215961e+001
5.578090e+002,8.228062e+001
5.582911e+002,8.240518e+001
5.587733e+002,8.254379e+001
5.592554e+002,8.267496e+001
5.597375e+002,8.280218e+001
5.602196e+002,8.292391e+001
5.607017e+002,8.303886e+001
5.611838e+002,8.314487e+001
5.616660e+002,8.325464e+001
5.621481e+002,8.335355e+001
5.626302e+002,8.346049e+001
5.631123e+002,8.356141e+001
5.635944e+002,8.364941e+001
5.640765e+002,8.371902e+001
5.645587e+002,8.376946e+001
5.650408e+002,8.380586e+001
5.655229e+002,8.383789e+001
5.660050e+002,8.387628e+001
5.664871e+002,8.392862e+001
5.669692e+002,8.399644e+001
5.674514e+002,8.407509e+001
5.679335e+002,8.415598e+001
5.684156e+002,8.424826e+001
5.688977e+002,8.431057e+001
5.693798e+002,8.437221e+001
5.698619e+002,8.441084e+001
5.703441e+002,8.444087e+001
5.708262e+002,8.447089e+001
5.713083e+002,8.449284e+001
5.717904e+002,8.450452e+001
5.722725e+002,8.450561e+001
5.727546e+002,8.450983e+001
5.732368e+002,8.450133e+001
5.737189e+002,8.449622e+001
5.742010e+002,8.449868e+001
5.746831e+002,8.450905e+001
5.751652e+002,8.452393e+001
5.756473e+002,8.453803e+001
5.761295e+002,8.454708e+001
5.766116e+002,8.455000e+001
5.770937e+002,8.454896e+001
5.775758e+002,8.454702e+001
5.780579e+002,8.454550e+001
5.785400e+002,8.454255e+001
5.790222e+002,8.453365e+001
5.795043e+002,8.451374e+001
5.799864e+002,8.447994e+001
5.804685e+002,8.443343e+001
5.809506e+002,8.437918e+001
5.814327e+002,8.432365e+001
5.819149e+002,8.427162e+001
5.823970e+002,8.422440e+001
5.828791e+002,8.418050e+001
5.833612e+002,8.413738e+001
5.838433e+002,8.409393e+001
5.843254e+002,8.405112e+001
5.848076e+002,8.401146e+001
5.852897e+002,8.397659e+001
5.857718e+002,8.394524e+001
5.862539e+002,8.391270e+001
5.867360e+002,8.387234e+001
5.872181e+002,8.381841e+001
5.877003e+002,8.374828e+001
5.881824e+002,8.366358e+001
5.886645e+002,8.356861e+001
5.891466e+002,8.346741e+001
5.896287e+002,8.336107e+001
5.901108e+002,8.324644e+001
5.905930e+002,8.311742e+001
5.910751e+002,8.296791e+001
5.915572e+002,8.279534e+001
5.920393e+002,8.260228e+001
5.925214e+002,8.239510e+001
5.930035e+002,8.218018e+001
5.934857e+002,8.196072e+001
5.939678e+002,8.173572e+001
5.944499e+002,8.150252e+001
5.949320e+002,8.126051e+001
5.954141e+002,8.101458e+001
5.958962e+002,8.077592e+001
5.963784e+002,8.056010e+001
5.968605e+002,8.038284e+001
5.973426e+002,8.025609e+001
5.978247e+002,8.018592e+001
5.983068e+002,8.017317e+001
5.987889e+002,8.021582e+001
5.992711e+002,8.031137e+001
5.997532e+002,8.045767e+001
6.002353e+002,8.065206e+001
6.007174e+002,8.088936e+001
6.011995e+002,8.116053e+001
6.016816e+002,8.145301e+001
6.021638e+002,8.175268e+001
6.026459e+002,8.204636e+001
6.031280e+002,8.232402e+001
6.036101e+002,8.257949e+001
6.040922e+002,8.280991e+001
6.045743e+002,8.301427e+001
6.050565e+002,8.319189e+001
6.055386e+002,8.334130e+001
6.060207e+002,8.346059e+001
6.065028e+002,8.354848e+001
6.069849e+002,8.360593e+001
6.074670e+002,8.363693e+001
6.079492e+002,8.364837e+001
6.084313e+002,8.364853e+001
6.089134e+002,8.364511e+001
6.093955e+002,8.364336e+001
6.098776e+002,8.364548e+001
6.103597e+002,8.365094e+001
6.108419e+002,8.365777e+001
6.113240e+002,8.366357e+001
6.118061e+002,8.366618e+001
6.122882e+002,8.366371e+001
6.127703e+002,8.365437e+001
6.132524e+002,8.363626e+001
6.137346e+002,8.360804e+001
6.142167e+002,8.356922e+001
6.146988e+002,8.352084e+001
6.151809e+002,8.346520e+001
6.156630e+002,8.340532e+001
6.161451e+002,8.334378e+001
6.166273e+002,8.328200e+001
6.171094e+002,8.322012e+001
6.175915e+002,8.315792e+001
6.180736e+002,8.309583e+001
6.185557e+002,8.303557e+001
6.190378e+002,8.297970e+001
6.195200e+002,8.293042e+001
6.200021e+002,8.288797e+001
6.204842e+002,8.284976e+001
6.209663e+002,8.281057e+001
6.214484e+002,8.276415e+001
6.219305e+002,8.270515e+001
6.224127e+002,8.263073e+001
6.228948e+002,8.254112e+001
6.233769e+002,8.243903e+001
6.238590e+002,8.232813e+001
6.243411e+002,8.221158e+001
6.248232e+002,8.209067e+001
6.253054e+002,8.196400e+001
6.257875e+002,8.182670e+001
6.262696e+002,8.166996e+001
6.267517e+002,8.148078e+001
6.272338e+002,8.124282e+001
6.277159e+002,8.093874e+001
6.281981e+002,8.055487e+001
6.286802e+002,8.008719e+001
6.291623e+002,7.954762e+001
6.296444e+002,7.896740e+001
6.301265e+002,7.839583e+001
6.306086e+002,7.789317e+001
6.310908e+002,7.751946e+001
6.315729e+002,7.732169e+001
6.320550e+002,7.732371e+001
6.325371e+002,7.752110e+001
6.330192e+002,7.788264e+001
6.335013e+002,7.835757e+001
6.339835e+002,7.888664e+001
6.344656e+002,7.941335e+001
6.349477e+002,7.989288e+001
6.354298e+002,8.029629e+001
6.359119e+002,8.061061e+001
6.363940e+002,8.083562e+001
6.368762e+002,8.097968e+001
6.373583e+002,8.105573e+001
6.378404e+002,8.107845e+001
6.383225e+002,8.106203e+001
6.388046e+002,8.101888e+001
6.392867e+002,8.095839e+001
6.397689e+002,8.088647e+001
6.402510e+002,8.080579e+001
6.407331e+002,8.071708e+001
6.412152e+002,8.062084e+001
6.416973e+002,8.051900e+001
6.421794e+002,8.041532e+001
6.426616e+002,8.031490e+001
6.431437e+002,8.022236e+001
6.436258e+002,8.014017e+001
6.441079e+002,8.006772e+001
6.445900e+002,8.000175e+001
6.450721e+002,7.993811e+001
6.455543e+002,7.987402e+001
6.460364e+002,7.980953e+001
6.465185e+002,7.974777e+001
6.470006e+002,7.969369e+001
6.474827e+002,7.965212e+001
6.479648e+002,7.962592e+001
6.484470e+002,7.961512e+001
6.489291e+002,7.961716e+001
6.494112e+002,7.962819e+001
6.498933e+002,7.964416e+001
6.503754e+002,7.966166e+001
6.508575e+002,7.967757e+001
6.513397e+002,7.968865e+001
6.518218e+002,7.969118e+001
6.523039e+002,7.968166e+001
6.527860e+002,7.965757e+001
6.532681e+002,7.961864e+001
6.537502e+002,7.956690e+001
6.542324e+002,7.950610e+001
6.547145e+002,7.944040e+001
6.551966e+002,7.937303e+001
6.556787e+002,7.930548e+001
6.561608e+002,7.923787e+001
6.566429e+002,7.916969e+001
6.571251e+002,7.910090e+001
6.576072e+002,7.903229e+001
6.580893e+002,7.896538e+001
6.585714e+002,7.890150e+001
6.590535e+002,7.884100e+001
6.595356e+002,7.878259e+001
6.600178e+002,7.872397e+001
6.604999e+002,7.866243e+001
6.609820e+002,7.859602e+001
6.614641e+002,7.852391e+001
6.619462e+002,7.844635e+001
6.624283e+002,7.836433e+001
6.629105e+002,7.827916e+001
6.633926e+002,7.819206e+001
6.638747e+002,7.810432e+001
6.643568e+002,7.801701e+001
6.648389e+002,7.793068e+001
6.653210e+002,7.784485e+001
6.658032e+002,7.775702e+001
6.662853e+002,7.766119e+001
6.667674e+002,7.754690e+001
6.672495e+002,7.739998e+001
6.677316e+002,7.721079e+001
6.682137e+002,7.698846e+001
6.686959e+002,7.676483e+001
6.691780e+002,7.657216e+001
6.696601e+002,7.642025e+001
6.701422e+002,7.629897e+001
6.706243e+002,7.619179e+001
6.711064e+002,7.608391e+001
6.715886e+002,7.596428e+001
6.720707e+002,7.582524e+001
6.725528e+002,7.566233e+001
6.730349e+002,7.547387e+001
6.735170e+002,7.526044e+001
6.739991e+002,7.502351e+001
6.744813e+002,7.476457e+001
6.749634e+002,7.448489e+001
6.754455e+002,7.418640e+001
6.759276e+002,7.387302e+001
6.764097e+002,7.355149e+001
6.768918e+002,7.323069e+001
6.773740e+002,7.292035e+001
6.778561e+002,7.262894e+001
6.783382e+002,7.236311e+001
6.788203e+002,7.212771e+001
6.793024e+002,7.192679e+001
6.797845e+002,7.176366e+001
6.802667e+002,7.164055e+001
6.807488e+002,7.155713e+001
6.812309e+002,7.150972e+001
6.817130e+002,7.149112e+001
6.821951e+002,7.149167e+001
6.826772e+002,7.150109e+001
6.831594e+002,7.150992e+001
6.836415e+002,7.151063e+001
6.841236e+002,7.149793e+001
6.846057e+002,7.146853e+001
6.850878e+002,7.142049e+001
6.855699e+002,7.135269e+001
6.860521e+002,7.126440e+001
6.865342e+002,7.115528e+001
6.870163e+002,7.102573e+001
6.874984e+002,7.087683e+001
6.879805e+002,7.071046e+001
6.884626e+002,7.052834e+001
6.889448e+002,7.033131e+001
6.894269e+002,7.011867e+001
6.899090e+002,6.988824e+001
6.903911e+002,6.963709e+001
6.908732e+002,6.936273e+001
6.913553e+002,6.906393e+001
6.918375e+002,6.874112e+001
6.923196e+002,6.839584e+001
6.928017e+002,6.802985e+001
6.932838e+002,6.764419e+001
6.937659e+002,6.723860e+001
6.942480e+002,6.681164e+001
6.947302e+002,6.636115e+001
6.952123e+002,6.588472e+001
6.956944e+002,6.538000e+001
6.961765e+002,6.484454e+001
6.966586e+002,6.427607e+001
6.971407e+002,6.367266e+001
6.976229e+002,6.303384e+001
6.981050e+002,6.236154e+001
6.985871e+002,6.166094e+001
6.990692e+002,6.094003e+001
6.995513e+002,6.020846e+001
7.000334e+002,5.947543e+001
7.005156e+002,5.874832e+001
7.009977e+002,5.803223e+001
7.014798e+002,5.733072e+001
7.019619e+002,5.664713e+001
7.024440e+002,5.598532e+001
7.029261e+002,5.534924e+001
7.034083e+002,5.474158e+001
7.038904e+002,5.416207e+001
7.043725e+002,5.360690e+001
7.048546e+002,5.306981e+001
7.053367e+002,5.254430e+001
7.058188e+002,5.202591e+001
7.063010e+002,5.151337e+001
7.067831e+002,5.100771e+001
7.072652e+002,5.051012e+001
7.077473e+002,5.001962e+001
7.082294e+002,4.953188e+001
7.087115e+002,4.903981e+001
7.091937e+002,4.853537e+001
7.096758e+002,4.801127e+001
7.101579e+002,4.746168e+001
7.106400e+002,4.688102e+001
7.111221e+002,4.626239e+001
7.116042e+002,4.559583e+001
7.120864e+002,4.486848e+001
7.125685e+002,4.406635e+001
7.130506e+002,4.317769e+001
7.135327e+002,4.219600e+001
7.140148e+002,4.112178e+001
7.144969e+002,3.996204e+001
7.149791e+002,3.872803e+001
7.154612e+002,3.743233e+001
7.159433e+002,3.608705e+001
7.164254e+002,3.470359e+001
7.169075e+002,3.329433e+001
7.173896e+002,3.187441e+001
7.178718e+002,3.046242e+001
7.183539e+002,2.907898e+001
7.188360e+002,2.774372e+001
7.193181e+002,2.647211e+001
7.198002e+002,2.527435e+001
7.202823e+002,2.415723e+001
7.207645e+002,2.312825e+001
7.212466e+002,2.219938e+001
7.217287e+002,2.138822e+001
7.222108e+002,2.071544e+001
7.226929e+002,2.020049e+001
7.231750e+002,1.985787e+001
7.236572e+002,1.969607e+001
7.241393e+002,1.971945e+001
7.246214e+002,1.993128e+001
7.251035e+002,2.033562e+001
7.255856e+002,2.093629e+001
7.260677e+002,2.173315e+001
7.265499e+002,2.271769e+001
7.270320e+002,2.387099e+001
7.275141e+002,2.516552e+001
7.279962e+002,2.657039e+001
7.284783e+002,2.805755e+001
7.289604e+002,2.960621e+001
7.294426e+002,3.120385e+001
7.299247e+002,3.284385e+001
7.304068e+002,3.452182e+001
7.308889e+002,3.623286e+001
7.313710e+002,3.797112e+001
7.318531e+002,3.973174e+001
7.323353e+002,4.151350e+001
7.328174e+002,4.332038e+001
7.332995e+002,4.516109e+001
7.337816e+002,4.704649e+001
7.342637e+002,4.898631e+001
7.347458e+002,5.098631e+001
7.352280e+002,5.304715e+001
7.357101e+002,5.516436e+001
7.361922e+002,5.732915e+001
7.366743e+002,5.952879e+001
7.371564e+002,6.174680e+001
7.376385e+002,6.396288e+001
7.381207e+002,6.615366e+001
7.386028e+002,6.829399e+001
7.390849e+002,7.035896e+001
7.395670e+002,7.232541e+001
7.400491e+002,7.417333e+001
7.405313e+002,7.588654e+001
7.410134e+002,7.745351e+001
7.414955e+002,7.886806e+001
7.419776e+002,8.013018e+001
7.424597e+002,8.124584e+001
7.429418e+002,8.222559e+001
7.434240e+002,8.308239e+001
7.439061e+002,8.382946e+001
7.443882e+002,8.447894e+001
7.448703e+002,8.504173e+001
7.453524e+002,8.552820e+001
7.458345e+002,8.594884e+001
7.463167e+002,8.631413e+001
7.467988e+002,8.663327e+001
7.472809e+002,8.691280e+001
7.477630e+002,8.715590e+001
7.482451e+002,8.736286e+001
7.487272e+002,8.753331e+001
7.492094e+002,8.766858e+001
7.496915e+002,8.777350e+001
7.501736e+002,8.785611e+001
7.506557e+002,8.792590e+001
7.511378e+002,8.799064e+001
7.516199e+002,8.805427e+001
7.521021e+002,8.811609e+001
7.525842e+002,8.817234e+001
7.530663e+002,8.821876e+001
7.535484e+002,8.825315e+001
7.540305e+002,8.827644e+001
7.545126e+002,8.829193e+001
7.549948e+002,8.830323e+001
7.554769e+002,8.831203e+001
7.559590e+002,8.831728e+001
7.564411e+002,8.831587e+001
7.569232e+002,8.830456e+001
7.574053e+002,8.828184e+001
7.578875e+002,8.824850e+001
7.583696e+002,8.820717e+001
7.588517e+002,8.816026e+001
7.593338e+002,8.810860e+001
7.598159e+002,8.805077e+001
7.602980e+002,8.798435e+001
7.607802e+002,8.790758e+001
7.612623e+002,8.782108e+001
7.617444e+002,8.772813e+001
7.622265e+002,8.763338e+001
7.627086e+002,8.754061e+001
7.631907e+002,8.745082e+001
7.636729e+002,8.736163e+001
7.641550e+002,8.726846e+001
7.646371e+002,8.716663e+001
7.651192e+002,8.705339e+001
7.656013e+002,8.692888e+001
7.660834e+002,8.679539e+001
7.665656e+002,8.665549e+001
7.670477e+002,8.651052e+001
7.675298e+002,8.635973e+001
7.680119e+002,8.620133e+001
7.684940e+002,8.603408e+001
7.689761e+002,8.585905e+001
7.694583e+002,8.567999e+001
7.699404e+002,8.550238e+001
7.704225e+002,8.533160e+001
7.709046e+002,8.517111e+001
7.713867e+002,8.502161e+001
7.718688e+002,8.488183e+001
7.723510e+002,8.474955e+001
7.728331e+002,8.462348e+001
7.733152e+002,8.450357e+001
7.737973e+002,8.439079e+001
7.742794e+002,8.428578e+001
7.747615e+002,8.418795e+001
7.752437e+002,8.409496e+001
7.757258e+002,8.400343e+001
7.762079e+002,8.391011e+001
7.766900e+002,8.381290e+001
7.771721e+002,8.371104e+001
7.776542e+002,8.360454e+001
7.781364e+002,8.349280e+001
7.786185e+002,8.337391e+001
7.791006e+002,8.324434e+001
7.795827e+002,8.310001e+001
7.800648e+002,8.293736e+001
7.805469e+002,8.275420e+001
7.810291e+002,8.254955e+001
7.815112e+002,8.232259e+001
7.819933e+002,8.207137e+001
7.824754e+002,8.179203e+001
7.829575e+002,8.147940e+001
7.834396e+002,8.112871e+001
7.839218e+002,8.073740e+001
7.844039e+002,8.030661e+001
7.848860e+002,7.984070e+001
7.853681e+002,7.934572e+001
7.858502e+002,7.882713e+001
7.863323e+002,7.828809e+001
7.868145e+002,7.772918e+001
7.872966e+002,7.714938e+001
7.877787e+002,7.654785e+001
7.882608e+002,7.592560e+001
7.887429e+002,7.528642e+001
7.892250e+002,7.463710e+001
7.897072e+002,7.398748e+001
7.901893e+002,7.335070e+001
7.906714e+002,7.274358e+001
7.911535e+002,7.218703e+001
7.916356e+002,7.170545e+001
7.921177e+002,7.132489e+001
7.925999e+002,7.107019e+001
7.930820e+002,7.096188e+001
7.935641e+002,7.101338e+001
7.940462e+002,7.122928e+001
7.945283e+002,7.160410e+001
7.950104e+002,7.212177e+001
7.954926e+002,7.275560e+001
7.959747e+002,7.346953e+001
7.964568e+002,7.422047e+001
7.969389e+002,7.496238e+001
7.974210e+002,7.565096e+001
7.979031e+002,7.624857e+001
7.983853e+002,7.672833e+001
7.988674e+002,7.707730e+001
7.993495e+002,7.729723e+001
7.998316e+002,7.740295e+001
8.003137e+002,7.741807e+001
8.007958e+002,7.736929e+001
8.012780e+002,7.728104e+001
8.017601e+002,7.717218e+001
8.022422e+002,7.705531e+001
8.027243e+002,7.693806e+001
8.032064e+002,7.682537e+001
8.036885e+002,7.672122e+001
8.041707e+002,7.662910e+001
8.046528e+002,7.655138e+001
8.051349e+002,7.648846e+001
8.056170e+002,7.643839e+001
8.060991e+002,7.639766e+001
8.065812e+002,7.636285e+001
8.070634e+002,7.633215e+001
8.075455e+002,7.630616e+001
8.080276e+002,7.628730e+001
8.085097e+002,7.627814e+001
8.089918e+002,7.627960e+001
8.094739e+002,7.628989e+001
8.099561e+002,7.630483e+001
8.104382e+002,7.631937e+001
8.109203e+002,7.632963e+001
8.114024e+002,7.633430e+001
8.118845e+002,7.633474e+001
8.123666e+002,7.633392e+001
8.128488e+002,7.633464e+001
8.133309e+002,7.633807e+001
8.138130e+002,7.634322e+001
8.142951e+002,7.634785e+001
8.147772e+002,7.634970e+001
8.152593e+002,7.634770e+001
8.157415e+002,7.634220e+001
8.162236e+002,7.633438e+001
8.167057e+002,7.632505e+001
8.171878e+002,7.631389e+001
8.176699e+002,7.629945e+001
8.181520e+002,7.628005e+001
8.186342e+002,7.625505e+001
8.191163e+002,7.622566e+001
8.195984e+002,7.619473e+001
8.200805e+002,7.616547e+001
8.205626e+002,7.614002e+001
8.210447e+002,7.611814e+001
8.215269e+002,7.609724e+001
8.220090e+002,7.607334e+001
8.224911e+002,7.604279e+001
8.229732e+002,7.600353e+001
8.234553e+002,7.595560e+001
8.239374e+002,7.590049e+001
8.244196e+002,7.583986e+001
8.249017e+002,7.577451e+001
8.253838e+002,7.570409e+001
8.258659e+002,7.562770e+001
8.263480e+002,7.554483e+001
8.268301e+002,7.545620e+001
8.273123e+002,7.536349e+001
8.277944e+002,7.526858e+001
8.282765e+002,7.517208e+001
8.287586e+002,7.507269e+001
8.292407e+002,7.496735e+001
8.297228e+002,7.485229e+001
8.302050e+002,7.472478e+001
8.306871e+002,7.458438e+001
8.311692e+002,7.443315e+001
8.316513e+002,7.427492e+001
8.321334e+002,7.411384e+001
8.326155e+002,7.395292e+001
8.330977e+002,7.379343e+001
8.335798e+002,7.363518e+001
8.340619e+002,7.347702e+001
8.345440e+002,7.331792e+001
8.350261e+002,7.315727e+001
8.355082e+002,7.299491e+001
8.359904e+002,7.283111e+001
8.364725e+002,7.266637e+001
8.369546e+002,7.250166e+001
8.374367e+002,7.233880e+001
8.379188e+002,7.218030e+001
8.384009e+002,7.202915e+001
8.388831e+002,7.188785e+001
8.393652e+002,7.175733e+001
8.398473e+002,7.163674e+001
8.403294e+002,7.152364e+001
8.408115e+002,7.141527e+001
8.412936e+002,7.131009e+001
8.417758e+002,7.120879e+001
8.422579e+002,7.111437e+001
8.427400e+002,7.103114e+001
8.432221e+002,7.096302e+001
8.437042e+002,7.091201e+001
8.441863e+002,7.087746e+001
8.446685e+002,7.085644e+001
8.451506e+002,7.084499e+001
8.456327e+002,7.083945e+001
8.461148e+002,7.083775e+001
8.465969e+002,7.083942e+001
8.470790e+002,7.084518e+001
8.475612e+002,7.085601e+001
8.480433e+002,7.087238e+001
8.485254e+002,7.089377e+001
8.490075e+002,7.091908e+001
8.494896e+002,7.094673e+001
8.499717e+002,7.097519e+001
8.504539e+002,7.100288e+001
8.509360e+002,7.102801e+001
8.514181e+002,7.104852e+001
8.519002e+002,7.106230e+001
8.523823e+002,7.106758e+001
8.528644e+002,7.106390e+001
8.533466e+002,7.105213e+001
8.538287e+002,7.103434e+001
8.543108e+002,7.101257e+001
8.547929e+002,7.098737e+001
8.552750e+002,7.095676e+001
8.557571e+002,7.091610e+001
8.562393e+002,7.085891e+001
8.567214e+002,7.077866e+001
8.572035e+002,7.067036e+001
8.576856e+002,7.053156e+001
8.581677e+002,7.036192e+001
8.586498e+002,7.016203e+001
8.591320e+002,6.993159e+001
8.596141e+002,6.966836e+001
8.600962e+002,6.936826e+001
8.605783e+002,6.902631e+001
8.610604e+002,6.863819e+001
8.615425e+002,6.820137e+001
8.620247e+002,6.771528e+001
8.625068e+002,6.718062e+001
8.629889e+002,6.659830e+001
8.634710e+002,6.596873e+001
8.639531e+002,6.529160e+001
8.644352e+002,6.456660e+001
8.649174e+002,6.379399e+001
8.653995e+002,6.297504e+001
8.658816e+002,6.211221e+001
8.663637e+002,6.120914e+001
8.668458e+002,6.027130e+001
8.673279e+002,5.930714e+001
8.678101e+002,5.832951e+001
8.682922e+002,5.735631e+001
8.687743e+002,5.640988e+001
8.692564e+002,5.551496e+001
8.697385e+002,5.469576e+001
8.702206e+002,5.397386e+001
8.707028e+002,5.336742e+001
8.711849e+002,5.289164e+001
8.716670e+002,5.255957e+001
8.721491e+002,5.238195e+001
8.726312e+002,5.236595e+001
8.731133e+002,5.251310e+001
8.735955e+002,5.281791e+001
8.740776e+002,5.326829e+001
8.745597e+002,5.384754e+001
8.750418e+002,5.453706e+001
8.755239e+002,5.531853e+001
8.760060e+002,5.617477e+001
8.764882e+002,5.708951e+001
8.769703e+002,5.804672e+001
8.774524e+002,5.903037e+001
8.779345e+002,6.002487e+001
8.784166e+002,6.101579e+001
8.788987e+002,6.199055e+001
8.793809e+002,6.293848e+001
8.798630e+002,6.385053e+001
8.803451e+002,6.471886e+001
8.808272e+002,6.553678e+001
8.813093e+002,6.629874e+001
8.817914e+002,6.700088e+001
8.822736e+002,6.764095e+001
8.827557e+002,6.821827e+001
8.832378e+002,6.873335e+001
8.837199e+002,6.918782e+001
8.842020e+002,6.958408e+001
8.846841e+002,6.992558e+001
8.851663e+002,7.021660e+001
8.856484e+002,7.046207e+001
8.861305e+002,7.066708e+001
8.866126e+002,7.083660e+001
8.870947e+002,7.097527e+001
8.875768e+002,7.108752e+001
8.880590e+002,7.117773e+001
8.885411e+002,7.125033e+001
8.890232e+002,7.130933e+001
8.895053e+002,7.135811e+001
8.899874e+002,7.139872e+001
8.904695e+002,7.143211e+001
8.909517e+002,7.145846e+001
8.914338e+002,7.147796e+001
8.919159e+002,7.149156e+001
8.923980e+002,7.150119e+001
8.928801e+002,7.150954e+001
8.933622e+002,7.151920e+001
8.938444e+002,7.153198e+001
8.943264e+002,7.154844e+001
8.948085e+002,7.156812e+001
8.952906e+002,7.159042e+001
8.957728e+002,7.161523e+001
8.962549e+002,7.164372e+001
8.967370e+002,7.167824e+001
8.972191e+002,7.172186e+001
8.977012e+002,7.177770e+001
8.981833e+002,7.184840e+001
8.986655e+002,7.193613e+001
8.991476e+002,7.204294e+001
8.996297e+002,7.217120e+001
9.001118e+002,7.232385e+001
9.005939e+002,7.250411e+001
9.010760e+002,7.271485e+001
9.015582e+002,7.295766e+001
9.020403e+002,7.323244e+001
9.025224e+002,7.353699e+001
9.030045e+002,7.386761e+001
9.034866e+002,7.421962e+001
9.039688e+002,7.458819e+001
9.044509e+002,7.496861e+001
9.049330e+002,7.535633e+001
9.054151e+002,7.574644e+001
9.058972e+002,7.613332e+001
9.063793e+002,7.651054e+001
9.068615e+002,7.687148e+001
9.073436e+002,7.721034e+001
9.078257e+002,7.752309e+001
9.083078e+002,7.780783e+001
9.087899e+002,7.806431e+001
9.092720e+002,7.829280e+001
9.097542e+002,7.849322e+001
9.102363e+002,7.866468e+001
9.107184e+002,7.880634e+001
9.112005e+002,7.891856e+001
9.116826e+002,7.900408e+001
9.121647e+002,7.906792e+001
9.126469e+002,7.911639e+001
9.131290e+002,7.915508e+001
9.136111e+002,7.918720e+001
9.140932e+002,7.921276e+001
9.145753e+002,7.922943e+001
9.150574e+002,7.923409e+001
9.155396e+002,7.922466e+001
9.160217e+002,7.920117e+001
9.165038e+002,7.916560e+001
9.169859e+002,7.912065e+001
9.174680e+002,7.906845e+001
9.179501e+002,7.900980e+001
9.184323e+002,7.894440e+001
9.189144e+002,7.887165e+001
9.193965e+002,7.879190e+001
9.198786e+002,7.870660e+001
9.203607e+002,7.861787e+001
9.208428e+002,7.852744e+001
9.213250e+002,7.843559e+001
9.218071e+002,7.834102e+001
9.222892e+002,7.824161e+001
9.227713e+002,7.813577e+001
9.232534e+002,7.802373e+001
9.237355e+002,7.790779e+001
9.242177e+002,7.779172e+001
9.246998e+002,7.767908e+001
9.251819e+002,7.757184e+001
9.256640e+002,7.746969e+001
9.261461e+002,7.737045e+001
9.266282e+002,7.727113e+001
9.271104e+002,7.716958e+001
9.275925e+002,7.706522e+001
9.280746e+002,7.695916e+001
9.285567e+002,7.685325e+001
9.290388e+002,7.674911e+001
9.295209e+002,7.664731e+001
9.300031e+002,7.654720e+001
9.304852e+002,7.644732e+001
9.309673e+002,7.634605e+001
9.314494e+002,7.624183e+001
9.319315e+002,7.613326e+001
9.324136e+002,7.601865e+001
9.328958e+002,7.589597e+001
9.333779e+002,7.576273e+001
9.338600e+002,7.561691e+001
9.343421e+002,7.545734e+001
9.348242e+002,7.528438e+001
9.353063e+002,7.509950e+001
9.357885e+002,7.490456e+001
9.362706e+002,7.470058e+001
9.367527e+002,7.448706e+001
9.372348e+002,7.426176e+001
9.377169e+002,7.402148e+001
9.381990e+002,7.376292e+001
9.386812e+002,7.348375e+001
9.391633e+002,7.318294e+001
9.396454e+002,7.286050e+001
9.401275e+002,7.251717e+001
9.406096e+002,7.215376e+001
9.410917e+002,7.177130e+001
9.415739e+002,7.137125e+001
9.420560e+002,7.095583e+001
9.425381e+002,7.052820e+001
9.430202e+002,7.009205e+001
9.435023e+002,6.965121e+001
9.439844e+002,6.920936e+001
9.444666e+002,6.876997e+001
9.449487e+002,6.833672e+001
9.454308e+002,6.791386e+001
9.459129e+002,6.750611e+001
9.463950e+002,6.711792e+001
9.468771e+002,6.675251e+001
9.473593e+002,6.641095e+001
9.478414e+002,6.609188e+001
9.483235e+002,6.579204e+001
9.488056e+002,6.550724e+001
9.492877e+002,6.523357e+001
9.497698e+002,6.496785e+001
9.502520e+002,6.470788e+001
9.507341e+002,6.445181e+001
9.512162e+002,6.419784e+001
9.516983e+002,6.394410e+001
9.521804e+002,6.368933e+001
9.526625e+002,6.343359e+001
9.531447e+002,6.317925e+001
9.536268e+002,6.293128e+001
9.541089e+002,6.269694e+001
9.545910e+002,6.248487e+001
9.550731e+002,6.230408e+001
9.555552e+002,6.216307e+001
9.560374e+002,6.206919e+001
9.565195e+002,6.202823e+001
9.570016e+002,6.204377e+001
9.574837e+002,6.211634e+001
9.579658e+002,6.224272e+001
9.584479e+002,6.241556e+001
9.589301e+002,6.262401e+001
9.594122e+002,6.285500e+001
9.598943e+002,6.309490e+001
9.603764e+002,6.333120e+001
9.608585e+002,6.355370e+001
9.613406e+002,6.375493e+001
9.618228e+002,6.393029e+001
9.623049e+002,6.407753e+001
9.627870e+002,6.419633e+001
9.632691e+002,6.428793e+001
9.637512e+002,6.435486e+001
9.642333e+002,6.440083e+001
9.647155e+002,6.443050e+001
9.651976e+002,6.444908e+001
9.656797e+002,6.446178e+001
9.661618e+002,6.447309e+001
9.666439e+002,6.448642e+001
9.671260e+002,6.450414e+001
9.676082e+002,6.452796e+001
9.680903e+002,6.455945e+001
9.685724e+002,6.460055e+001
9.690545e+002,6.465367e+001
9.695366e+002,6.472131e+001
9.700187e+002,6.480574e+001
9.705009e+002,6.490868e+001
9.709830e+002,6.503112e+001
9.714651e+002,6.517365e+001
9.719472e+002,6.533664e+001
9.724293e+002,6.552036e+001
9.729114e+002,6.572493e+001
9.733936e+002,6.594979e+001
9.738757e+002,6.619346e+001
9.743578e+002,6.645321e+001
9.748399e+002,6.672507e+001
9.753220e+002,6.700424e+001
9.758041e+002,6.728542e+001
9.762863e+002,6.756335e+001
9.767684e+002,6.783321e+001
9.772505e+002,6.809069e+001
9.777326e+002,6.833228e+001
9.782147e+002,6.855500e+001
9.786968e+002,6.875648e+001
9.791790e+002,6.893480e+001
9.796611e+002,6.908878e+001
9.801432e+002,6.921810e+001
9.806253e+002,6.932355e+001
9.811074e+002,6.940707e+001
9.815895e+002,6.947133e+001
9.820717e+002,6.951922e+001
9.825538e+002,6.955335e+001
9.830359e+002,6.957577e+001
9.835180e+002,6.958804e+001
9.840001e+002,6.959167e+001
9.844822e+002,6.958840e+001
9.849644e+002,6.958061e+001
9.854465e+002,6.957083e+001
9.859286e+002,6.956141e+001
9.864107e+002,6.955392e+001
9.868928e+002,6.954887e+001
9.873749e+002,6.954568e+001
9.878571e+002,6.954305e+001
9.883392e+002,6.953936e+001
9.888213e+002,6.953304e+001
9.893034e+002,6.952249e+001
9.897855e+002,6.950607e+001
9.902676e+002,6.948181e+001
9.907498e+002,6.944747e+001
9.912319e+002,6.940059e+001
9.917140e+002,6.933898e+001
9.921961e+002,6.926094e+001
9.926782e+002,6.916538e+001
9.931603e+002,6.905171e+001
9.936425e+002,6.891939e+001
9.941246e+002,6.876759e+001
9.946067e+002,6.859522e+001
9.950888e+002,6.840105e+001
9.955709e+002,6.818430e+001
9.960530e+002,6.794481e+001
9.965352e+002,6.768306e+001
9.970173e+002,6.739975e+001
9.974994e+002,6.709520e+001
9.979815e+002,6.676888e+001
9.984636e+002,6.641962e+001
9.989457e+002,6.604591e+001
9.994279e+002,6.564662e+001
9.999100e+002,6.522144e+001
1.000392e+003,6.477077e+001
1.000874e+003,6.429518e+001
1.001356e+003,6.379480e+001
1.001838e+003,6.326878e+001
1.002321e+003,6.271536e+001
1.002803e+003,6.213221e+001
1.003285e+003,6.151678e+001
1.003767e+003,6.086635e+001
1.004249e+003,6.017770e+001
1.004731e+003,5.944654e+001
1.005213e+003,5.866747e+001
1.005695e+003,5.783452e+001
1.006177e+003,5.694242e+001
1.006660e+003,5.598795e+001
1.007142e+003,5.497068e+001
1.007624e+003,5.389243e+001
1.008106e+003,5.275555e+001
1.008588e+003,5.156053e+001
1.009070e+003,5.030456e+001
1.009552e+003,4.898182e+001
1.010034e+003,4.758571e+001
1.010517e+003,4.611278e+001
1.010999e+003,4.456660e+001
1.011481e+003,4.296072e+001
1.011963e+003,4.131976e+001
1.012445e+003,3.967884e+001
1.012927e+003,3.808228e+001
1.013409e+003,3.658182e+001
1.013891e+003,3.523475e+001
1.014373e+003,3.410080e+001
1.014856e+003,3.323737e+001
1.015338e+003,3.269307e+001
1.015820e+003,3.250156e+001
1.016302e+003,3.267788e+001
1.016784e+003,3.321896e+001
1.017266e+003,3.410760e+001
1.017748e+003,3.531749e+001
1.018230e+003,3.681654e+001
1.018713e+003,3.856707e+001
1.019195e+003,4.052375e+001
1.019677e+003,4.263188e+001
1.020159e+003,4.482791e+001
1.020641e+003,4.704340e+001
1.021123e+003,4.921090e+001
1.021605e+003,5.126973e+001
1.022087e+003,5.317017e+001
1.022569e+003,5.487550e+001
1.023052e+003,5.636225e+001
1.023534e+003,5.761964e+001
1.024016e+003,5.864837e+001
1.024498e+003,5.945873e+001
1.024980e+003,6.006868e+001
1.025462e+003,6.050143e+001
1.025944e+003,6.078299e+001
1.026426e+003,6.094030e+001
1.026909e+003,6.099915e+001
1.027391e+003,6.098275e+001
1.027873e+003,6.091042e+001
1.028355e+003,6.079713e+001
1.028837e+003,6.065372e+001
1.029319e+003,6.048783e+001
1.029801e+003,6.030509e+001
1.030283e+003,6.010995e+001
1.030766e+003,5.990600e+001
1.031248e+003,5.969579e+001
1.031730e+003,5.948037e+001
1.032212e+003,5.925916e+001
1.032694e+003,5.903042e+001
1.033176e+003,5.879214e+001
1.033658e+003,5.854318e+001
1.034140e+003,5.828382e+001
1.034622e+003,5.801583e+001
1.035104e+003,5.774197e+001
1.035587e+003,5.746502e+001
1.036069e+003,5.718758e+001
1.036551e+003,5.691183e+001
1.037033e+003,5.664024e+001
1.037515e+003,5.637593e+001
1.037997e+003,5.612275e+001
1.038479e+003,5.588472e+001
1.038961e+003,5.566520e+001
1.039444e+003,5.546618e+001
1.039926e+003,5.528842e+001
1.040408e+003,5.513234e+001
1.040890e+003,5.499907e+001
1.041372e+003,5.489122e+001
1.041854e+003,5.481268e+001
1.042336e+003,5.476747e+001
1.042818e+003,5.475823e+001
1.043301e+003,5.478508e+001
1.043783e+003,5.484566e+001
1.044265e+003,5.493618e+001
1.044747e+003,5.505287e+001
1.045229e+003,5.519310e+001
1.045711e+003,5.535551e+001
1.046193e+003,5.553896e+001
1.046675e+003,5.574128e+001
1.047157e+003,5.595822e+001
1.047640e+003,5.618363e+001
1.048122e+003,5.641053e+001
1.048604e+003,5.663261e+001
1.049086e+003,5.684536e+001
1.049568e+003,5.704644e+001
1.050050e+003,5.723488e+001
1.050532e+003,5.740976e+001
1.051014e+003,5.756904e+001
1.051496e+003,5.770922e+001
1.051979e+003,5.782566e+001
1.052461e+003,5.791373e+001
1.052943e+003,5.796969e+001
1.053425e+003,5.799124e+001
1.053907e+003,5.797726e+001
1.054389e+003,5.792709e+001
1.054871e+003,5.783969e+001
1.055353e+003,5.771336e+001
1.055836e+003,5.754614e+001
1.056318e+003,5.733676e+001
1.056800e+003,5.708559e+001
1.057282e+003,5.679505e+001
1.057764e+003,5.646914e+001
1.058246e+003,5.611227e+001
1.058728e+003,5.572789e+001
1.059210e+003,5.531770e+001
1.059693e+003,5.488182e+001
1.060175e+003,5.441978e+001
1.060657e+003,5.393185e+001
1.061139e+003,5.341970e+001
1.061621e+003,5.288625e+001
1.062103e+003,5.233470e+001
1.062585e+003,5.176725e+001
1.063067e+003,5.118461e+001
1.063549e+003,5.058638e+001
1.064031e+003,4.997230e+001
1.064514e+003,4.934339e+001
1.064996e+003,4.870242e+001
1.065478e+003,4.805293e+001
1.065960e+003,4.739769e+001
1.066442e+003,4.673712e+001
1.066924e+003,4.606903e+001
1.067406e+003,4.538979e+001
1.067888e+003,4.469633e+001
1.068371e+003,4.398805e+001
1.068853e+003,4.326735e+001
1.069335e+003,4.253827e+001
1.069817e+003,4.180434e+001
1.070299e+003,4.106631e+001
1.070781e+003,4.032176e+001
1.071263e+003,3.956632e+001
1.071745e+003,3.879638e+001
1.072228e+003,3.801138e+001
1.072710e+003,3.721458e+001
1.073192e+003,3.641177e+001
1.073674e+003,3.560873e+001
1.074156e+003,3.480897e+001
1.074638e+003,3.401325e+001
1.075120e+003,3.322134e+001
1.075602e+003,3.243485e+001
1.076084e+003,3.165948e+001
1.076567e+003,3.090498e+001
1.077049e+003,3.018273e+001
1.077531e+003,2.950189e+001
1.078013e+003,2.886648e+001
1.078495e+003,2.827494e+001
1.078977e+003,2.772261e+001
1.079459e+003,2.720553e+001
1.079941e+003,2.672342e+001
1.080423e+003,2.628002e+001
1.080906e+003,2.588057e+001
1.081388e+003,2.552787e+001
1.081870e+003,2.521941e+001
1.082352e+003,2.494737e+001
1.082834e+003,2.470153e+001
1.083316e+003,2.447348e+001
1.083798e+003,2.425961e+001
1.084280e+003,2.406134e+001
1.084763e+003,2.388229e+001
1.085245e+003,2.372438e+001
1.085727e+003,2.358504e+001
1.086209e+003,2.345732e+001
1.086691e+003,2.333297e+001
1.087173e+003,2.320668e+001
1.087655e+003,2.307885e+001
1.088137e+003,2.295558e+001
1.088620e+003,2.284537e+001
1.089102e+003,2.275488e+001
1.089584e+003,2.268569e+001
1.090066e+003,2.263429e+001
1.090548e+003,2.259509e+001
1.091030e+003,2.256463e+001
1.091512e+003,2.254456e+001
1.091994e+003,2.254144e+001
1.092476e+003,2.256378e+001
1.092958e+003,2.261771e+001
1.093441e+003,2.270416e+001
1.093923e+003,2.281914e+001
1.094405e+003,2.295688e+001
1.094887e+003,2.311415e+001
1.095369e+003,2.329295e+001
1.095851e+003,2.350017e+001
1.096333e+003,2.374414e+001
1.096815e+003,2.403029e+001
1.097298e+003,2.435825e+001
1.097780e+003,2.472221e+001
1.098262e+003,2.511423e+001
1.098744e+003,2.552860e+001
1.099226e+003,2.596471e+001
1.099708e+003,2.642683e+001
1.100190e+003,2.692110e+001
1.100672e+003,2.745150e+001
1.101155e+003,2.801712e+001
1.101637e+003,2.861230e+001
1.102119e+003,2.922927e+001
1.102601e+003,2.986166e+001
1.103083e+003,3.050640e+001
1.103565e+003,3.116324e+001
1.104047e+003,3.183175e+001
1.104529e+003,3.250789e+001
1.105011e+003,3.318193e+001
1.105494e+003,3.383892e+001
1.105976e+003,3.446146e+001
1.106458e+003,3.503308e+001
1.106940e+003,3.554075e+001
1.107422e+003,3.597525e+001
1.107904e+003,3.633005e+001
1.108386e+003,3.659962e+001
1.108868e+003,3.677878e+001
1.109350e+003,3.686383e+001
1.109833e+003,3.685495e+001
1.110315e+003,3.675884e+001
1.110797e+003,3.658985e+001
1.111279e+003,3.636885e+001
1.111761e+003,3.611991e+001
1.112243e+003,3.586603e+001
1.112725e+003,3.562574e+001
1.113207e+003,3.541219e+001
1.113690e+003,3.523463e+001
1.114172e+003,3.510117e+001
1.114654e+003,3.502071e+001
1.115136e+003,3.500298e+001
1.115618e+003,3.505620e+001
1.116100e+003,3.518445e+001
1.116582e+003,3.538586e+001
1.117064e+003,3.565363e+001
1.117547e+003,3.597903e+001
1.118029e+003,3.635519e+001
1.118511e+003,3.677927e+001
1.118993e+003,3.725219e+001
1.119475e+003,3.777608e+001
1.119957e+003,3.835110e+001
1.120439e+003,3.897340e+001
1.120921e+003,3.963541e+001
1.121403e+003,4.032821e+001
1.121885e+003,4.104430e+001
1.122368e+003,4.177923e+001
1.122850e+003,4.253127e+001
1.123332e+003,4.329930e+001
1.123814e+003,4.408069e+001
1.124296e+003,4.486993e+001
1.124778e+003,4.565956e+001
1.125260e+003,4.644195e+001
1.125742e+003,4.721170e+001
1.126225e+003,4.796661e+001
1.126707e+003,4.870712e+001
1.127189e+003,4.943462e+001
1.127671e+003,5.014950e+001
1.128153e+003,5.085021e+001
1.128635e+003,5.153386e+001
1.129117e+003,5.219764e+001
1.129599e+003,5.284057e+001
1.130082e+003,5.346424e+001
1.130564e+003,5.407243e+001
1.131046e+003,5.466958e+001
1.131528e+003,5.525928e+001
1.132010e+003,5.584327e+001
1.132492e+003,5.642159e+001
1.132974e+003,5.699341e+001
1.133456e+003,5.755829e+001
1.133938e+003,5.811671e+001
1.134421e+003,5.867010e+001
1.134903e+003,5.922005e+001
1.135385e+003,5.976773e+001
1.135867e+003,6.031353e+001
1.136349e+003,6.085741e+001
1.136831e+003,6.139963e+001
1.137313e+003,6.194130e+001
1.137795e+003,6.248437e+001
1.138277e+003,6.303118e+001
1.138760e+003,6.358353e+001
1.139242e+003,6.414204e+001
1.139724e+003,6.470614e+001
1.140206e+003,6.527439e+001
1.140688e+003,6.584525e+001
1.141170e+003,6.641762e+001
1.141652e+003,6.699097e+001
1.142134e+003,6.756476e+001
1.142617e+003,6.813782e+001
1.143099e+003,6.870805e+001
1.143581e+003,6.927216e+001
1.144063e+003,6.982623e+001
1.144545e+003,7.036630e+001
1.145027e+003,7.088905e+001
1.145509e+003,7.139199e+001
1.145991e+003,7.187384e+001
1.146474e+003,7.233436e+001
1.146956e+003,7.277431e+001
1.147438e+003,7.319521e+001
1.147920e+003,7.359899e+001
1.148402e+003,7.398751e+001
1.148884e+003,7.436225e+001
1.149366e+003,7.472414e+001
1.149848e+003,7.507368e+001
1.150330e+003,7.541131e+001
1.150813e+003,7.573783e+001
1.151295e+003,7.605440e+001
1.151777e+003,7.636239e+001
1.152259e+003,7.666269e+001
1.152741e+003,7.695522e+001
1.153223e+003,7.723881e+001
1.153705e+003,7.751140e+001
1.154187e+003,7.777093e+001
1.154669e+003,7.801593e+001
1.155152e+003,7.824597e+001
1.155634e+003,7.846120e+001
1.156116e+003,7.866165e+001
1.156598e+003,7.884649e+001
1.157080e+003,7.901369e+001
1.157562e+003,7.916048e+001
1.158044e+003,7.928436e+001
1.158526e+003,7.938406e+001
1.159009e+003,7.945980e+001
1.159491e+003,7.951281e+001
1.159973e+003,7.954420e+001
1.160455e+003,7.955401e+001
1.160937e+003,7.954076e+001
1.161419e+003,7.950224e+001
1.161901e+003,7.943653e+001
1.162383e+003,7.934323e+001
1.162865e+003,7.922365e+001
1.163348e+003,7.907997e+001
1.163830e+003,7.891367e+001
1.164312e+003,7.872398e+001
1.164794e+003,7.850745e+001
1.165276e+003,7.825874e+001
1.165758e+003,7.797232e+001
1.166240e+003,7.764465e+001
1.166722e+003,7.727551e+001
1.167204e+003,7.686845e+001
1.167687e+003,7.643030e+001
1.168169e+003,7.597016e+001
1.168651e+003,7.549882e+001
1.169133e+003,7.502845e+001
1.169615e+003,7.457225e+001
1.170097e+003,7.414409e+001
1.170579e+003,7.375726e+001
1.171061e+003,7.342327e+001
1.171544e+003,7.315061e+001
1.172026e+003,7.294427e+001
1.172508e+003,7.280588e+001
1.172990e+003,7.273447e+001
1.173472e+003,7.272728e+001
1.173954e+003,7.278054e+001
1.174436e+003,7.288999e+001
1.174918e+003,7.305096e+001
1.175401e+003,7.325835e+001
1.175883e+003,7.350633e+001
1.176365e+003,7.378828e+001
1.176847e+003,7.409696e+001
1.177329e+003,7.442473e+001
1.177811e+003,7.476434e+001
1.178293e+003,7.510931e+001
1.178775e+003,7.545419e+001
1.179257e+003,7.579437e+001
1.179740e+003,7.612551e+001
1.180222e+003,7.644281e+001
1.180704e+003,7.674108e+001
1.181186e+003,7.701488e+001
1.181668e+003,7.725935e+001
1.182150e+003,7.747079e+001
1.182632e+003,7.764690e+001
1.183114e+003,7.778637e+001
1.183596e+003,7.788826e+001
1.184079e+003,7.795145e+001
1.184561e+003,7.797462e+001
1.185043e+003,7.795681e+001
1.185525e+003,7.789812e+001
1.186007e+003,7.779999e+001
1.186489e+003,7.766515e+001
1.186971e+003,7.749665e+001
1.187453e+003,7.729695e+001
1.187936e+003,7.706760e+001
1.188418e+003,7.680933e+001
1.188900e+003,7.652288e+001
1.189382e+003,7.621007e+001
1.189864e+003,7.587406e+001
1.190346e+003,7.551921e+001
1.190828e+003,7.515032e+001
1.191310e+003,7.477168e+001
1.191792e+003,7.438651e+001
1.192275e+003,7.399706e+001
1.192757e+003,7.360491e+001
1.193239e+003,7.321152e+001
1.193721e+003,7.281836e+001
1.194203e+003,7.242668e+001
1.194685e+003,7.203709e+001
1.195167e+003,7.164914e+001
1.195649e+003,7.126126e+001
1.196131e+003,7.087112e+001
1.196614e+003,7.047623e+001
1.197096e+003,7.007462e+001
1.197578e+003,6.966505e+001
1.198060e+003,6.924709e+001
1.198542e+003,6.882094e+001
1.199024e+003,6.838690e+001
1.199506e+003,6.794528e+001
1.199988e+003,6.749628e+001
1.200471e+003,6.703986e+001
1.200953e+003,6.657578e+001
1.201435e+003,6.610345e+001
1.201917e+003,6.562196e+001
1.202399e+003,6.513014e+001
1.202881e+003,6.462690e+001
1.203363e+003,6.411148e+001
1.203845e+003,6.358378e+001
1.204328e+003,6.304401e+001
1.204810e+003,6.249249e+001
1.205292e+003,6.192909e+001
1.205774e+003,6.135305e+001
1.206256e+003,6.076321e+001
1.206738e+003,6.015851e+001
1.207220e+003,5.953860e+001
1.207702e+003,5.890407e+001
1.208184e+003,5.825609e+001
1.208667e+003,5.759567e+001
1.209149e+003,5.692283e+001
1.209631e+003,5.623633e+001
1.210113e+003,5.553427e+001
1.210595e+003,5.481501e+001
1.211077e+003,5.407841e+001
1.211559e+003,5.332626e+001
1.212041e+003,5.256183e+001
1.212523e+003,5.178869e+001
1.213006e+003,5.100931e+001
1.213488e+003,5.022458e+001
1.213970e+003,4.943423e+001
1.214452e+003,4.863815e+001
1.214934e+003,4.783751e+001
1.215416e+003,4.703536e+001
1.215898e+003,4.623577e+001
1.216380e+003,4.544250e+001
1.216863e+003,4.465767e+001
1.217345e+003,4.388158e+001
1.217827e+003,4.311359e+001
1.218309e+003,4.235386e+001
1.218791e+003,4.160446e+001
1.219273e+003,4.086918e+001
1.219755e+003,4.015171e+001
1.220237e+003,3.945324e+001
1.220719e+003,3.877066e+001
1.221202e+003,3.809666e+001
1.221684e+003,3.742191e+001
1.222166e+003,3.673805e+001
1.222648e+003,3.604032e+001
1.223130e+003,3.532831e+001
1.223612e+003,3.460482e+001
1.224094e+003,3.387346e+001
1.224576e+003,3.313654e+001
1.225058e+003,3.239465e+001
1.225541e+003,3.164794e+001
1.226023e+003,3.089843e+001
1.226505e+003,3.015156e+001
1.226987e+003,2.941596e+001
1.227469e+003,2.870106e+001
1.227951e+003,2.801397e+001
1.228433e+003,2.735738e+001
1.228915e+003,2.672970e+001
1.229398e+003,2.612755e+001
1.229880e+003,2.554920e+001
1.230362e+003,2.499681e+001
1.230844e+003,2.447633e+001
1.231326e+003,2.399470e+001
1.231808e+003,2.355625e+001
1.232290e+003,2.316019e+001
1.232772e+003,2.280104e+001
1.233255e+003,2.247164e+001
1.233737e+003,2.216717e+001
1.234219e+003,2.188773e+001
1.234701e+003,2.163807e+001
1.235183e+003,2.142440e+001
1.235665e+003,2.125037e+001
1.236147e+003,2.111436e+001
1.236629e+003,2.101005e+001
1.237111e+003,2.092965e+001
1.237594e+003,2.086815e+001
1.238076e+003,2.082596e+001
1.238558e+003,2.080833e+001
1.239040e+003,2.082186e+001
1.239522e+003,2.087019e+001
1.240004e+003,2.095117e+001
1.240486e+003,2.105754e+001
1.240968e+003,2.118038e+001
1.241450e+003,2.131355e+001
1.241933e+003,2.145636e+001
1.242415e+003,2.161304e+001
1.242897e+003,2.178923e+001
1.243379e+003,2.198763e+001
1.243861e+003,2.220526e+001
1.244343e+003,2.243415e+001
1.244825e+003,2.266501e+001
1.245307e+003,2.289173e+001
1.245790e+003,2.311399e+001
1.246272e+003,2.333659e+001
1.246754e+003,2.356578e+001
1.247236e+003,2.380485e+001
1.247718e+003,2.405149e+001
1.248200e+003,2.429836e+001
1.248682e+003,2.453650e+001
1.249164e+003,2.475960e+001
1.249646e+003,2.496664e+001
1.250129e+003,2.516142e+001
1.250611e+003,2.534931e+001
1.251093e+003,2.553321e+001
1.251575e+003,2.571113e+001
1.252057e+003,2.587680e+001
1.252539e+003,2.602294e+001
1.253021e+003,2.614529e+001
1.253503e+003,2.624516e+001
1.253985e+003,2.632874e+001
1.254468e+003,2.640412e+001
1.254950e+003,2.647726e+001
1.255432e+003,2.654967e+001
1.255914e+003,2.661905e+001
1.256396e+003,2.668246e+001
1.256878e+003,2.674023e+001
1.257360e+003,2.679821e+001
1.257842e+003,2.686703e+001
1.258325e+003,2.695856e+001
1.258807e+003,2.708151e+001
1.259289e+003,2.723833e+001
1.259771e+003,2.742527e+001
1.260253e+003,2.763576e+001
1.260735e+003,2.786476e+001
1.261217e+003,2.811199e+001
1.261699e+003,2.838158e+001
1.262182e+003,2.867898e+001
1.262664e+003,2.900698e+001
1.263146e+003,2.936328e+001
1.263628e+003,2.974116e+001
1.264110e+003,3.013247e+001
1.264592e+003,3.053131e+001
1.265074e+003,3.093619e+001
1.265556e+003,3.134950e+001
1.266038e+003,3.177455e+001
1.266521e+003,3.221213e+001
1.267003e+003,3.265860e+001
1.267485e+003,3.310688e+001
1.267967e+003,3.354977e+001
1.268449e+003,3.398356e+001
1.268931e+003,3.440995e+001
1.269413e+003,3.483495e+001
1.269895e+003,3.526540e+001
1.270377e+003,3.570490e+001
1.270860e+003,3.615140e+001
1.271342e+003,3.659814e+001
1.271824e+003,3.703717e+001
1.272306e+003,3.746382e+001
1.272788e+003,3.787908e+001
1.273270e+003,3.828913e+001
1.273752e+003,3.870198e+001
1.274234e+003,3.912374e+001
1.274717e+003,3.955622e+001
1.275199e+003,3.999709e+001
1.275681e+003,4.044236e+001
1.276163e+003,4.088935e+001
1.276645e+003,4.133865e+001
1.277127e+003,4.179392e+001
1.277609e+003,4.225957e+001
1.278091e+003,4.273805e+001
1.278573e+003,4.322797e+001
1.279056e+003,4.372469e+001
1.279538e+003,4.422256e+001
1.280020e+003,4.471775e+001
1.280502e+003,4.520991e+001
1.280984e+003,4.570186e+001
1.281466e+003,4.619722e+001
1.281948e+003,4.669781e+001
1.282430e+003,4.720202e+001
1.282912e+003,4.770525e+001
1.283395e+003,4.820216e+001
1.283877e+003,4.868933e+001
1.284359e+003,4.916693e+001
1.284841e+003,4.963858e+001
1.285323e+003,5.010935e+001
1.285805e+003,5.058339e+001
1.286287e+003,5.106195e+001
1.286769e+003,5.154320e+001
1.287252e+003,5.202361e+001
1.287734e+003,5.250024e+001
1.288216e+003,5.297250e+001
1.288698e+003,5.344269e+001
1.289180e+003,5.391495e+001
1.289662e+003,5.439365e+001
1.290144e+003,5.488210e+001
1.290626e+003,5.538243e+001
1.291109e+003,5.589628e+001
1.291591e+003,5.642582e+001
1.292073e+003,5.697404e+001
1.292555e+003,5.754446e+001
1.293037e+003,5.814003e+001
1.293519e+003,5.876219e+001
1.294001e+003,5.941040e+001
1.294483e+003,6.008247e+001
1.294965e+003,6.077517e+001
1.295448e+003,6.148481e+001
1.295930e+003,6.220721e+001
1.296412e+003,6.293745e+001
1.296894e+003,6.366950e+001
1.297376e+003,6.439633e+001
1.297858e+003,6.511042e+001
1.298340e+003,6.580454e+001
1.298822e+003,6.647236e+001
1.299304e+003,6.710883e+001
1.299787e+003,6.771028e+001
1.300269e+003,6.827465e+001
1.300751e+003,6.880151e+001
1.301233e+003,6.929222e+001
1.301715e+003,6.974978e+001
1.302197e+003,7.017850e+001
1.302679e+003,7.058344e+001
1.303161e+003,7.096989e+001
1.303644e+003,7.134289e+001
1.304126e+003,7.170728e+001
1.304608e+003,7.206744e+001
1.305090e+003,7.242740e+001
1.305572e+003,7.279041e+001
1.306054e+003,7.315863e+001
1.306536e+003,7.353252e+001
1.307018e+003,7.391047e+001
1.307500e+003,7.428876e+001
1.307983e+003,7.466219e+001
1.308465e+003,7.502538e+001
1.308947e+003,7.537410e+001
1.309429e+003,7.570617e+001
1.309911e+003,7.602158e+001
1.310393e+003,7.632149e+001
1.310875e+003,7.660732e+001
1.311357e+003,7.687995e+001
1.311839e+003,7.713957e+001
1.312322e+003,7.738614e+001
1.312804e+003,7.762041e+001
1.313286e+003,7.784431e+001
1.313768e+003,7.806113e+001
1.314250e+003,7.827485e+001
1.314732e+003,7.848923e+001
1.315214e+003,7.870766e+001
1.315696e+003,7.893302e+001
1.316179e+003,7.916812e+001
1.316661e+003,7.941560e+001
1.317143e+003,7.967760e+001
1.317625e+003,7.995458e+001
1.318107e+003,8.024433e+001
1.318589e+003,8.054147e+001
1.319071e+003,8.083864e+001
1.319553e+003,8.112877e+001
1.320036e+003,8.140793e+001
1.320518e+003,8.167671e+001
1.321000e+003,8.193966e+001
1.321482e+003,8.220312e+001
1.321964e+003,8.247243e+001
1.322446e+003,8.275001e+001
1.322928e+003,8.303454e+001
1.323410e+003,8.332172e+001
1.323892e+003,8.360587e+001
1.324375e+003,8.388205e+001
1.324857e+003,8.414713e+001
1.325339e+003,8.439977e+001
1.325821e+003,8.463901e+001
1.326303e+003,8.486283e+001
1.326785e+003,8.506751e+001
1.327267e+003,8.524829e+001
1.327749e+003,8.540115e+001
1.328231e+003,8.552422e+001
1.328714e+003,8.561812e+001
1.329196e+003,8.568461e+001
1.329678e+003,8.572421e+001
1.330160e+003,8.573452e+001
1.330642e+003,8.571035e+001
1.331124e+003,8.564577e+001
1.331606e+003,8.553721e+001
1.332088e+003,8.538586e+001
1.332571e+003,8.519779e+001
1.333053e+003,8.498196e+001
1.333535e+003,8.474719e+001
1.334017e+003,8.450030e+001
1.334499e+003,8.424578e+001
1.334981e+003,8.398732e+001
1.335463e+003,8.372990e+001
1.335945e+003,8.348121e+001
1.336427e+003,8.325154e+001
1.336910e+003,8.305235e+001
1.337392e+003,8.289445e+001
1.337874e+003,8.278649e+001
1.338356e+003,8.273395e+001
1.338838e+003,8.273802e+001
1.339320e+003,8.279515e+001
1.339802e+003,8.289702e+001
1.340284e+003,8.303300e+001
1.340766e+003,8.319337e+001
1.341249e+003,8.337139e+001
1.341731e+003,8.356355e+001
1.342213e+003,8.376827e+001
1.342695e+003,8.398491e+001
1.343177e+003,8.421293e+001
1.343659e+003,8.445128e+001
1.344141e+003,8.469798e+001
1.344623e+003,8.494980e+001
1.345106e+003,8.520206e+001
1.345588e+003,8.544895e+001
1.346070e+003,8.568436e+001
1.346552e+003,8.590299e+001
1.347034e+003,8.610138e+001
1.347516e+003,8.627871e+001
1.347998e+003,8.643657e+001
1.348480e+003,8.657774e+001
1.348963e+003,8.670454e+001
1.349445e+003,8.681751e+001
1.349927e+003,8.691516e+001
1.350409e+003,8.699522e+001
1.350891e+003,8.705663e+001
1.351373e+003,8.710105e+001
1.351855e+003,8.713284e+001
1.352337e+003,8.715752e+001
1.352819e+003,8.717941e+001
1.353302e+003,8.719963e+001
1.353784e+003,8.721536e+001
1.354266e+003,8.722123e+001
1.354748e+003,8.721189e+001
1.355230e+003,8.718499e+001
1.355712e+003,8.714214e+001
1.356194e+003,8.708765e+001
1.356676e+003,8.702570e+001
1.357158e+003,8.695774e+001
1.357641e+003,8.688190e+001
1.358123e+003,8.679418e+001
1.358605e+003,8.669034e+001
1.359087e+003,8.656754e+001
1.359569e+003,8.642376e+001
1.360051e+003,8.625539e+001
1.360533e+003,8.605344e+001
1.361015e+003,8.580075e+001
1.361498e+003,8.547350e+001
1.361980e+003,8.505073e+001
1.362462e+003,8.453020e+001
1.362944e+003,8.393858e+001
1.363426e+003,8.332235e+001
1.363908e+003,8.272420e+001
1.364390e+003,8.216586e+001
1.364872e+003,8.164763e+001
1.365354e+003,8.115835e+001
1.365837e+003,8.068555e+001
1.366319e+003,8.022215e+001
1.366801e+003,7.976970e+001
1.367283e+003,7.933828e+001
1.367765e+003,7.894359e+001
1.368247e+003,7.860139e+001
1.368729e+003,7.832207e+001
1.369211e+003,7.810757e+001
1.369693e+003,7.795327e+001
1.370176e+003,7.785188e+001
1.370658e+003,7.779740e+001
1.371140e+003,7.778676e+001
1.371622e+003,7.781964e+001
1.372104e+003,7.789748e+001
1.372586e+003,7.802209e+001
1.373068e+003,7.819334e+001
1.373550e+003,7.840646e+001
1.374033e+003,7.864944e+001
1.374515e+003,7.890509e+001
1.374997e+003,7.915703e+001
1.375479e+003,7.939635e+001
1.375961e+003,7.962244e+001
1.376443e+003,7.983963e+001
1.376925e+003,8.005315e+001
1.377407e+003,8.026661e+001
1.377890e+003,8.048075e+001
1.378372e+003,8.069310e+001
1.378854e+003,8.089838e+001
1.379336e+003,8.108965e+001
1.379818e+003,8.125955e+001
1.380300e+003,8.140158e+001
1.380782e+003,8.151080e+001
1.381264e+003,8.158432e+001
1.381746e+003,8.162199e+001
1.382229e+003,8.162701e+001
1.382711e+003,8.160583e+001
1.383193e+003,8.156625e+001
1.383675e+003,8.151516e+001
1.384157e+003,8.145612e+001
1.384639e+003,8.138863e+001
1.385121e+003,8.130872e+001
1.385603e+003,8.121125e+001
1.386085e+003,8.109310e+001
1.386568e+003,8.095642e+001
1.387050e+003,8.080949e+001
1.387532e+003,8.066328e+001
1.388014e+003,8.052538e+001
1.388496e+003,8.039743e+001
1.388978e+003,8.027732e+001
1.389460e+003,8.016337e+001
1.389942e+003,8.005659e+001
1.390424e+003,7.996012e+001
1.390907e+003,7.987732e+001
1.391389e+003,7.980927e+001
1.391871e+003,7.975332e+001
1.392353e+003,7.970285e+001
1.392835e+003,7.964857e+001
1.393317e+003,7.958064e+001
1.393799e+003,7.949202e+001
1.394281e+003,7.938136e+001
1.394764e+003,7.925340e+001
1.395246e+003,7.911468e+001
1.395728e+003,7.896667e+001
1.396210e+003,7.880180e+001
1.396692e+003,7.860480e+001
1.397174e+003,7.835635e+001
1.397656e+003,7.803715e+001
1.398138e+003,7.763292e+001
1.398620e+003,7.714130e+001
1.399103e+003,7.657671e+001
1.399585e+003,7.596619e+001
1.400067e+003,7.533655e+001
1.400549e+003,7.470187e+001
1.401031e+003,7.406036e+001
1.401513e+003,7.339763e+001
1.401995e+003,7.269037e+001
1.402477e+003,7.190833e+001
1.402959e+003,7.101622e+001
1.403442e+003,6.998050e+001
1.403924e+003,6.878481e+001
1.404406e+003,6.745125e+001
1.404888e+003,6.605276e+001
1.405370e+003,6.469968e+001
1.405852e+003,6.350356e+001
1.406334e+003,6.254390e+001
1.406816e+003,6.185820e+001
1.407299e+003,6.145250e+001
1.407781e+003,6.131843e+001
1.408263e+003,6.144741e+001
1.408745e+003,6.183858e+001
1.409227e+003,6.250021e+001
1.409709e+003,6.344346e+001
1.410191e+003,6.466924e+001
1.410673e+003,6.615262e+001
1.411156e+003,6.783386e+001
1.411638e+003,6.962450e+001
1.412120e+003,7.142772e+001
1.412602e+003,7.316219e+001
1.413084e+003,7.477720e+001
1.413566e+003,7.625393e+001
1.414048e+003,7.759661e+001
1.414530e+003,7.882018e+001
1.415012e+003,7.994037e+001
1.415495e+003,8.096851e+001
1.415977e+003,8.191203e+001
1.416459e+003,8.277882e+001
1.416941e+003,8.358265e+001
1.417423e+003,8.434525e+001
1.417905e+003,8.508871e+001
1.418387e+003,8.581577e+001
1.418869e+003,8.649233e+001
1.419351e+003,8.706117e+001
1.419834e+003,8.748488e+001
1.420316e+003,8.776965e+001
1.420798e+003,8.795168e+001
1.421280e+003,8.807324e+001
1.421762e+003,8.816916e+001
1.422244e+003,8.826251e+001
1.422726e+003,8.836349e+001
1.423208e+003,8.846846e+001
1.423691e+003,8.856194e+001
1.424173e+003,8.862482e+001
1.424655e+003,8.864644e+001
1.425137e+003,8.863075e+001
1.425619e+003,8.859137e+001
1.426101e+003,8.854150e+001
1.426583e+003,8.848703e+001
1.427065e+003,8.842467e+001
1.427547e+003,8.834404e+001
1.428030e+003,8.823191e+001
1.428512e+003,8.807793e+001
1.428994e+003,8.788038e+001
1.429476e+003,8.764793e+001
1.429958e+003,8.739481e+001
1.430440e+003,8.713263e+001
1.430922e+003,8.686546e+001
1.431404e+003,8.659186e+001
1.431886e+003,8.631085e+001
1.432369e+003,8.602592e+001
1.432851e+003,8.574471e+001
1.433333e+003,8.547485e+001
1.433815e+003,8.521853e+001
1.434297e+003,8.496792e+001
1.434779e+003,8.470223e+001
1.435261e+003,8.438966e+001
1.435743e+003,8.400002e+001
1.436226e+003,8.353109e+001
1.436708e+003,8.302855e+001
1.437190e+003,8.256422e+001
1.437672e+003,8.218513e+001
1.438154e+003,8.189194e+001
1.438636e+003,8.165767e+001
1.439118e+003,8.145226e+001
1.439600e+003,8.125437e+001
1.440083e+003,8.105309e+001
1.440565e+003,8.084495e+001
1.441047e+003,8.062972e+001
1.441529e+003,8.040642e+001
1.442011e+003,8.017090e+001
1.442493e+003,7.991694e+001
1.442975e+003,7.963940e+001
1.443457e+003,7.933804e+001
1.443939e+003,7.901859e+001
1.444422e+003,7.869044e+001
1.444904e+003,7.836172e+001
1.445386e+003,7.803455e+001
1.445868e+003,7.770270e+001
1.446350e+003,7.735397e+001
1.446832e+003,7.697826e+001
1.447314e+003,7.657861e+001
1.447796e+003,7.617800e+001
1.448278e+003,7.581277e+001
1.448761e+003,7.551495e+001
1.449243e+003,7.529822e+001
1.449725e+003,7.515839e+001
1.450207e+003,7.508315e+001
1.450689e+003,7.506181e+001
1.451171e+003,7.508961e+001
1.451653e+003,7.516653e+001
1.452135e+003,7.529283e+001
1.452618e+003,7.546423e+001
1.453100e+003,7.567030e+001
1.453582e+003,7.589722e+001
1.454064e+003,7.613361e+001
1.454546e+003,7.637733e+001
1.455028e+003,7.664288e+001
1.455510e+003,7.696962e+001
1.455992e+003,7.742587e+001
1.456474e+003,7.808107e+001
1.456957e+003,7.891118e+001
1.457439e+003,7.973035e+001
1.457921e+003,8.034274e+001
1.458403e+003,8.072277e+001
1.458885e+003,8.095614e+001
1.459367e+003,8.112443e+001
1.459849e+003,8.127202e+001
1.460331e+003,8.141640e+001
1.460813e+003,8.156263e+001
1.461296e+003,8.171216e+001
1.461778e+003,8.186793e+001
1.462260e+003,8.203666e+001
1.462742e+003,8.222982e+001
1.463224e+003,8.246249e+001
1.463706e+003,8.274812e+001
1.464188e+003,8.308839e+001
1.464670e+003,8.346355e+001
1.465153e+003,8.383692e+001
1.465635e+003,8.417504e+001
1.466117e+003,8.446513e+001
1.466599e+003,8.471384e+001
1.467081e+003,8.493534e+001
1.467563e+003,8.514191e+001
1.468045e+003,8.534041e+001
1.468527e+003,8.553318e+001
1.469010e+003,8.572068e+001
1.469492e+003,8.590437e+001
1.469974e+003,8.608942e+001
1.470456e+003,8.628702e+001
1.470938e+003,8.651536e+001
1.471420e+003,8.679639e+001
1.471902e+003,8.714221e+001
1.472384e+003,8.753181e+001
1.472866e+003,8.790647e+001
1.473349e+003,8.821009e+001
1.473831e+003,8.843193e+001
1.474313e+003,8.859889e+001
1.474795e+003,8.874480e+001
1.475277e+003,8.889204e+001
1.475759e+003,8.904851e+001
1.476241e+003,8.921075e+001
1.476723e+003,8.936995e+001
1.477205e+003,8.951837e+001
1.477688e+003,8.965327e+001
1.478170e+003,8.977757e+001
1.478652e+003,8.989762e+001
1.479134e+003,9.002077e+001
1.479616e+003,9.015314e+001
1.480098e+003,9.029735e+001
1.480580e+003,9.045107e+001
1.481062e+003,9.060674e+001
1.481545e+003,9.075394e+001
1.482027e+003,9.088401e+001
1.482509e+003,9.099383e+001
1.482991e+003,9.108590e+001
1.483473e+003,9.116626e+001
1.483955e+003,9.124135e+001
1.484437e+003,9.131629e+001
1.484919e+003,9.139422e+001
1.485401e+003,9.147636e+001
1.485884e+003,9.156226e+001
1.486366e+003,9.165076e+001
1.486848e+003,9.174071e+001
1.487330e+003,9.183143e+001
1.487812e+003,9.192178e+001
1.488294e+003,9.200784e+001
1.488776e+003,9.207999e+001
1.489258e+003,9.212325e+001
1.489740e+003,9.212511e+001
1.490223e+003,9.208630e+001
1.490705e+003,9.202177e+001
1.491187e+003,9.194937e+001
1.491669e+003,9.188012e+001
1.492151e+003,9.181696e+001
1.492633e+003,9.175782e+001
1.493115e+003,9.169857e+001
1.493597e+003,9.163454e+001
1.494080e+003,9.156106e+001
1.494562e+003,9.147285e+001
1.495044e+003,9.136335e+001
1.495526e+003,9.122323e+001
1.496008e+003,9.104033e+001
1.496490e+003,9.080176e+001
1.496972e+003,9.049897e+001
1.497454e+003,9.013120e+001
1.497937e+003,8.970362e+001
1.498419e+003,8.922194e+001
1.498901e+003,8.868892e+001
1.499383e+003,8.810480e+001
1.499865e+003,8.747040e+001
1.500347e+003,8.679050e+001
1.500829e+003,8.607597e+001
1.501311e+003,8.534400e+001
1.501793e+003,8.461668e+001
1.502276e+003,8.391826e+001
1.502758e+003,8.327249e+001
1.503240e+003,8.270059e+001
1.503722e+003,8.222025e+001
1.504204e+003,8.184753e+001
1.504686e+003,8.160361e+001
1.505168e+003,8.153358e+001
1.505650e+003,8.174540e+001
1.506132e+003,8.245532e+001
1.506615e+003,8.388763e+001
1.507097e+003,8.580579e+001
1.507579e+003,8.743231e+001
1.508061e+003,8.839405e+001
1.508543e+003,8.889592e+001
1.509025e+003,8.919183e+001
1.509507e+003,8.941124e+001
1.509989e+003,8.960251e+001
1.510472e+003,8.978137e+001
1.510954e+003,8.995280e+001
1.511436e+003,9.011832e+001
1.511918e+003,9.027715e+001
1.512400e+003,9.042623e+001
1.512882e+003,9.056123e+001
1.513364e+003,9.067858e+001
1.513846e+003,9.077733e+001
1.514328e+003,9.086055e+001
1.514811e+003,9.093517e+001
1.515293e+003,9.101049e+001
1.515775e+003,9.109367e+001
1.516257e+003,9.118269e+001
1.516739e+003,9.126244e+001
1.517221e+003,9.131316e+001
1.517703e+003,9.132588e+001
1.518185e+003,9.130817e+001
1.518667e+003,9.127663e+001
1.519150e+003,9.124811e+001
1.519632e+003,9.123544e+001
1.520114e+003,9.124534e+001
1.520596e+003,9.127333e+001
1.521078e+003,9.129849e+001
1.521560e+003,9.129117e+001
1.522042e+003,9.124025e+001
1.522524e+003,9.116509e+001
1.523007e+003,9.109227e+001
1.523489e+003,9.103578e+001
1.523971e+003,9.099676e+001
1.524453e+003,9.096964e+001
1.524935e+003,9.094730e+001
1.525417e+003,9.092439e+001
1.525899e+003,9.089999e+001
1.526381e+003,9.087774e+001
1.526864e+003,9.086306e+001
1.527346e+003,9.085866e+001
1.527828e+003,9.086292e+001
1.528310e+003,9.087128e+001
1.528792e+003,9.087964e+001
1.529274e+003,9.088644e+001
1.529756e+003,9.089354e+001
1.530238e+003,9.090543e+001
1.530720e+003,9.092822e+001
1.531203e+003,9.096862e+001
1.531685e+003,9.103281e+001
1.532167e+003,9.112350e+001
1.532649e+003,9.123488e+001
1.533131e+003,9.134741e+001
1.533613e+003,9.143446e+001
1.534095e+003,9.148163e+001
1.534577e+003,9.149580e+001
1.535059e+003,9.149287e+001
1.535542e+003,9.148458e+001
1.536024e+003,9.147573e+001
1.536506e+003,9.146704e+001
1.536988e+003,9.145845e+001
1.537470e+003,9.145214e+001
1.537952e+003,9.145528e+001
1.538434e+003,9.148313e+001
1.538916e+003,9.155902e+001
1.539399e+003,9.170288e+001
1.539881e+003,9.189436e+001
1.540363e+003,9.204416e+001
1.540845e+003,9.206920e+001
1.541327e+003,9.199199e+001
1.541809e+003,9.188970e+001
1.542291e+003,9.181267e+001
1.542773e+003,9.177181e+001
1.543255e+003,9.175462e+001
1.543738e+003,9.173882e+001
1.544220e+003,9.170534e+001
1.544702e+003,9.164835e+001
1.545184e+003,9.157661e+001
1.545666e+003,9.150482e+001
1.546148e+003,9.144424e+001
1.546630e+003,9.139909e+001
1.547112e+003,9.136787e+001
1.547594e+003,9.134595e+001
1.548077e+003,9.132767e+001
1.548559e+003,9.130814e+001
1.549041e+003,9.128474e+001
1.549523e+003,9.125842e+001
1.550005e+003,9.123264e+001
1.550487e+003,9.121049e+001
1.550969e+003,9.119180e+001
1.551451e+003,9.117352e+001
1.551934e+003,9.115186e+001
1.552416e+003,9.112502e+001
1.552898e+003,9.109428e+001
1.553380e+003,9.106423e+001
1.553862e+003,9.104116e+001
1.554344e+003,9.102901e+001
1.554826e+003,9.102600e+001
1.555308e+003,9.102407e+001
1.555791e+003,9.101309e+001
1.556273e+003,9.098610e+001
1.556755e+003,9.094228e+001
1.557237e+003,9.088795e+001
1.557719e+003,9.083721e+001
1.558201e+003,9.080657e+001
1.558683e+003,9.079047e+001
1.559165e+003,9.074258e+001
1.559647e+003,9.064360e+001
1.560130e+003,9.052634e+001
1.560612e+003,9.041932e+001
1.561094e+003,9.033170e+001
1.561576e+003,9.026254e+001
1.562058e+003,9.020651e+001
1.562540e+003,9.015572e+001
1.563022e+003,9.010098e+001
1.563504e+003,9.003378e+001
1.563986e+003,8.994942e+001
1.564469e+003,8.985026e+001
1.564951e+003,8.974577e+001
1.565433e+003,8.964758e+001
1.565915e+003,8.956270e+001
1.566397e+003,8.948960e+001
1.566879e+003,8.941897e+001
1.567361e+003,8.933626e+001
1.567843e+003,8.922392e+001
1.568326e+003,8.906396e+001
1.568808e+003,8.884461e+001
1.569290e+003,8.857108e+001
1.569772e+003,8.826967e+001
1.570254e+003,8.797195e+001
1.570736e+003,8.769335e+001
1.571218e+003,8.743110e+001
1.571700e+003,8.717651e+001
1.572182e+003,8.692372e+001
1.572665e+003,8.667108e+001
1.573147e+003,8.641832e+001
1.573629e+003,8.616179e+001
1.574111e+003,8.588918e+001
1.574593e+003,8.557550e+001
1.575075e+003,8.518762e+001
1.575557e+003,8.470884e+001
1.576039e+003,8.418128e+001
1.576521e+003,8.371344e+001
1.577004e+003,8.340701e+001
1.577486e+003,8.328545e+001
1.577968e+003,8.331048e+001
1.578450e+003,8.343399e+001
1.578932e+003,8.362524e+001
1.579414e+003,8.387250e+001
1.579896e+003,8.417618e+001
1.580378e+003,8.453977e+001
1.580861e+003,8.496212e+001
1.581343e+003,8.543198e+001
1.581825e+003,8.592792e+001
1.582307e+003,8.642342e+001
1.582789e+003,8.689499e+001
1.583271e+003,8.732781e+001
1.583753e+003,8.771645e+001
1.584235e+003,8.806146e+001
1.584718e+003,8.836497e+001
1.585200e+003,8.862769e+001
1.585682e+003,8.884881e+001
1.586164e+003,8.902809e+001
1.586646e+003,8.916805e+001
1.587128e+003,8.927467e+001
1.587610e+003,8.935665e+001
1.588092e+003,8.942274e+001
1.588574e+003,8.947939e+001
1.589057e+003,8.952918e+001
1.589539e+003,8.957109e+001
1.590021e+003,8.960273e+001
1.590503e+003,8.962310e+001
1.590985e+003,8.963416e+001
1.591467e+003,8.964069e+001
1.591949e+003,8.964807e+001
1.592431e+003,8.965997e+001
1.592913e+003,8.967638e+001
1.593396e+003,8.969379e+001
1.593878e+003,8.970668e+001
1.594360e+003,8.971044e+001
1.594842e+003,8.970340e+001
1.595324e+003,8.968733e+001
1.595806e+003,8.966566e+001
1.596288e+003,8.964091e+001
1.596770e+003,8.961301e+001
1.597253e+003,8.957962e+001
1.597735e+003,8.953783e+001
1.598217e+003,8.948650e+001
1.598699e+003,8.942707e+001
1.599181e+003,8.936337e+001
1.599663e+003,8.929967e+001
1.600145e+003,8.923847e+001
1.600627e+003,8.917881e+001
1.601109e+003,8.911617e+001
1.601592e+003,8.904474e+001
1.602074e+003,8.896054e+001
1.602556e+003,8.886409e+001
1.603038e+003,8.876025e+001
1.603520e+003,8.865572e+001
1.604002e+003,8.855525e+001
1.604484e+003,8.845905e+001
1.604966e+003,8.836315e+001
1.605448e+003,8.826150e+001
1.605931e+003,8.814930e+001
1.606413e+003,8.802530e+001
1.606895e+003,8.789247e+001
1.607377e+003,8.775636e+001
1.607859e+003,8.762193e+001
1.608341e+003,8.749044e+001
1.608823e+003,8.735896e+001
1.609305e+003,8.722308e+001
1.609788e+003,8.708143e+001
1.610270e+003,8.693830e+001
1.610752e+003,8.680289e+001
1.611234e+003,8.668521e+001
1.611716e+003,8.659172e+001
1.612198e+003,8.652261e+001
1.612680e+003,8.647266e+001
1.613162e+003,8.643456e+001
1.613645e+003,8.640350e+001
1.614127e+003,8.638132e+001
1.614609e+003,8.637965e+001
1.615091e+003,8.642078e+001
1.615573e+003,8.653223e+001
1.616055e+003,8.672816e+001
1.616537e+003,8.698434e+001
1.617019e+003,8.723820e+001
1.617501e+003,8.743304e+001
1.617984e+003,8.755554e+001
1.618466e+003,8.762657e+001
1.618948e+003,8.767348e+001
1.619430e+003,8.771474e+001
1.619912e+003,8.775778e+001
1.620394e+003,8.780176e+001
1.620876e+003,8.784149e+001
1.621358e+003,8.787122e+001
1.621840e+003,8.788809e+001
1.622323e+003,8.789459e+001
1.622805e+003,8.789780e+001
1.623287e+003,8.790347e+001
1.623769e+003,8.790961e+001
1.624251e+003,8.790758e+001
1.624733e+003,8.788956e+001
1.625215e+003,8.785429e+001
1.625697e+003,8.780740e+001
1.626180e+003,8.775901e+001
1.626662e+003,8.771984e+001
1.627144e+003,8.769660e+001
1.627626e+003,8.768749e+001
1.628108e+003,8.768185e+001
1.628590e+003,8.766634e+001
1.629072e+003,8.763402e+001
1.629554e+003,8.758823e+001
1.630036e+003,8.753925e+001
1.630519e+003,8.749788e+001
1.631001e+003,8.747041e+001
1.631483e+003,8.745648e+001
1.631965e+003,8.744976e+001
1.632447e+003,8.744069e+001
1.632929e+003,8.742053e+001
1.633411e+003,8.738551e+001
1.633893e+003,8.734056e+001
1.634375e+003,8.730074e+001
1.634858e+003,8.728770e+001
1.635340e+003,8.731356e+001
1.635822e+003,8.735770e+001
1.636304e+003,8.737242e+001
1.636786e+003,8.733177e+001
1.637268e+003,8.725201e+001
1.637750e+003,8.716466e+001
1.638232e+003,8.709172e+001
1.638715e+003,8.704075e+001
1.639197e+003,8.700793e+001
1.639679e+003,8.698288e+001
1.640161e+003,8.695392e+001
1.640643e+003,8.691347e+001
1.641125e+003,8.686141e+001
1.641607e+003,8.680495e+001
1.642089e+003,8.675443e+001
1.642572e+003,8.671788e+001
1.643054e+003,8.669687e+001
1.643536e+003,8.668565e+001
1.644018e+003,8.667320e+001
1.644500e+003,8.664755e+001
1.644982e+003,8.660094e+001
1.645464e+003,8.653558e+001
1.645946e+003,8.646735e+001
1.646428e+003,8.641973e+001
1.646911e+003,8.640021e+001
1.647393e+003,8.638291e+001
1.647875e+003,8.633506e+001
1.648357e+003,8.625089e+001
1.648839e+003,8.614732e+001
1.649321e+003,8.604599e+001
1.649803e+003,8.596413e+001
1.650285e+003,8.591264e+001
1.650767e+003,8.589531e+001
1.651250e+003,8.590656e+001
1.651732e+003,8.592429e+001
1.652214e+003,8.589938e+001
1.652696e+003,8.576232e+001
1.653178e+003,8.550294e+001
1.653660e+003,8.524021e+001
1.654142e+003,8.507521e+001
1.654624e+003,8.498512e+001
1.655107e+003,8.491077e+001
1.655589e+003,8.481674e+001
1.656071e+003,8.469344e+001
1.656553e+003,8.454707e+001
1.657035e+003,8.439125e+001
1.657517e+003,8.424025e+001
1.657999e+003,8.410345e+001
1.658481e+003,8.398173e+001
1.658964e+003,8.386723e+001
1.659446e+003,8.374651e+001
1.659928e+003,8.360584e+001
1.660410e+003,8.343605e+001
1.660892e+003,8.323526e+001
1.661374e+003,8.300845e+001
1.661856e+003,8.276421e+001
1.662338e+003,8.250984e+001
1.662820e+003,8.224861e+001
1.663302e+003,8.198164e+001
1.663785e+003,8.171304e+001
1.664267e+003,8.145136e+001
1.664749e+003,8.120672e+001
1.665231e+003,8.098676e+001
1.665713e+003,8.079407e+001
1.666195e+003,8.062435e+001
1.666677e+003,8.046539e+001
1.667159e+003,8.029676e+001
1.667642e+003,8.009232e+001
1.668124e+003,7.982730e+001
1.668606e+003,7.949173e+001
1.669088e+003,7.910452e+001
1.669570e+003,7.871207e+001
1.670052e+003,7.835999e+001
1.670534e+003,7.806150e+001
1.671016e+003,7.779823e+001
1.671499e+003,7.754575e+001
1.671981e+003,7.729080e+001
1.672463e+003,7.703179e+001
1.672945e+003,7.677094e+001
1.673427e+003,7.650616e+001
1.673909e+003,7.622564e+001
1.674391e+003,7.590880e+001
1.674873e+003,7.553927e+001
1.675355e+003,7.512538e+001
1.675838e+003,7.470452e+001
1.676320e+003,7.432002e+001
1.676802e+003,7.399495e+001
1.677284e+003,7.372691e+001
1.677766e+003,7.349634e+001
1.678248e+003,7.327544e+001
1.678730e+003,7.303501e+001
1.679212e+003,7.275282e+001
1.679694e+003,7.242336e+001
1.680177e+003,7.206430e+001
1.680659e+003,7.171097e+001
1.681141e+003,7.139954e+001
1.681623e+003,7.114821e+001
1.682105e+003,7.094480e+001
1.682587e+003,7.073750e+001
1.683069e+003,7.042946e+001
1.683551e+003,6.990803e+001
1.684034e+003,6.916499e+001
1.684516e+003,6.839129e+001
1.684998e+003,6.779643e+001
1.685480e+003,6.740447e+001
1.685962e+003,6.712184e+001
1.686444e+003,6.685517e+001
1.686926e+003,6.654583e+001
1.687408e+003,6.616467e+001
1.687891e+003,6.570374e+001
1.688373e+003,6.517062e+001
1.688855e+003,6.458270e+001
1.689337e+003,6.395947e+001
1.689819e+003,6.331590e+001
1.690301e+003,6.266096e+001
1.690783e+003,6.200206e+001
1.691265e+003,6.134947e+001
1.691747e+003,6.071668e+001
1.692229e+003,6.011579e+001
1.692712e+003,5.955038e+001
1.693194e+003,5.900727e+001
1.693676e+003,5.844740e+001
1.694158e+003,5.779683e+001
1.694640e+003,5.694738e+001
1.695122e+003,5.579030e+001
1.695604e+003,5.430818e+001
1.696086e+003,5.266897e+001
1.696569e+003,5.116490e+001
1.697051e+003,4.999302e+001
1.697533e+003,4.913364e+001
1.698015e+003,4.841257e+001
1.698497e+003,4.759697e+001
1.698979e+003,4.645131e+001
1.699461e+003,4.482027e+001
1.699943e+003,4.278558e+001
1.700426e+003,4.072548e+001
1.700908e+003,3.904144e+001
1.701390e+003,3.784450e+001
1.701872e+003,3.699539e+001
1.702354e+003,3.630473e+001
1.702836e+003,3.563413e+001
1.703318e+003,3.490333e+001
1.703800e+003,3.407258e+001
1.704282e+003,3.313250e+001
1.704765e+003,3.210566e+001
1.705247e+003,3.104945e+001
1.705729e+003,3.004020e+001
1.706211e+003,2.913793e+001
1.706693e+003,2.836334e+001
1.707175e+003,2.770792e+001
1.707657e+003,2.715658e+001
1.708139e+003,2.669908e+001
1.708621e+003,2.632815e+001
1.709104e+003,2.603299e+001
1.709586e+003,2.579537e+001
1.710068e+003,2.559208e+001
1.710550e+003,2.540306e+001
1.711032e+003,2.522020e+001
1.711514e+003,2.505122e+001
1.711996e+003,2.491689e+001
1.712478e+003,2.484291e+001
1.712961e+003,2.484995e+001
1.713443e+003,2.494366e+001
1.713925e+003,2.510820e+001
1.714407e+003,2.530841e+001
1.714889e+003,2.550702e+001
1.715371e+003,2.569561e+001
1.715853e+003,2.592467e+001
1.716335e+003,2.630379e+001
1.716818e+003,2.694053e+001
1.717300e+003,2.782731e+001
1.717782e+003,2.879354e+001
1.718264e+003,2.962908e+001
1.718746e+003,3.024268e+001
1.719228e+003,3.067388e+001
1.719710e+003,3.101307e+001
1.720192e+003,3.134201e+001
1.720674e+003,3.171594e+001
1.721156e+003,3.216565e+001
1.721639e+003,3.270333e+001
1.722121e+003,3.332758e+001
1.722603e+003,3.402739e+001
1.723085e+003,3.478629e+001
1.723567e+003,3.558657e+001
1.724049e+003,3.641182e+001
1.724531e+003,3.724672e+001
1.725013e+003,3.807556e+001
1.725496e+003,3.888256e+001
1.725978e+003,3.965549e+001
1.726460e+003,4.039164e+001
1.726942e+003,4.110328e+001
1.727424e+003,4.181959e+001
1.727906e+003,4.258215e+001
1.728388e+003,4.343233e+001
1.728870e+003,4.439164e+001
1.729353e+003,4.544276e+001
1.729835e+003,4.652473e+001
1.730317e+003,4.755384e+001
1.730799e+003,4.846357e+001
1.731281e+003,4.924235e+001
1.731763e+003,4.995337e+001
1.732245e+003,5.073971e+001
1.732727e+003,5.181416e+001
1.733209e+003,5.339131e+001
1.733692e+003,5.549268e+001
1.734174e+003,5.775889e+001
1.734656e+003,5.966605e+001
1.735138e+003,6.098874e+001
1.735620e+003,6.185485e+001
1.736102e+003,6.249429e+001
1.736584e+003,6.308623e+001
1.737066e+003,6.374326e+001
1.737548e+003,6.453578e+001
1.738031e+003,6.550876e+001
1.738513e+003,6.667925e+001
1.738995e+003,6.801901e+001
1.739477e+003,6.944550e+001
1.739959e+003,7.084887e+001
1.740441e+003,7.214461e+001
1.740923e+003,7.330460e+001
1.741405e+003,7.434582e+001
1.741888e+003,7.530289e+001
1.742370e+003,7.620872e+001
1.742852e+003,7.708752e+001
1.743334e+003,7.795287e+001
1.743816e+003,7.880705e+001
1.744298e+003,7.964117e+001
1.744780e+003,8.043848e+001
1.745262e+003,8.117980e+001
1.745745e+003,8.185033e+001
1.746227e+003,8.244538e+001
1.746709e+003,8.297583e+001
1.747191e+003,8.346993e+001
1.747673e+003,8.396721e+001
1.748155e+003,8.450076e+001
1.748637e+003,8.507540e+001
1.749119e+003,8.565849e+001
1.749601e+003,8.619512e+001
1.750083e+003,8.663909e+001
1.750566e+003,8.697871e+001
1.751048e+003,8.724018e+001
1.751530e+003,8.746650e+001
1.752012e+003,8.768860e+001
1.752494e+003,8.791201e+001
1.752976e+003,8.812352e+001
1.753458e+003,8.830595e+001
1.753940e+003,8.844994e+001
1.754423e+003,8.855965e+001
1.754905e+003,8.865369e+001
1.755387e+003,8.876137e+001
1.755869e+003,8.891150e+001
1.756351e+003,8.911497e+001
1.756833e+003,8.935133e+001
1.757315e+003,8.957610e+001
1.757797e+003,8.974788e+001
1.758280e+003,8.985242e+001
1.758762e+003,8.990510e+001
1.759244e+003,8.993853e+001
1.759726e+003,8.998709e+001
1.760208e+003,9.007420e+001
1.760690e+003,9.020297e+001
1.761172e+003,9.035256e+001
1.761654e+003,9.048718e+001
1.762136e+003,9.057864e+001
1.762619e+003,9.062569e+001
1.763101e+003,9.065103e+001
1.763583e+003,9.068097e+001
1.764065e+003,9.072913e+001
1.764547e+003,9.079333e+001
1.765029e+003,9.086147e+001
1.765511e+003,9.091946e+001
1.765993e+003,9.095879e+001
1.766475e+003,9.098133e+001
1.766958e+003,9.100014e+001
1.767440e+003,9.103303e+001
1.767922e+003,9.109122e+001
1.768404e+003,9.117027e+001
1.768886e+003,9.125172e+001
1.769368e+003,9.131461e+001
1.769850e+003,9.134753e+001
1.770332e+003,9.135631e+001
1.770815e+003,9.136474e+001
1.771297e+003,9.140531e+001
1.771779e+003,9.149690e+001
1.772261e+003,9.161992e+001
1.772743e+003,9.172374e+001
1.773225e+003,9.176868e+001
1.773707e+003,9.175415e+001
1.774189e+003,9.170844e+001
1.774672e+003,9.166574e+001
1.775154e+003,9.164976e+001
1.775636e+003,9.166738e+001
1.776118e+003,9.170915e+001
1.776600e+003,9.175603e+001
1.777082e+003,9.178966e+001
1.777564e+003,9.180141e+001
1.778046e+003,9.179601e+001
1.778528e+003,9.178892e+001
1.779010e+003,9.179839e+001
1.779493e+003,9.183549e+001
1.779975e+003,9.189554e+001
1.780457e+003,9.195855e+001
1.780939e+003,9.200130e+001
1.781421e+003,9.201299e+001
1.781903e+003,9.200131e+001
1.782385e+003,9.198615e+001
1.782867e+003,9.198757e+001
1.783350e+003,9.201637e+001
1.783832e+003,9.206928e+001
1.784314e+003,9.213076e+001
1.784796e+003,9.218102e+001
1.785278e+003,9.220767e+001
1.785760e+003,9.221302e+001
1.786242e+003,9.221161e+001
1.786724e+003,9.221999e+001
1.787207e+003,9.224717e+001
1.787689e+003,9.229103e+001
1.788171e+003,9.234081e+001
1.788653e+003,9.238327e+001
1.789135e+003,9.240962e+001
1.789617e+003,9.242076e+001
1.790099e+003,9.242907e+001
1.790581e+003,9.245416e+001
1.791063e+003,9.251220e+001
1.791546e+003,9.260069e+001
1.792028e+003,9.269269e+001
1.792510e+003,9.275282e+001
1.792992e+003,9.276517e+001
1.793474e+003,9.274323e+001
1.793956e+003,9.271532e+001
1.794438e+003,9.270514e+001
1.794920e+003,9.272164e+001
1.795402e+003,9.275800e+001
1.795885e+003,9.279740e+001
1.796367e+003,9.282201e+001
1.796849e+003,9.282252e+001
1.797331e+003,9.280280e+001
1.797813e+003,9.277805e+001
1.798295e+003,9.276679e+001
1.798777e+003,9.278134e+001
1.799259e+003,9.282109e+001
1.799742e+003,9.287157e+001
1.800224e+003,9.291124e+001
1.800706e+003,9.292427e+001
1.801188e+003,9.291059e+001
1.801670e+003,9.288558e+001
1.802152e+003,9.286815e+001
1.802634e+003,9.286866e+001
1.803116e+003,9.288448e+001
1.803599e+003,9.290405e+001
1.804081e+003,9.291473e+001
1.804563e+003,9.291011e+001
1.805045e+003,9.289305e+001
1.805527e+003,9.287387e+001
1.806009e+003,9.286427e+001
1.806491e+003,9.287083e+001
1.806973e+003,9.289105e+001
1.807455e+003,9.291434e+001
1.807938e+003,9.292785e+001
1.808420e+003,9.292395e+001
1.808902e+003,9.290533e+001
1.809384e+003,9.288454e+001
1.809866e+003,9.287691e+001
1.810348e+003,9.289135e+001
1.810830e+003,9.292342e+001
1.811312e+003,9.295712e+001
1.811794e+003,9.297454e+001
1.812277e+003,9.296759e+001
1.812759e+003,9.294225e+001
1.813241e+003,9.291405e+001
1.813723e+003,9.289828e+001
1.814205e+003,9.290258e+001
1.814687e+003,9.292377e+001
1.815169e+003,9.294994e+001
1.815651e+003,9.296601e+001
1.816134e+003,9.296124e+001
1.816616e+003,9.293530e+001
1.817098e+003,9.289869e+001
1.817580e+003,9.286664e+001
1.818062e+003,9.284986e+001
1.818544e+003,9.284875e+001
1.819026e+003,9.285412e+001
1.819508e+003,9.285365e+001
1.819990e+003,9.284005e+001
1.820473e+003,9.281561e+001
1.820955e+003,9.279140e+001
1.821437e+003,9.278101e+001
1.821919e+003,9.279350e+001
1.822401e+003,9.282861e+001
1.822883e+003,9.287670e+001
1.823365e+003,9.292283e+001
1.823847e+003,9.295388e+001
1.824329e+003,9.296589e+001
1.824812e+003,9.296667e+001
1.825294e+003,9.297003e+001
1.825776e+003,9.298519e+001
1.826258e+003,9.301078e+001
1.826740e+003,9.303707e+001
1.827222e+003,9.305326e+001
1.827704e+003,9.305436e+001
1.828186e+003,9.304498e+001
1.828669e+003,9.303972e+001
1.829151e+003,9.305643e+001
1.829633e+003,9.310364e+001
1.830115e+003,9.316987e+001
1.830597e+003,9.322961e+001
1.831079e+003,9.326216e+001
1.831561e+003,9.326450e+001
1.832043e+003,9.324893e+001
1.832526e+003,9.323366e+001
1.833008e+003,9.323359e+001
1.833490e+003,9.325511e+001
1.833972e+003,9.329399e+001
1.834454e+003,9.333792e+001
1.834936e+003,9.337235e+001
1.835418e+003,9.338860e+001
1.835900e+003,9.338869e+001
1.836382e+003,9.338464e+001
1.836865e+003,9.339069e+001
1.837347e+003,9.341447e+001
1.837829e+003,9.345137e+001
1.838311e+003,9.348743e+001
1.838793e+003,9.350778e+001
1.839275e+003,9.350602e+001
1.839757e+003,9.348770e+001
1.840239e+003,9.346762e+001
1.840721e+003,9.346238e+001
1.841204e+003,9.348389e+001
1.841686e+003,9.353451e+001
1.842168e+003,9.360561e+001
1.842650e+003,9.368016e+001
1.843132e+003,9.374032e+001
1.843614e+003,9.377792e+001
1.844096e+003,9.380106e+001
1.844578e+003,9.382681e+001
1.845061e+003,9.386518e+001
1.845543e+003,9.391013e+001
1.846025e+003,9.394551e+001
1.846507e+003,9.395695e+001
1.846989e+003,9.394075e+001
1.847471e+003,9.390575e+001
1.847953e+003,9.386927e+001
1.848435e+003,9.384865e+001
1.848917e+003,9.385283e+001
1.849400e+003,9.387814e+001
1.849882e+003,9.391138e+001
1.850364e+003,9.393765e+001
1.850846e+003,9.394884e+001
1.851328e+003,9.394714e+001
1.851810e+003,9.394320e+001
1.852292e+003,9.394928e+001
1.852774e+003,9.397192e+001
1.853256e+003,9.400723e+001
1.853739e+003,9.404289e+001
1.854221e+003,9.406515e+001
1.854703e+003,9.406725e+001
1.855185e+003,9.405380e+001
1.855667e+003,9.403862e+001
1.856149e+003,9.403716e+001
1.856631e+003,9.405814e+001
1.857113e+003,9.409828e+001
1.857596e+003,9.414361e+001
1.858078e+003,9.417666e+001
1.858560e+003,9.418633e+001
1.859042e+003,9.417367e+001
1.859524e+003,9.415107e+001
1.860006e+003,9.413432e+001
1.860488e+003,9.413393e+001
1.860970e+003,9.414915e+001
1.861453e+003,9.416938e+001
1.861935e+003,9.418124e+001
1.862417e+003,9.417734e+001
1.862899e+003,9.416085e+001
1.863381e+003,9.414420e+001
1.863863e+003,9.414207e+001
1.864345e+003,9.416398e+001
1.864827e+003,9.420917e+001
1.865309e+003,9.426701e+001
1.865792e+003,9.432172e+001
1.866274e+003,9.436028e+001
1.866756e+003,9.437930e+001
1.867238e+003,9.438753e+001
1.867720e+003,9.439996e+001
1.868202e+003,9.442583e+001
1.868684e+003,9.445718e+001
1.869166e+003,9.447257e+001
1.869648e+003,9.445411e+001
1.870131e+003,9.440225e+001
1.870613e+003,9.433437e+001
1.871095e+003,9.427321e+001
1.871577e+003,9.423547e+001
1.872059e+003,9.422617e+001
1.872541e+003,9.423820e+001
1.873023e+003,9.425661e+001
1.873505e+003,9.426582e+001
1.873988e+003,9.425751e+001
1.874470e+003,9.423468e+001
1.874952e+003,9.421005e+001
1.875434e+003,9.419810e+001
1.875916e+003,9.420666e+001
1.876398e+003,9.423165e+001
1.876880e+003,9.425923e+001
1.877362e+003,9.427328e+001
1.877844e+003,9.426514e+001
1.878327e+003,9.423882e+001
1.878809e+003,9.420922e+001
1.879291e+003,9.419350e+001
1.879773e+003,9.420158e+001
1.880255e+003,9.423013e+001
1.880737e+003,9.426445e+001
1.881219e+003,9.428645e+001
1.881701e+003,9.428480e+001
1.882183e+003,9.426093e+001
1.882666e+003,9.422827e+001
1.883148e+003,9.420451e+001
1.883630e+003,9.420227e+001
1.884112e+003,9.422170e+001
1.884594e+003,9.425101e+001
1.885076e+003,9.427322e+001
1.885558e+003,9.427648e+001
1.886040e+003,9.426056e+001
1.886523e+003,9.423596e+001
1.887005e+003,9.421712e+001
1.887487e+003,9.421416e+001
1.887969e+003,9.422694e+001
1.888451e+003,9.424430e+001
1.888933e+003,9.424975e+001
1.889415e+003,9.423291e+001
1.889897e+003,9.419782e+001
1.890380e+003,9.416155e+001
1.890862e+003,9.414204e+001
1.891344e+003,9.414696e+001
1.891826e+003,9.416993e+001
1.892308e+003,9.419537e+001
1.892790e+003,9.420627e+001
1.893272e+003,9.419241e+001
1.893754e+003,9.415559e+001
1.894236e+003,9.410970e+001
1.894719e+003,9.407346e+001
1.895201e+003,9.405983e+001
1.895683e+003,9.406812e+001
1.896165e+003,9.408529e+001
1.896647e+003,9.409518e+001
1.897129e+003,9.408930e+001
1.897611e+003,9.407119e+001
1.898093e+003,9.405416e+001
1.898575e+003,9.405235e+001
1.899058e+003,9.407274e+001
1.899540e+003,9.410985e+001
1.900022e+003,9.414835e+001
1.900504e+003,9.417050e+001
1.900986e+003,9.416612e+001
1.901468e+003,9.413837e+001
1.901950e+003,9.410205e+001
1.902432e+003,9.407465e+001
1.902915e+003,9.406657e+001
1.903397e+003,9.407481e+001
1.903879e+003,9.408525e+001
1.904361e+003,9.408108e+001
1.904843e+003,9.405360e+001
1.905325e+003,9.400816e+001
1.905807e+003,9.396259e+001
1.906289e+003,9.393791e+001
1.906771e+003,9.394798e+001
1.907254e+003,9.399154e+001
1.907736e+003,9.405254e+001
1.908218e+003,9.410727e+001
1.908700e+003,9.413667e+001
1.909182e+003,9.413626e+001
1.909664e+003,9.411767e+001
1.910146e+003,9.409887e+001
1.910628e+003,9.409177e+001
1.911110e+003,9.409452e+001
1.911593e+003,9.409404e+001
1.912075e+003,9.407527e+001
1.912557e+003,9.403162e+001
1.913039e+003,9.396992e+001
1.913521e+003,9.390830e+001
1.914003e+003,9.386687e+001
1.914485e+003,9.385832e+001
1.914967e+003,9.388105e+001
1.915450e+003,9.392044e+001
1.915932e+003,9.395524e+001
1.916414e+003,9.396816e+001
1.916896e+003,9.395519e+001
1.917378e+003,9.392908e+001
1.917860e+003,9.391155e+001
1.918342e+003,9.391923e+001
1.918824e+003,9.395197e+001
1.919307e+003,9.399480e+001
1.919789e+003,9.402908e+001
1.920271e+003,9.404453e+001
1.920753e+003,9.404315e+001
1.921235e+003,9.403770e+001
1.921717e+003,9.404310e+001
1.922199e+003,9.406709e+001
1.922681e+003,9.410173e+001
1.923163e+003,9.412605e+001
1.923646e+003,9.411883e+001
1.924128e+003,9.407398e+001
1.924610e+003,9.400449e+001
1.925092e+003,9.393461e+001
1.925574e+003,9.388648e+001
1.926056e+003,9.387029e+001
1.926538e+003,9.387988e+001
1.927020e+003,9.389663e+001
1.927502e+003,9.389868e+001
1.927985e+003,9.387375e+001
1.928467e+003,9.382615e+001
1.928949e+003,9.377538e+001
1.929431e+003,9.374457e+001
1.929913e+003,9.374802e+001
1.930395e+003,9.378235e+001
1.930877e+003,9.382816e+001
1.931359e+003,9.385967e+001
1.931842e+003,9.385906e+001
1.932324e+003,9.382562e+001
1.932806e+003,9.377560e+001
1.933288e+003,9.373117e+001
1.933770e+003,9.370780e+001
1.934252e+003,9.370469e+001
1.934734e+003,9.370634e+001
1.935216e+003,9.369253e+001
1.935698e+003,9.365176e+001
1.936181e+003,9.358926e+001
1.936663e+003,9.352520e+001
1.937145e+003,9.348290e+001
1.937627e+003,9.347606e+001
1.938109e+003,9.349929e+001
1.938591e+003,9.353091e+001
1.939073e+003,9.354335e+001
1.939555e+003,9.351786e+001
1.940037e+003,9.345386e+001
1.940520e+003,9.337002e+001
1.941002e+003,9.329454e+001
1.941484e+003,9.325140e+001
1.941966e+003,9.324552e+001
1.942448e+003,9.325947e+001
1.942930e+003,9.326418e+001
1.943412e+003,9.324130e+001
1.943894e+003,9.319559e+001
1.944377e+003,9.315147e+001
1.944859e+003,9.313523e+001
1.945341e+003,9.315990e+001
1.945823e+003,9.321607e+001
1.946305e+003,9.327637e+001
1.946787e+003,9.330817e+001
1.947269e+003,9.329244e+001
1.947751e+003,9.323446e+001
1.948234e+003,9.316158e+001
1.948716e+003,9.310761e+001
1.949198e+003,9.309548e+001
1.949680e+003,9.312621e+001
1.950162e+003,9.317960e+001
1.950644e+003,9.322587e+001
1.951126e+003,9.324416e+001
1.951608e+003,9.323402e+001
1.952090e+003,9.321634e+001
1.952573e+003,9.321918e+001
1.953055e+003,9.326144e+001
1.953537e+003,9.334007e+001
1.954019e+003,9.343031e+001
1.954501e+003,9.349736e+001
1.954983e+003,9.351642e+001
1.955465e+003,9.348708e+001
1.955947e+003,9.343476e+001
1.956429e+003,9.339549e+001
1.956912e+003,9.339767e+001
1.957394e+003,9.344704e+001
1.957876e+003,9.352511e+001
1.958358e+003,9.359938e+001
1.958840e+003,9.364426e+001
1.959322e+003,9.365582e+001
1.959804e+003,9.365440e+001
1.960286e+003,9.366778e+001
1.960769e+003,9.371229e+001
1.961251e+003,9.377973e+001
1.961733e+003,9.384254e+001
1.962215e+003,9.386955e+001
1.962697e+003,9.384801e+001
1.963179e+003,9.379353e+001
1.963661e+003,9.374469e+001
1.964143e+003,9.374187e+001
1.964625e+003,9.380724e+001
1.965108e+003,9.392982e+001
1.965590e+003,9.406766e+001
1.966072e+003,9.416531e+001
1.966554e+003,9.418548e+001
1.967036e+003,9.413343e+001
1.967518e+003,9.405703e+001
1.968000e+003,9.401530e+001
1.968482e+003,9.404398e+001
1.968964e+003,9.413503e+001
1.969447e+003,9.424601e+001
1.969929e+003,9.432274e+001
1.970411e+003,9.432989e+001
1.970893e+003,9.426771e+001
1.971375e+003,9.417162e+001
1.971857e+003,9.408928e+001
1.972339e+003,9.405526e+001
1.972821e+003,9.407201e+001
1.973304e+003,9.411053e+001
1.973786e+003,9.412833e+001
1.974268e+003,9.409719e+001
1.974750e+003,9.401991e+001
1.975232e+003,9.393013e+001
1.975714e+003,9.386843e+001
1.976196e+003,9.385824e+001
1.976678e+003,9.388808e+001
1.977161e+003,9.391924e+001
1.977643e+003,9.390802e+001
1.978125e+003,9.383591e+001
1.978607e+003,9.372342e+001
1.979089e+003,9.361945e+001
1.979571e+003,9.357082e+001
1.980053e+003,9.359721e+001
1.980535e+003,9.367969e+001
1.981017e+003,9.377259e+001
1.981500e+003,9.382655e+001
1.981982e+003,9.381586e+001
1.982464e+003,9.375053e+001
1.982946e+003,9.367087e+001
1.983428e+003,9.362351e+001
1.983910e+003,9.363784e+001
1.984392e+003,9.371202e+001
1.984874e+003,9.381682e+001
1.985356e+003,9.391249e+001
1.985839e+003,9.397139e+001
1.986321e+003,9.399127e+001
1.986803e+003,9.399522e+001
1.987285e+003,9.401370e+001
1.987767e+003,9.406580e+001
1.988249e+003,9.414500e+001
1.988731e+003,9.422388e+001
1.989213e+003,9.426947e+001
1.989696e+003,9.426524e+001
1.990178e+003,9.422157e+001
1.990660e+003,9.417284e+001
1.991142e+003,9.415700e+001
1.991624e+003,9.419415e+001
1.992106e+003,9.426982e+001
1.992588e+003,9.434264e+001
1.993070e+003,9.436717e+001
1.993552e+003,9.432320e+001
1.994035e+003,9.422585e+001
1.994517e+003,9.411490e+001
1.994999e+003,9.403067e+001
1.995481e+003,9.399531e+001
1.995963e+003,9.400275e+001
1.996445e+003,9.402465e+001
1.996927e+003,9.402623e+001
1.997409e+003,9.398816e+001
1.997891e+003,9.391903e+001
1.998374e+003,9.385269e+001
1.998856e+003,9.382804e+001
1.999338e+003,9.386812e+001
1.999820e+003,9.396479e+001
2.000302e+003,9.408257e+001
2.000784e+003,9.417550e+001
2.001266e+003,9.421230e+001
2.001748e+003,9.419402e+001
2.002231e+003,9.415392e+001
2.002713e+003,9.413821e+001
2.003195e+003,9.418280e+001
2.003677e+003,9.429344e+001
2.004159e+003,9.444420e+001
2.004641e+003,9.458903e+001
2.005123e+003,9.468787e+001
2.005605e+003,9.472591e+001
2.006088e+003,9.472162e+001
2.006570e+003,9.471143e+001
2.007052e+003,9.472784e+001
2.007534e+003,9.477904e+001
2.008016e+003,9.484651e+001
2.008498e+003,9.489717e+001
2.008980e+003,9.490705e+001
2.009462e+003,9.487643e+001
2.009944e+003,9.483044e+001
2.010427e+003,9.480058e+001
2.010909e+003,9.480678e+001
2.011391e+003,9.484418e+001
2.011873e+003,9.488763e+001
2.012355e+003,9.490675e+001
2.012837e+003,9.488798e+001
2.013319e+003,9.484415e+001
2.013801e+003,9.481059e+001
2.014283e+003,9.482370e+001
2.014766e+003,9.490107e+001
2.015248e+003,9.502740e+001
2.015730e+003,9.515809e+001
2.016212e+003,9.523854e+001
2.016694e+003,9.523434e+001
2.017176e+003,9.515137e+001
2.017658e+003,9.503432e+001
2.018140e+003,9.493774e+001
2.018623e+003,9.489639e+001
2.019105e+003,9.490808e+001
2.019587e+003,9.494088e+001
2.020069e+003,9.495339e+001
2.020551e+003,9.492179e+001
2.021033e+003,9.485225e+001
2.021515e+003,9.477849e+001
2.021997e+003,9.473873e+001
2.022479e+003,9.475483e+001
2.022962e+003,9.481693e+001
2.023444e+003,9.488982e+001
2.023926e+003,9.493170e+001
2.024408e+003,9.492090e+001
2.024890e+003,9.486976e+001
2.025372e+003,9.481986e+001
2.025854e+003,9.481691e+001
2.026336e+003,9.488693e+001
2.026818e+003,9.501938e+001
2.027301e+003,9.517172e+001
2.027783e+003,9.528955e+001
2.028265e+003,9.533595e+001
2.028747e+003,9.530969e+001
2.029229e+003,9.524494e+001
2.029711e+003,9.518623e+001
2.030193e+003,9.516387e+001
2.030675e+003,9.517544e+001
2.031158e+003,9.519123e+001
2.031640e+003,9.517262e+001
2.032122e+003,9.509859e+001
2.032604e+003,9.497983e+001
2.033086e+003,9.485513e+001
2.033568e+003,9.476743e+001
2.034050e+003,9.474066e+001
2.034532e+003,9.476517e+001
2.035015e+003,9.480332e+001
2.035497e+003,9.480923e+001
2.035979e+003,9.475598e+001
2.036461e+003,9.464845e+001
2.036943e+003,9.452160e+001
2.037425e+003,9.441688e+001
2.037907e+003,9.436298e+001
2.038389e+003,9.436165e+001
2.038871e+003,9.439205e+001
2.039354e+003,9.442370e+001
2.039836e+003,9.443597e+001
2.040318e+003,9.442876e+001
2.040800e+003,9.442144e+001
2.041282e+003,9.443671e+001
2.041764e+003,9.448505e+001
2.042246e+003,9.455481e+001
2.042728e+003,9.461876e+001
2.043210e+003,9.464856e+001
2.043693e+003,9.463287e+001
2.044175e+003,9.458322e+001
2.044657e+003,9.452832e+001
2.045139e+003,9.449564e+001
2.045621e+003,9.449657e+001
2.046103e+003,9.451775e+001
2.046585e+003,9.452898e+001
2.047067e+003,9.449895e+001
2.047550e+003,9.441543e+001
2.048032e+003,9.429303e+001
2.048514e+003,9.416850e+001
2.048996e+003,9.408114e+001
2.049478e+003,9.405500e+001
2.049960e+003,9.408824e+001
2.050442e+003,9.415778e+001
2.050924e+003,9.423167e+001
2.051406e+003,9.428584e+001
2.051889e+003,9.431161e+001
2.052371e+003,9.431628e+001
2.052853e+003,9.431245e+001
2.053335e+003,9.430920e+001
2.053817e+003,9.430471e+001
2.054299e+003,9.428930e+001
2.054781e+003,9.425237e+001
2.055263e+003,9.419272e+001
2.055746e+003,9.412174e+001
2.056228e+003,9.405980e+001
2.056710e+003,9.402544e+001
2.057192e+003,9.402602e+001
2.057674e+003,9.405342e+001
2.058156e+003,9.408858e+001
2.058638e+003,9.411102e+001
2.059120e+003,9.411066e+001
2.059603e+003,9.409225e+001
2.060084e+003,9.407288e+001
2.060567e+003,9.407035e+001
2.061049e+003,9.409315e+001
2.061531e+003,9.413386e+001
2.062013e+003,9.417338e+001
2.062495e+003,9.419012e+001
2.062977e+003,9.417201e+001
2.063459e+003,9.412290e+001
2.063941e+003,9.406116e+001
2.064424e+003,9.400931e+001
2.064906e+003,9.398273e+001
2.065388e+003,9.398120e+001
2.065870e+003,9.399110e+001
2.066352e+003,9.399336e+001
2.066834e+003,9.397635e+001
2.067316e+003,9.394070e+001
2.067798e+003,9.389933e+001
2.068281e+003,9.386811e+001
2.068763e+003,9.385789e+001
2.069245e+003,9.386832e+001
2.069727e+003,9.388955e+001
2.070209e+003,9.390793e+001
2.070691e+003,9.391510e+001
2.071173e+003,9.391188e+001
2.071655e+003,9.390741e+001
2.072137e+003,9.391151e+001
2.072620e+003,9.392773e+001
2.073102e+003,9.394944e+001
2.073584e+003,9.396288e+001
2.074066e+003,9.395445e+001
2.074548e+003,9.391968e+001
2.075030e+003,9.386600e+001
2.075512e+003,9.381046e+001
2.075994e+003,9.376999e+001
2.076477e+003,9.375390e+001
2.076959e+003,9.375879e+001
2.077441e+003,9.377165e+001
2.077923e+003,9.377718e+001
2.078405e+003,9.376682e+001
2.078887e+003,9.374313e+001
2.079369e+003,9.371805e+001
2.079851e+003,9.370497e+001
2.080333e+003,9.371102e+001
2.080816e+003,9.373249e+001
2.081298e+003,9.375706e+001
2.081780e+003,9.377030e+001
2.082262e+003,9.376453e+001
2.082744e+003,9.374252e+001
2.083226e+003,9.371655e+001
2.083708e+003,9.370074e+001
2.084190e+003,9.370388e+001
2.084673e+003,9.372439e+001
2.085155e+003,9.375211e+001
2.085637e+003,9.377397e+001
2.086119e+003,9.378209e+001
2.086601e+003,9.377788e+001
2.087083e+003,9.377155e+001
2.087565e+003,9.377536e+001
2.088047e+003,9.379726e+001
2.088530e+003,9.383581e+001
2.089011e+003,9.388159e+001
2.089494e+003,9.392256e+001
2.089976e+003,9.395173e+001
2.090458e+003,9.397086e+001
2.090940e+003,9.398969e+001
2.091422e+003,9.401870e+001
2.091904e+003,9.406252e+001
2.092386e+003,9.411486e+001
2.092868e+003,9.416119e+001
2.093351e+003,9.418451e+001
2.093833e+003,9.417474e+001
2.094315e+003,9.413354e+001
2.094797e+003,9.407446e+001
2.095279e+003,9.401567e+001
2.095761e+003,9.397137e+001
2.096243e+003,9.394522e+001
2.096725e+003,9.393021e+001
2.097208e+003,9.391417e+001
2.097690e+003,9.388829e+001
2.098172e+003,9.385225e+001
2.098654e+003,9.381542e+001
2.099136e+003,9.379056e+001
2.099618e+003,9.378734e+001
2.100100e+003,9.380598e+001
2.100582e+003,9.383797e+001
2.101064e+003,9.386986e+001
2.101547e+003,9.389077e+001
2.102029e+003,9.389730e+001
2.102511e+003,9.389442e+001
2.102993e+003,9.389075e+001
2.103475e+003,9.389307e+001
2.103957e+003,9.390157e+001
2.104439e+003,9.391019e+001
2.104921e+003,9.391035e+001
2.105404e+003,9.389729e+001
2.105886e+003,9.387299e+001
2.106368e+003,9.384620e+001
2.106850e+003,9.382715e+001
2.107332e+003,9.382236e+001
2.107814e+003,9.383050e+001
2.108296e+003,9.384386e+001
2.108778e+003,9.385271e+001
2.109260e+003,9.385162e+001
2.109743e+003,9.384260e+001
2.110225e+003,9.383470e+001
2.110707e+003,9.383797e+001
2.111189e+003,9.385831e+001
2.111671e+003,9.389294e+001
2.112153e+003,9.393206e+001
2.112635e+003,9.396313e+001
2.113117e+003,9.397800e+001
2.113600e+003,9.397622e+001
2.114082e+003,9.396562e+001
2.114564e+003,9.395658e+001
2.115046e+003,9.395707e+001
2.115528e+003,9.396779e+001
2.116010e+003,9.398319e+001
2.116492e+003,9.399512e+001
2.116974e+003,9.399869e+001
2.117457e+003,9.399521e+001
2.117938e+003,9.399194e+001
2.118421e+003,9.399701e+001
2.118903e+003,9.401479e+001
2.119385e+003,9.404213e+001
2.119867e+003,9.407008e+001
2.120349e+003,9.408826e+001
2.120831e+003,9.409162e+001
2.121313e+003,9.408318e+001
2.121795e+003,9.407389e+001
2.122278e+003,9.407603e+001
2.122760e+003,9.409781e+001
2.123242e+003,9.413799e+001
2.123724e+003,9.418715e+001
2.124206e+003,9.423238e+001
2.124688e+003,9.426448e+001
2.125170e+003,9.428233e+001
2.125652e+003,9.429362e+001
2.126135e+003,9.430934e+001
2.126617e+003,9.433772e+001
2.127099e+003,9.437897e+001
2.127581e+003,9.442584e+001
2.128063e+003,9.446777e+001
2.128545e+003,9.449835e+001
2.129027e+003,9.451914e+001
2.129509e+003,9.454018e+001
2.129991e+003,9.457354e+001
2.130474e+003,9.462685e+001
2.130956e+003,9.469700e+001
2.131438e+003,9.477105e+001
2.131920e+003,9.483141e+001
2.132402e+003,9.486509e+001
2.132884e+003,9.487006e+001
2.133366e+003,9.485663e+001
2.133848e+003,9.484055e+001
2.134331e+003,9.483430e+001
2.134813e+003,9.483916e+001
2.135295e+003,9.484452e+001
2.135777e+003,9.483385e+001
2.136259e+003,9.479606e+001
2.136741e+003,9.473240e+001
2.137223e+003,9.465865e+001
2.137705e+003,9.459701e+001
2.138188e+003,9.456591e+001
2.138670e+003,9.457076e+001
2.139152e+003,9.460268e+001
2.139634e+003,9.464360e+001
2.140116e+003,9.467674e+001
2.140598e+003,9.469437e+001
2.141080e+003,9.470135e+001
2.141562e+003,9.470931e+001
2.142044e+003,9.472914e+001
2.142527e+003,9.476353e+001
2.143009e+003,9.480661e+001
2.143491e+003,9.484865e+001
2.143973e+003,9.488550e+001
2.144455e+003,9.492262e+001
2.144937e+003,9.497551e+001
2.145419e+003,9.505942e+001
2.145901e+003,9.518054e+001
2.146384e+003,9.532793e+001
2.146865e+003,9.547674e+001
2.147348e+003,9.559740e+001
2.147830e+003,9.567091e+001
2.148312e+003,9.569778e+001
2.148794e+003,9.569845e+001
2.149276e+003,9.570071e+001
2.149758e+003,9.572575e+001
2.150240e+003,9.577621e+001
2.150722e+003,9.583633e+001
2.151205e+003,9.588095e+001
2.151687e+003,9.589153e+001
2.152169e+003,9.586720e+001
2.152651e+003,9.582723e+001
2.153133e+003,9.579984e+001
2.153615e+003,9.580849e+001
2.154097e+003,9.585764e+001
2.154579e+003,9.593221e+001
2.155062e+003,9.600421e+001
2.155544e+003,9.604977e+001
2.156026e+003,9.606022e+001
2.156508e+003,9.604681e+001
2.156990e+003,9.602878e+001
2.157472e+003,9.601837e+001
2.157954e+003,9.600709e+001
2.158436e+003,9.596761e+001
2.158918e+003,9.586876e+001
2.159401e+003,9.570146e+001
2.159883e+003,9.548856e+001
2.160365e+003,9.528098e+001
2.160847e+003,9.513051e+001
2.161329e+003,9.506815e+001
2.161811e+003,9.509098e+001
2.162293e+003,9.516853e+001
2.162775e+003,9.525833e+001
2.163258e+003,9.532732e+001
2.163740e+003,9.536339e+001
2.164222e+003,9.537670e+001
2.164704e+003,9.538605e+001
2.165186e+003,9.540563e+001
2.165668e+003,9.543409e+001
2.166150e+003,9.545761e+001
2.166632e+003,9.545891e+001
2.167115e+003,9.543172e+001
2.167597e+003,9.538538e+001
2.168079e+003,9.534232e+001
2.168561e+003,9.532386e+001
2.169043e+003,9.533937e+001
2.169525e+003,9.537833e+001
2.170007e+003,9.541617e+001
2.170489e+003,9.542622e+001
2.170971e+003,9.539565e+001
2.171454e+003,9.533269e+001
2.171936e+003,9.526499e+001
2.172418e+003,9.522480e+001
2.172900e+003,9.523393e+001
2.173382e+003,9.529178e+001
2.173864e+003,9.537637e+001
2.174346e+003,9.545287e+001
2.174828e+003,9.549129e+001
2.175311e+003,9.547823e+001
2.175792e+003,9.542262e+001
2.176275e+003,9.534649e+001
2.176757e+003,9.527412e+001
2.177239e+003,9.521906e+001
2.177721e+003,9.518298e+001
2.178203e+003,9.515835e+001
2.178685e+003,9.513843e+001
2.179167e+003,9.512206e+001
2.179649e+003,9.511526e+001
2.180132e+003,9.512374e+001
2.180614e+003,9.514752e+001
2.181096e+003,9.517570e+001
2.181578e+003,9.519077e+001
2.182060e+003,9.517716e+001
2.182542e+003,9.513170e+001
2.183024e+003,9.506679e+001
2.183506e+003,9.500643e+001
2.183989e+003,9.497260e+001
2.184471e+003,9.497535e+001
2.184953e+003,9.500549e+001
2.185435e+003,9.504034e+001
2.185917e+003,9.505360e+001
2.186399e+003,9.502922e+001
2.186881e+003,9.496830e+001
2.187363e+003,9.488809e+001
2.187845e+003,9.481104e+001
2.188328e+003,9.475426e+001
2.188810e+003,9.472140e+001
2.189292e+003,9.470426e+001
2.189774e+003,9.468922e+001
2.190256e+003,9.466827e+001
2.190738e+003,9.464323e+001
2.191220e+003,9.462630e+001
2.191702e+003,9.463095e+001
2.192185e+003,9.466450e+001
2.192667e+003,9.472192e+001
2.193149e+003,9.478865e+001
2.193631e+003,9.484729e+001
2.194113e+003,9.488736e+001
2.194595e+003,9.490976e+001
2.195077e+003,9.492587e+001
2.195559e+003,9.494837e+001
2.196042e+003,9.498353e+001
2.196524e+003,9.502534e+001
2.197006e+003,9.505865e+001
2.197488e+003,9.506596e+001
2.197970e+003,9.503878e+001
2.198452e+003,9.498110e+001
2.198934e+003,9.490903e+001
2.199416e+003,9.484092e+001
2.199898e+003,9.478914e+001
2.200381e+003,9.475364e+001
2.200863e+003,9.472399e+001
2.201345e+003,9.468659e+001
2.201827e+003,9.463438e+001
2.202309e+003,9.457154e+001
2.202791e+003,9.451320e+001
2.203273e+003,9.447643e+001
2.203755e+003,9.447198e+001
2.204238e+003,9.449751e+001
2.204719e+003,9.453915e+001
2.205202e+003,9.457721e+001
2.205684e+003,9.459644e+001
2.206166e+003,9.459165e+001
2.206648e+003,9.456955e+001
2.207130e+003,9.454183e+001
2.207612e+003,9.451902e+001
2.208094e+003,9.450326e+001
2.208576e+003,9.448975e+001
2.209059e+003,9.446987e+001
2.209541e+003,9.443887e+001
2.210023e+003,9.439935e+001
2.210505e+003,9.436124e+001
2.210987e+003,9.433553e+001
2.211469e+003,9.432922e+001
2.211951e+003,9.434055e+001
2.212433e+003,9.436098e+001
2.212916e+003,9.438007e+001
2.213398e+003,9.439219e+001
2.213880e+003,9.439899e+001
2.214362e+003,9.440830e+001
2.214844e+003,9.442700e+001
2.215326e+003,9.445570e+001
2.215808e+003,9.448473e+001
2.216290e+003,9.449854e+001
2.216772e+003,9.448238e+001
2.217255e+003,9.443179e+001
2.217737e+003,9.435583e+001
2.218219e+003,9.427552e+001
2.218701e+003,9.421427e+001
2.219183e+003,9.418858e+001
2.219665e+003,9.420097e+001
2.220147e+003,9.424012e+001
2.220629e+003,9.428664e+001
2.221112e+003,9.432286e+001
2.221594e+003,9.433938e+001
2.222076e+003,9.433854e+001
2.222558e+003,9.432933e+001
2.223040e+003,9.432188e+001
2.223522e+003,9.432050e+001
2.224004e+003,9.432304e+001
2.224486e+003,9.432294e+001
2.224969e+003,9.431530e+001
2.225451e+003,9.430069e+001
2.225933e+003,9.428633e+001
2.226415e+003,9.428172e+001
2.226897e+003,9.429396e+001
2.227379e+003,9.432250e+001
2.227861e+003,9.435923e+001
2.228343e+003,9.439100e+001
2.228825e+003,9.440572e+001
2.229308e+003,9.439657e+001
2.229790e+003,9.436436e+001
2.230272e+003,9.431483e+001
2.230754e+003,9.425619e+001
2.231236e+003,9.419490e+001
2.231718e+003,9.413546e+001
2.232200e+003,9.408106e+001
2.232682e+003,9.403617e+001
2.233165e+003,9.400636e+001
2.233646e+003,9.399758e+001
2.234129e+003,9.401203e+001
2.234611e+003,9.404614e+001
2.235093e+003,9.408953e+001
2.235575e+003,9.412832e+001
2.236057e+003,9.414974e+001
2.236539e+003,9.414789e+001
2.237021e+003,9.412526e+001
2.237503e+003,9.409197e+001
2.237986e+003,9.405998e+001
2.238468e+003,9.403837e+001
2.238950e+003,9.402946e+001
2.239432e+003,9.402993e+001
2.239914e+003,9.403361e+001
2.240396e+003,9.403647e+001
2.240878e+003,9.403852e+001
2.241360e+003,9.404401e+001
2.241843e+003,9.405708e+001
2.242325e+003,9.407912e+001
2.242807e+003,9.410586e+001
2.243289e+003,9.412925e+001
2.243771e+003,9.414088e+001
2.244253e+003,9.413677e+001
2.244735e+003,9.411910e+001
2.245217e+003,9.409581e+001
2.245699e+003,9.407584e+001
2.246182e+003,9.406560e+001
2.246664e+003,9.406532e+001
2.247146e+003,9.407040e+001
2.247628e+003,9.407396e+001
2.248110e+003,9.407115e+001
2.248592e+003,9.406126e+001
2.249074e+003,9.404753e+001
2.249556e+003,9.403392e+001
2.250039e+003,9.402239e+001
2.250521e+003,9.401086e+001
2.251003e+003,9.399464e+001
2.251485e+003,9.396957e+001
2.251967e+003,9.393587e+001
2.252449e+003,9.389865e+001
2.252931e+003,9.386723e+001
2.253413e+003,9.384993e+001
2.253896e+003,9.385076e+001
2.254378e+003,9.386667e+001
2.254860e+003,9.388947e+001
2.255342e+003,9.390932e+001
2.255824e+003,9.391972e+001
2.256306e+003,9.391966e+001
2.256788e+003,9.391354e+001
2.257270e+003,9.390713e+001
2.257752e+003,9.390413e+001
2.258235e+003,9.390358e+001
2.258717e+003,9.390091e+001
2.259199e+003,9.389085e+001
2.259681e+003,9.387159e+001
2.260163e+003,9.384607e+001
2.260645e+003,9.382157e+001
2.261127e+003,9.380557e+001
2.261609e+003,9.380219e+001
2.262092e+003,9.380952e+001
2.262573e+003,9.382066e+001
2.263056e+003,9.382689e+001
2.263538e+003,9.382221e+001
2.264020e+003,9.380572e+001
2.264502e+003,9.378195e+001
2.264984e+003,9.375765e+001
2.265466e+003,9.373836e+001
2.265948e+003,9.372557e+001
2.266430e+003,9.371683e+001
2.266913e+003,9.370784e+001
2.267395e+003,9.369590e+001
2.267877e+003,9.368138e+001
2.268359e+003,9.366810e+001
2.268841e+003,9.366025e+001
2.269323e+003,9.366008e+001
2.269805e+003,9.366563e+001
2.270287e+003,9.367178e+001
2.270770e+003,9.367249e+001
2.271252e+003,9.366413e+001
2.271734e+003,9.364723e+001
2.272216e+003,9.362614e+001
2.272698e+003,9.360615e+001
2.273180e+003,9.359089e+001
2.273662e+003,9.358009e+001
2.274144e+003,9.357023e+001
2.274626e+003,9.355666e+001
2.275109e+003,9.353684e+001
2.275591e+003,9.351166e+001
2.276073e+003,9.348553e+001
2.276555e+003,9.346345e+001
2.277037e+003,9.344878e+001
2.277519e+003,9.344079e+001
2.278001e+003,9.343562e+001
2.278483e+003,9.342793e+001
2.278966e+003,9.341415e+001
2.279448e+003,9.339416e+001
2.279930e+003,9.337141e+001
2.280412e+003,9.335063e+001
2.280894e+003,9.333561e+001
2.281376e+003,9.332717e+001
2.281858e+003,9.332301e+001
2.282340e+003,9.331914e+001
2.282823e+003,9.331255e+001
2.283305e+003,9.330214e+001
2.283787e+003,9.328963e+001
2.284269e+003,9.327760e+001
2.284751e+003,9.326842e+001
2.285233e+003,9.326244e+001
2.285715e+003,9.325851e+001
2.286197e+003,9.325477e+001
2.286679e+003,9.325042e+001
2.287162e+003,9.324637e+001
2.287644e+003,9.324516e+001
2.288126e+003,9.324921e+001
2.288608e+003,9.325965e+001
2.289090e+003,9.327505e+001
2.289572e+003,9.329225e+001
2.290054e+003,9.330777e+001
2.290536e+003,9.331969e+001
2.291019e+003,9.332866e+001
2.291500e+003,9.333765e+001
2.291983e+003,9.335007e+001
2.292465e+003,9.336822e+001
2.292947e+003,9.339152e+001
2.293429e+003,9.341710e+001
2.293911e+003,9.344072e+001
2.294393e+003,9.345907e+001
2.294875e+003,9.347093e+001
2.295357e+003,9.347775e+001
2.295840e+003,9.348225e+001
2.296322e+003,9.348734e+001
2.296804e+003,9.349438e+001
2.297286e+003,9.350307e+001
2.297768e+003,9.351199e+001
2.298250e+003,9.351988e+001
2.298732e+003,9.352628e+001
2.299214e+003,9.353196e+001
2.299697e+003,9.353772e+001
2.300179e+003,9.354396e+001
2.300661e+003,9.354956e+001
2.301143e+003,9.355270e+001
2.301625e+003,9.355162e+001
2.302107e+003,9.354588e+001
2.302589e+003,9.353693e+001
2.303071e+003,9.352794e+001
2.303553e+003,9.352204e+001
2.304036e+003,9.352130e+001
2.304518e+003,9.352555e+001
2.305000e+003,9.353270e+001
2.305482e+003,9.353966e+001
2.305964e+003,9.354398e+001
2.306446e+003,9.354459e+001
2.306928e+003,9.354214e+001
2.307410e+003,9.353778e+001
2.307893e+003,9.353247e+001
2.308375e+003,9.352590e+001
2.308857e+003,9.351711e+001
2.309339e+003,9.350525e+001
2.309821e+003,9.349093e+001
2.310303e+003,9.347626e+001
2.310785e+003,9.346442e+001
2.311267e+003,9.345773e+001
2.311750e+003,9.345636e+001
2.312232e+003,9.345759e+001
2.312714e+003,9.345688e+001
2.313196e+003,9.344965e+001
2.313678e+003,9.343388e+001
2.314160e+003,9.341064e+001
2.314642e+003,9.338410e+001
2.315124e+003,9.335923e+001
2.315606e+003,9.333991e+001
2.316089e+003,9.332733e+001
2.316571e+003,9.332016e+001
2.317053e+003,9.331554e+001
2.317535e+003,9.331112e+001
2.318017e+003,9.330598e+001
2.318499e+003,9.330093e+001
2.318981e+003,9.329688e+001
2.319463e+003,9.329359e+001
2.319946e+003,9.328827e+001
2.320427e+003,9.327654e+001
2.320910e+003,9.325403e+001
2.321392e+003,9.321946e+001
2.321874e+003,9.317577e+001
2.322356e+003,9.313034e+001
2.322838e+003,9.309221e+001
2.323320e+003,9.306934e+001
2.323802e+003,9.306568e+001
2.324284e+003,9.308075e+001
2.324767e+003,9.311047e+001
2.325249e+003,9.314950e+001
2.325731e+003,9.319283e+001
2.326213e+003,9.323689e+001
2.326695e+003,9.327911e+001
2.327177e+003,9.331755e+001
2.327659e+003,9.335028e+001
2.328141e+003,9.337552e+001
2.328624e+003,9.339233e+001
2.329106e+003,9.340166e+001
2.329588e+003,9.340631e+001
2.330070e+003,9.341019e+001
2.330552e+003,9.341639e+001
2.331034e+003,9.342573e+001
2.331516e+003,9.343609e+001
2.331998e+003,9.344379e+001
2.332480e+003,9.344569e+001
2.332963e+003,9.344138e+001
2.333445e+003,9.343347e+001
2.333927e+003,9.342677e+001
2.334409e+003,9.342531e+001
2.334891e+003,9.343079e+001
2.335373e+003,9.344124e+001
2.335855e+003,9.345223e+001
2.336337e+003,9.345926e+001
2.336820e+003,9.346044e+001
2.337302e+003,9.345760e+001
2.337784e+003,9.345557e+001
2.338266e+003,9.345908e+001
2.338748e+003,9.347021e+001
2.339230e+003,9.348637e+001
2.339712e+003,9.350149e+001
2.340194e+003,9.350855e+001
2.340677e+003,9.350391e+001
2.341159e+003,9.348913e+001
2.341641e+003,9.347087e+001
2.342123e+003,9.345705e+001
2.342605e+003,9.345268e+001
2.343087e+003,9.345708e+001
2.343569e+003,9.346497e+001
2.344051e+003,9.346966e+001
2.344533e+003,9.346731e+001
2.345016e+003,9.345872e+001
2.345498e+003,9.344864e+001
2.345980e+003,9.344161e+001
2.346462e+003,9.343927e+001
2.346944e+003,9.343932e+001
2.347426e+003,9.343773e+001
2.347908e+003,9.343097e+001
2.348390e+003,9.341814e+001
2.348873e+003,9.340125e+001
2.349354e+003,9.338478e+001
2.349837e+003,9.337375e+001
2.350319e+003,9.337200e+001
2.350801e+003,9.337980e+001
2.351283e+003,9.339314e+001
2.351765e+003,9.340465e+001
2.352247e+003,9.340775e+001
2.352729e+003,9.340015e+001
2.353211e+003,9.338557e+001
2.353694e+003,9.337022e+001
2.354176e+003,9.335925e+001
2.354658e+003,9.335312e+001
2.355140e+003,9.334840e+001
2.355622e+003,9.333988e+001
2.356104e+003,9.332464e+001
2.356586e+003,9.330347e+001
2.357068e+003,9.328090e+001
2.357551e+003,9.326236e+001
2.358033e+003,9.325263e+001
2.358515e+003,9.325391e+001
2.358997e+003,9.326483e+001
2.359479e+003,9.327918e+001
2.359961e+003,9.328813e+001
2.360443e+003,9.328505e+001
2.360925e+003,9.327229e+001
2.361407e+003,9.325991e+001
2.361890e+003,9.325928e+001
2.362372e+003,9.327615e+001
2.362854e+003,9.330836e+001
2.363336e+003,9.334601e+001
2.363818e+003,9.337684e+001
2.364300e+003,9.339170e+001
2.364782e+003,9.338839e+001
2.365264e+003,9.337012e+001
2.365747e+003,9.334280e+001
2.366229e+003,9.331108e+001
2.366711e+003,9.327789e+001
2.367193e+003,9.324474e+001
2.367675e+003,9.321383e+001
2.368157e+003,9.318864e+001
2.368639e+003,9.317421e+001
2.369121e+003,9.317400e+001
2.369604e+003,9.318890e+001
2.370086e+003,9.321524e+001
2.370568e+003,9.324636e+001
2.371050e+003,9.327474e+001
2.371532e+003,9.329484e+001
2.372014e+003,9.330457e+001
2.372496e+003,9.330515e+001
2.372978e+003,9.329933e+001
2.373460e+003,9.328995e+001
2.373943e+003,9.327831e+001
2.374425e+003,9.326473e+001
2.374907e+003,9.324931e+001
2.375389e+003,9.323312e+001
2.375871e+003,9.321810e+001
2.376353e+003,9.320691e+001
2.376835e+003,9.320113e+001
2.377317e+003,9.320079e+001
2.377799e+003,9.320384e+001
2.378281e+003,9.320734e+001
2.378764e+003,9.320862e+001
2.379246e+003,9.320665e+001
2.379728e+003,9.320237e+001
2.380210e+003,9.319814e+001
2.380692e+003,9.319631e+001
2.381174e+003,9.319823e+001
2.381656e+003,9.320349e+001
2.382138e+003,9.321042e+001
2.382621e+003,9.321691e+001
2.383103e+003,9.322169e+001
2.383585e+003,9.322468e+001
2.384067e+003,9.322700e+001
2.384549e+003,9.323001e+001
2.385031e+003,9.323450e+001
2.385513e+003,9.324007e+001
2.385995e+003,9.324538e+001
2.386478e+003,9.324901e+001
2.386960e+003,9.325023e+001
2.387442e+003,9.324971e+001
2.387924e+003,9.324923e+001
2.388406e+003,9.325075e+001
2.388888e+003,9.325554e+001
2.389370e+003,9.326317e+001
2.389852e+003,9.327190e+001
2.390334e+003,9.327934e+001
2.390817e+003,9.328362e+001
2.391299e+003,9.328433e+001
2.391781e+003,9.328260e+001
2.392263e+003,9.328050e+001
2.392745e+003,9.328010e+001
2.393227e+003,9.328249e+001
2.393709e+003,9.328771e+001
2.394191e+003,9.329494e+001
2.394674e+003,9.330347e+001
2.395156e+003,9.331302e+001
2.395638e+003,9.332406e+001
2.396120e+003,9.333714e+001
2.396602e+003,9.335232e+001
2.397084e+003,9.336874e+001
2.397566e+003,9.338483e+001
2.398048e+003,9.339884e+001
2.398531e+003,9.340984e+001
2.399012e+003,9.341802e+001
2.399495e+003,9.342454e+001
2.399977e+003,9.343063e+001
2.400459e+003,9.343702e+001
2.400941e+003,9.344274e+001
2.401423e+003,9.344624e+001
2.401905e+003,9.344603e+001
2.402387e+003,9.344200e+001
2.402869e+003,9.343576e+001
2.403352e+003,9.343042e+001
2.403834e+003,9.342914e+001
2.404316e+003,9.343378e+001
2.404798e+003,9.344389e+001
2.405280e+003,9.345688e+001
2.405762e+003,9.346887e+001
2.406244e+003,9.347668e+001
2.406726e+003,9.347871e+001
2.407208e+003,9.347585e+001
2.407691e+003,9.347034e+001
2.408173e+003,9.346497e+001
2.408655e+003,9.346146e+001
2.409137e+003,9.346021e+001
2.409619e+003,9.346041e+001
2.410101e+003,9.346098e+001
2.410583e+003,9.346136e+001
2.411065e+003,9.346188e+001
2.411548e+003,9.346324e+001
2.412030e+003,9.346605e+001
2.412512e+003,9.346999e+001
2.412994e+003,9.347399e+001
2.413476e+003,9.347666e+001
2.413958e+003,9.347721e+001
2.414440e+003,9.347609e+001
2.414922e+003,9.347503e+001
2.415405e+003,9.347628e+001
2.415887e+003,9.348183e+001
2.416369e+003,9.349229e+001
2.416851e+003,9.350691e+001
2.417333e+003,9.352388e+001
2.417815e+003,9.354125e+001
2.418297e+003,9.355759e+001
2.418779e+003,9.357238e+001
2.419261e+003,9.358564e+001
2.419744e+003,9.359756e+001
2.420226e+003,9.360797e+001
2.420708e+003,9.361652e+001
2.421190e+003,9.362286e+001
2.421672e+003,9.362740e+001
2.422154e+003,9.363126e+001
2.422636e+003,9.363619e+001
2.423118e+003,9.364359e+001
2.423601e+003,9.365392e+001
2.424083e+003,9.366618e+001
2.424565e+003,9.367852e+001
2.425047e+003,9.368876e+001
2.425529e+003,9.369563e+001
2.426011e+003,9.369914e+001
2.426493e+003,9.370053e+001
2.426975e+003,9.370133e+001
2.427458e+003,9.370255e+001
2.427939e+003,9.370419e+001
2.428422e+003,9.370519e+001
2.428904e+003,9.370436e+001
2.429386e+003,9.370110e+001
2.429868e+003,9.369591e+001
2.430350e+003,9.369019e+001
2.430832e+003,9.368545e+001
2.431314e+003,9.368266e+001
2.431796e+003,9.368169e+001
2.432279e+003,9.368165e+001
2.432761e+003,9.368173e+001
2.433243e+003,9.368189e+001
2.433725e+003,9.368304e+001
2.434207e+003,9.368683e+001
2.434689e+003,9.369425e+001
2.435171e+003,9.370506e+001
2.435653e+003,9.371720e+001
2.436135e+003,9.372765e+001
2.436618e+003,9.373354e+001
2.437100e+003,9.373366e+001
2.437582e+003,9.372892e+001
2.438064e+003,9.372227e+001
2.438546e+003,9.371712e+001
2.439028e+003,9.371605e+001
2.439510e+003,9.371951e+001
2.439992e+003,9.372620e+001
2.440475e+003,9.373360e+001
2.440957e+003,9.373956e+001
2.441439e+003,9.374303e+001
2.441921e+003,9.374461e+001
2.442403e+003,9.374560e+001
2.442885e+003,9.374715e+001
2.443367e+003,9.374937e+001
2.443849e+003,9.375118e+001
2.444332e+003,9.375082e+001
2.444814e+003,9.374706e+001
2.445296e+003,9.373952e+001
2.445778e+003,9.372925e+001
2.446260e+003,9.371780e+001
2.446742e+003,9.370685e+001
2.447224e+003,9.369733e+001
2.447706e+003,9.368955e+001
2.448188e+003,9.368351e+001
2.448671e+003,9.367939e+001
2.449153e+003,9.367781e+001
2.449635e+003,9.367957e+001
2.450117e+003,9.368478e+001
2.450599e+003,9.369249e+001
2.451081e+003,9.370042e+001
2.451563e+003,9.370566e+001
2.452045e+003,9.370584e+001
2.452528e+003,9.370023e+001
2.453010e+003,9.369020e+001
2.453492e+003,9.367878e+001
2.453974e+003,9.366953e+001
2.454456e+003,9.366525e+001
2.454938e+003,9.366697e+001
2.455420e+003,9.367414e+001
2.455902e+003,9.368496e+001
2.456385e+003,9.369762e+001
2.456866e+003,9.371075e+001
2.457349e+003,9.372372e+001
2.457831e+003,9.373601e+001
2.458313e+003,9.374689e+001
2.458795e+003,9.375509e+001
2.459277e+003,9.375934e+001
2.459759e+003,9.375895e+001
2.460241e+003,9.375483e+001
2.460723e+003,9.374915e+001
2.461206e+003,9.374500e+001
2.461688e+003,9.374493e+001
2.462170e+003,9.375001e+001
2.462652e+003,9.375910e+001
2.463134e+003,9.376965e+001
2.463616e+003,9.377863e+001
2.464098e+003,9.378410e+001
2.464580e+003,9.378582e+001
2.465063e+003,9.378519e+001
2.465545e+003,9.378400e+001
2.466027e+003,9.378348e+001
2.466509e+003,9.378333e+001
2.466991e+003,9.378191e+001
2.467473e+003,9.377707e+001
2.467955e+003,9.376759e+001
2.468437e+003,9.375364e+001
2.468919e+003,9.373703e+001
2.469402e+003,9.372007e+001
2.469884e+003,9.370478e+001
2.470366e+003,9.369180e+001
2.470848e+003,9.368060e+001
2.471330e+003,9.367011e+001
2.471812e+003,9.365969e+001
2.472294e+003,9.364971e+001
2.472776e+003,9.364169e+001
2.473259e+003,9.363711e+001
2.473741e+003,9.363689e+001
2.474223e+003,9.364033e+001
2.474705e+003,9.364558e+001
2.475187e+003,9.365031e+001
2.475669e+003,9.365282e+001
2.476151e+003,9.365283e+001
2.476633e+003,9.365149e+001
2.477115e+003,9.365044e+001
2.477598e+003,9.365113e+001
2.478080e+003,9.365372e+001
2.478562e+003,9.365734e+001
2.479044e+003,9.366059e+001
2.479526e+003,9.366267e+001
2.480008e+003,9.366381e+001
2.480490e+003,9.366553e+001
2.480972e+003,9.366949e+001
2.481455e+003,9.367691e+001
2.481937e+003,9.368740e+001
2.482419e+003,9.369917e+001
2.482901e+003,9.370941e+001
2.483383e+003,9.371570e+001
2.483865e+003,9.371639e+001
2.484347e+003,9.371143e+001
2.484829e+003,9.370159e+001
2.485312e+003,9.368830e+001
2.485793e+003,9.367269e+001
2.486276e+003,9.365574e+001
2.486758e+003,9.363835e+001
2.487240e+003,9.362177e+001
2.487722e+003,9.360751e+001
2.488204e+003,9.359729e+001
2.488686e+003,9.359199e+001
2.489168e+003,9.359155e+001
2.489650e+003,9.359446e+001
2.490133e+003,9.359856e+001
2.490615e+003,9.360181e+001
2.491097e+003,9.360320e+001
2.491579e+003,9.360312e+001
2.492061e+003,9.360293e+001
2.492543e+003,9.360397e+001
2.493025e+003,9.360682e+001
2.493507e+003,9.361066e+001
2.493990e+003,9.361386e+001
2.494472e+003,9.361472e+001
2.494954e+003,9.361241e+001
2.495436e+003,9.360751e+001
2.495918e+003,9.360159e+001
2.496400e+003,9.359631e+001
2.496882e+003,9.359257e+001
2.497364e+003,9.358991e+001
2.497846e+003,9.358700e+001
2.498329e+003,9.358231e+001
2.498811e+003,9.357544e+001
2.499293e+003,9.356715e+001
2.499775e+003,9.355936e+001
2.500257e+003,9.355391e+001
2.500739e+003,9.355177e+001
2.501221e+003,9.355225e+001
2.501703e+003,9.355356e+001
2.502186e+003,9.355345e+001
2.502668e+003,9.355058e+001
2.503150e+003,9.354501e+001
2.503632e+003,9.353812e+001
2.504114e+003,9.353166e+001
2.504596e+003,9.352691e+001
2.505078e+003,9.352392e+001
2.505560e+003,9.352179e+001
2.506042e+003,9.351927e+001
2.506525e+003,9.351571e+001
2.507007e+003,9.351132e+001
2.507489e+003,9.350706e+001
2.507971e+003,9.350350e+001
2.508453e+003,9.350027e+001
2.508935e+003,9.349560e+001
2.509417e+003,9.348701e+001
2.509899e+003,9.347238e+001
2.510382e+003,9.345168e+001
2.510864e+003,9.342687e+001
2.511346e+003,9.340220e+001
2.511828e+003,9.338225e+001
2.512310e+003,9.337054e+001
2.512792e+003,9.336826e+001
2.513274e+003,9.337406e+001
2.513756e+003,9.338476e+001
2.514239e+003,9.339688e+001
2.514720e+003,9.340759e+001
2.515203e+003,9.341561e+001
2.515685e+003,9.342086e+001
2.516167e+003,9.342395e+001
2.516649e+003,9.342545e+001
2.517131e+003,9.342592e+001
2.517613e+003,9.342583e+001
2.518095e+003,9.342611e+001
2.518577e+003,9.342813e+001
2.519060e+003,9.343334e+001
2.519542e+003,9.344241e+001
2.520024e+003,9.345474e+001
2.520506e+003,9.346818e+001
2.520988e+003,9.347967e+001
2.521470e+003,9.348650e+001
2.521952e+003,9.348743e+001
2.522434e+003,9.348323e+001
2.522917e+003,9.347636e+001
2.523399e+003,9.346988e+001
2.523881e+003,9.346613e+001
2.524363e+003,9.346571e+001
2.524845e+003,9.346759e+001
2.525327e+003,9.346971e+001
2.525809e+003,9.347026e+001
2.526291e+003,9.346838e+001
2.526773e+003,9.346454e+001
2.527256e+003,9.345979e+001
2.527738e+003,9.345513e+001
2.528220e+003,9.345079e+001
2.528702e+003,9.344621e+001
2.529184e+003,9.344050e+001
2.529666e+003,9.343325e+001
2.530148e+003,9.342484e+001
2.530630e+003,9.341657e+001
2.531113e+003,9.340974e+001
2.531595e+003,9.340517e+001
2.532077e+003,9.340250e+001
2.532559e+003,9.340054e+001
2.533041e+003,9.339786e+001
2.533523e+003,9.339355e+001
2.534005e+003,9.338758e+001
2.534487e+003,9.338083e+001
2.534969e+003,9.337410e+001
2.535452e+003,9.336781e+001
2.535934e+003,9.336143e+001
2.536416e+003,9.335409e+001
2.536898e+003,9.334524e+001
2.537380e+003,9.333556e+001
2.537862e+003,9.332697e+001
2.538344e+003,9.332220e+001
2.538826e+003,9.332337e+001
2.539309e+003,9.333109e+001
2.539791e+003,9.334367e+001
2.540273e+003,9.335776e+001
2.540755e+003,9.336950e+001
2.541237e+003,9.337603e+001
2.541719e+003,9.337643e+001
2.542201e+003,9.337194e+001
2.542683e+003,9.336491e+001
2.543166e+003,9.335776e+001
2.543647e+003,9.335186e+001
2.544130e+003,9.334737e+001
2.544612e+003,9.334361e+001
2.545094e+003,9.334004e+001
2.545576e+003,9.333678e+001
2.546058e+003,9.333494e+001
2.546540e+003,9.333562e+001
2.547022e+003,9.333958e+001
2.547504e+003,9.334631e+001
2.547987e+003,9.335406e+001
2.548469e+003,9.336064e+001
2.548951e+003,9.336421e+001
2.549433e+003,9.336393e+001
2.549915e+003,9.336029e+001
2.550397e+003,9.335463e+001
2.550879e+003,9.334837e+001
2.551361e+003,9.334257e+001
2.551844e+003,9.333782e+001
2.552326e+003,9.333441e+001
2.552808e+003,9.333285e+001
2.553290e+003,9.333379e+001
2.553772e+003,9.333786e+001
2.554254e+003,9.334486e+001
2.554736e+003,9.335353e+001
2.555218e+003,9.336121e+001
2.555700e+003,9.336489e+001
2.556183e+003,9.336227e+001
2.556665e+003,9.335274e+001
2.557147e+003,9.333797e+001
2.557629e+003,9.332143e+001
2.558111e+003,9.330700e+001
2.558593e+003,9.329767e+001
2.559075e+003,9.329456e+001
2.559557e+003,9.329682e+001
2.560040e+003,9.330235e+001
2.560522e+003,9.330908e+001
2.561004e+003,9.331570e+001
2.561486e+003,9.332211e+001
2.561968e+003,9.332879e+001
2.562450e+003,9.333619e+001
2.562932e+003,9.334386e+001
2.563414e+003,9.335056e+001
2.563896e+003,9.335454e+001
2.564379e+003,9.335445e+001
2.564861e+003,9.334988e+001
2.565343e+003,9.334151e+001
2.565825e+003,9.333073e+001
2.566307e+003,9.331901e+001
2.566789e+003,9.330752e+001
2.567271e+003,9.329690e+001
2.567753e+003,9.328771e+001
2.568236e+003,9.328076e+001
2.568718e+003,9.327710e+001
2.569200e+003,9.327779e+001
2.569682e+003,9.328311e+001
2.570164e+003,9.329208e+001
2.570646e+003,9.330238e+001
2.571128e+003,9.331091e+001
2.571610e+003,9.331493e+001
2.572093e+003,9.331318e+001
2.572574e+003,9.330640e+001
2.573057e+003,9.329704e+001
2.573539e+003,9.328828e+001
2.574021e+003,9.328268e+001
2.574503e+003,9.328140e+001
2.574985e+003,9.328391e+001
2.575467e+003,9.328858e+001
2.575949e+003,9.329362e+001
2.576431e+003,9.329780e+001
2.576914e+003,9.330087e+001
2.577396e+003,9.330304e+001
2.577878e+003,9.330473e+001
2.578360e+003,9.330595e+001
2.578842e+003,9.330642e+001
2.579324e+003,9.330585e+001
2.579806e+003,9.330459e+001
2.580288e+003,9.330348e+001
2.580771e+003,9.330394e+001
2.581253e+003,9.330675e+001
2.581735e+003,9.331184e+001
2.582217e+003,9.331766e+001
2.582699e+003,9.332177e+001
2.583181e+003,9.332171e+001
2.583663e+003,9.331606e+001
2.584145e+003,9.330510e+001
2.584627e+003,9.329070e+001
2.585110e+003,9.327547e+001
2.585592e+003,9.326189e+001
2.586074e+003,9.325123e+001
2.586556e+003,9.324361e+001
2.587038e+003,9.323826e+001
2.587520e+003,9.323432e+001
2.588002e+003,9.323144e+001
2.588484e+003,9.322985e+001
2.588967e+003,9.322998e+001
2.589449e+003,9.323199e+001
2.589931e+003,9.323528e+001
2.590413e+003,9.323869e+001
2.590895e+003,9.324094e+001
2.591377e+003,9.324154e+001
2.591859e+003,9.324092e+001
2.592341e+003,9.324059e+001
2.592823e+003,9.324203e+001
2.593306e+003,9.324626e+001
2.593788e+003,9.325288e+001
2.594270e+003,9.326028e+001
2.594752e+003,9.326623e+001
2.595234e+003,9.326878e+001
2.595716e+003,9.326711e+001
2.596198e+003,9.326189e+001
2.596680e+003,9.325465e+001
2.597163e+003,9.324738e+001
2.597645e+003,9.324148e+001
2.598127e+003,9.323753e+001
2.598609e+003,9.323536e+001
2.599091e+003,9.323446e+001
2.599573e+003,9.323429e+001
2.600055e+003,9.323466e+001
2.600537e+003,9.323549e+001
2.601020e+003,9.323661e+001
2.601501e+003,9.323743e+001
2.601984e+003,9.323723e+001
2.602466e+003,9.323524e+001
2.602948e+003,9.323128e+001
2.603430e+003,9.322575e+001
2.603912e+003,9.321985e+001
2.604394e+003,9.321468e+001
2.604876e+003,9.321114e+001
2.605358e+003,9.320940e+001
2.605841e+003,9.320903e+001
2.606323e+003,9.320923e+001
2.606805e+003,9.320947e+001
2.607287e+003,9.320953e+001
2.607769e+003,9.320966e+001
2.608251e+003,9.321003e+001
2.608733e+003,9.321061e+001
2.609215e+003,9.321075e+001
2.609698e+003,9.320959e+001
2.610180e+003,9.320642e+001
2.610662e+003,9.320108e+001
2.611144e+003,9.319415e+001
2.611626e+003,9.318678e+001
2.612108e+003,9.318001e+001
2.612590e+003,9.317430e+001
2.613072e+003,9.316939e+001
2.613554e+003,9.316443e+001
2.614037e+003,9.315868e+001
2.614519e+003,9.315218e+001
2.615001e+003,9.314575e+001
2.615483e+003,9.314101e+001
2.615965e+003,9.313939e+001
2.616447e+003,9.314161e+001
2.616929e+003,9.314693e+001
2.617411e+003,9.315356e+001
2.617894e+003,9.315911e+001
2.618376e+003,9.316151e+001
2.618858e+003,9.315974e+001
2.619340e+003,9.315400e+001
2.619822e+003,9.314540e+001
2.620304e+003,9.313533e+001
2.620786e+003,9.312500e+001
2.621268e+003,9.311512e+001
2.621750e+003,9.310605e+001
2.622233e+003,9.309809e+001
2.622715e+003,9.309164e+001
2.623197e+003,9.308725e+001
2.623679e+003,9.308519e+001
2.624161e+003,9.308523e+001
2.624643e+003,9.308636e+001
2.625125e+003,9.308720e+001
2.625607e+003,9.308636e+001
2.626090e+003,9.308323e+001
2.626572e+003,9.307811e+001
2.627054e+003,9.307229e+001
2.627536e+003,9.306731e+001
2.628018e+003,9.306440e+001
2.628500e+003,9.306387e+001
2.628982e+003,9.306512e+001
2.629464e+003,9.306691e+001
2.629947e+003,9.306824e+001
2.630428e+003,9.306869e+001
2.630911e+003,9.306874e+001
2.631393e+003,9.306946e+001
2.631875e+003,9.307206e+001
2.632357e+003,9.307716e+001
2.632839e+003,9.308468e+001
2.633321e+003,9.309370e+001
2.633803e+003,9.310300e+001
2.634285e+003,9.311140e+001
2.634768e+003,9.311804e+001
2.635250e+003,9.312251e+001
2.635732e+003,9.312476e+001
2.636214e+003,9.312494e+001
2.636696e+003,9.312344e+001
2.637178e+003,9.312082e+001
2.637660e+003,9.311802e+001
2.638142e+003,9.311614e+001
2.638625e+003,9.311633e+001
2.639107e+003,9.311920e+001
2.639589e+003,9.312469e+001
2.640071e+003,9.313179e+001
2.640553e+003,9.313890e+001
2.641035e+003,9.314444e+001
2.641517e+003,9.314741e+001
2.641999e+003,9.314774e+001
2.642481e+003,9.314645e+001
2.642964e+003,9.314497e+001
2.643446e+003,9.314474e+001
2.643928e+003,9.314645e+001
2.644410e+003,9.314989e+001
2.644892e+003,9.315405e+001
2.645374e+003,9.315764e+001
2.645856e+003,9.315951e+001
2.646338e+003,9.315914e+001
2.646821e+003,9.315659e+001
2.647303e+003,9.315237e+001
2.647785e+003,9.314722e+001
2.648267e+003,9.314179e+001
2.648749e+003,9.313652e+001
2.649231e+003,9.313181e+001
2.649713e+003,9.312801e+001
2.650195e+003,9.312537e+001
2.650677e+003,9.312406e+001
2.651160e+003,9.312402e+001
2.651642e+003,9.312487e+001
2.652124e+003,9.312604e+001
2.652606e+003,9.312691e+001
2.653088e+003,9.312723e+001
2.653570e+003,9.312704e+001
2.654052e+003,9.312685e+001
2.654534e+003,9.312720e+001
2.655017e+003,9.312855e+001
2.655499e+003,9.313087e+001
2.655981e+003,9.313375e+001
2.656463e+003,9.313644e+001
2.656945e+003,9.313826e+001
2.657427e+003,9.313884e+001
2.657909e+003,9.313828e+001
2.658391e+003,9.313706e+001
2.658874e+003,9.313592e+001
2.659355e+003,9.313554e+001
2.659838e+003,9.313641e+001
2.660320e+003,9.313865e+001
2.660802e+003,9.314220e+001
2.661284e+003,9.314672e+001
2.661766e+003,9.315173e+001
2.662248e+003,9.315671e+001
2.662730e+003,9.316112e+001
2.663212e+003,9.316449e+001
2.663695e+003,9.316658e+001
2.664177e+003,9.316749e+001
2.664659e+003,9.316761e+001
2.665141e+003,9.316758e+001
2.665623e+003,9.316805e+001
2.666105e+003,9.316934e+001
2.666587e+003,9.317144e+001
2.667069e+003,9.317390e+001
2.667552e+003,9.317612e+001
2.668034e+003,9.317763e+001
2.668516e+003,9.317833e+001
2.668998e+003,9.317854e+001
2.669480e+003,9.317891e+001
2.669962e+003,9.317986e+001
2.670444e+003,9.318161e+001
2.670926e+003,9.318381e+001
2.671408e+003,9.318593e+001
2.671891e+003,9.318729e+001
2.672373e+003,9.318750e+001
2.672855e+003,9.318651e+001
2.673337e+003,9.318462e+001
2.673819e+003,9.318214e+001
2.674301e+003,9.317924e+001
2.674783e+003,9.317589e+001
2.675265e+003,9.317196e+001
2.675748e+003,9.316752e+001
2.676230e+003,9.316306e+001
2.676712e+003,9.315947e+001
2.677194e+003,9.315771e+001
2.677676e+003,9.315841e+001
2.678158e+003,9.316156e+001
2.678640e+003,9.316625e+001
2.679122e+003,9.317108e+001
2.679604e+003,9.317462e+001
2.680087e+003,9.317603e+001
2.680569e+003,9.317537e+001
2.681051e+003,9.317371e+001
2.681533e+003,9.317249e+001
2.682015e+003,9.317302e+001
2.682497e+003,9.317588e+001
2.682979e+003,9.318083e+001
2.683461e+003,9.318693e+001
2.683944e+003,9.319299e+001
2.684426e+003,9.319804e+001
2.684908e+003,9.320177e+001
2.685390e+003,9.320428e+001
2.685872e+003,9.320605e+001
2.686354e+003,9.320742e+001
2.686836e+003,9.320855e+001
2.687318e+003,9.320924e+001
2.687801e+003,9.320918e+001
2.688282e+003,9.320819e+001
2.688765e+003,9.320628e+001
2.689247e+003,9.320377e+001
2.689729e+003,9.320104e+001
2.690211e+003,9.319846e+001
2.690693e+003,9.319625e+001
2.691175e+003,9.319435e+001
2.691657e+003,9.319276e+001
2.692139e+003,9.319141e+001
2.692622e+003,9.319026e+001
2.693104e+003,9.318930e+001
2.693586e+003,9.318845e+001
2.694068e+003,9.318758e+001
2.694550e+003,9.318658e+001
2.695032e+003,9.318539e+001
2.695514e+003,9.318414e+001
2.695996e+003,9.318313e+001
2.696479e+003,9.318261e+001
2.696961e+003,9.318275e+001
2.697443e+003,9.318336e+001
2.697925e+003,9.318398e+001
2.698407e+003,9.318414e+001
2.698889e+003,9.318350e+001
2.699371e+003,9.318231e+001
2.699853e+003,9.318118e+001
2.700335e+003,9.318098e+001
2.700818e+003,9.318243e+001
2.701300e+003,9.318566e+001
2.701782e+003,9.319011e+001
2.702264e+003,9.319477e+001
2.702746e+003,9.319841e+001
2.703228e+003,9.320032e+001
2.703710e+003,9.320030e+001
2.704192e+003,9.319900e+001
2.704675e+003,9.319720e+001
2.705157e+003,9.319564e+001
2.705639e+003,9.319449e+001
2.706121e+003,9.319331e+001
2.706603e+003,9.319124e+001
2.707085e+003,9.318749e+001
2.707567e+003,9.318168e+001
2.708049e+003,9.317412e+001
2.708531e+003,9.316566e+001
2.709014e+003,9.315739e+001
2.709496e+003,9.315025e+001
2.709978e+003,9.314478e+001
2.710460e+003,9.314101e+001
2.710942e+003,9.313864e+001
2.711424e+003,9.313721e+001
2.711906e+003,9.313634e+001
2.712388e+003,9.313572e+001
2.712871e+003,9.313524e+001
2.713353e+003,9.313475e+001
2.713835e+003,9.313425e+001
2.714317e+003,9.313373e+001
2.714799e+003,9.313345e+001
2.715281e+003,9.313367e+001
2.715763e+003,9.313478e+001
2.716245e+003,9.313699e+001
2.716728e+003,9.314021e+001
2.717209e+003,9.314384e+001
2.717692e+003,9.314712e+001
2.718174e+003,9.314906e+001
2.718656e+003,9.314893e+001
2.719138e+003,9.314644e+001
2.719620e+003,9.314169e+001
2.720102e+003,9.313514e+001
2.720584e+003,9.312739e+001
2.721066e+003,9.311896e+001
2.721549e+003,9.311024e+001
2.722031e+003,9.310168e+001
2.722513e+003,9.309370e+001
2.722995e+003,9.308688e+001
2.723477e+003,9.308176e+001
2.723959e+003,9.307877e+001
2.724441e+003,9.307803e+001
2.724923e+003,9.307912e+001
2.725406e+003,9.308140e+001
2.725888e+003,9.308399e+001
2.726370e+003,9.308620e+001
2.726852e+003,9.308759e+001
2.727334e+003,9.308802e+001
2.727816e+003,9.308754e+001
2.728298e+003,9.308620e+001
2.728780e+003,9.308389e+001
2.729262e+003,9.308047e+001
2.729745e+003,9.307575e+001
2.730227e+003,9.306978e+001
2.730709e+003,9.306290e+001
2.731191e+003,9.305573e+001
2.731673e+003,9.304891e+001
2.732155e+003,9.304299e+001
2.732637e+003,9.303822e+001
2.733119e+003,9.303452e+001
2.733602e+003,9.303165e+001
2.734084e+003,9.302932e+001
2.734566e+003,9.302726e+001
2.735048e+003,9.302538e+001
2.735530e+003,9.302356e+001
2.736012e+003,9.302177e+001
2.736494e+003,9.301988e+001
2.736976e+003,9.301788e+001
2.737458e+003,9.301588e+001
2.737941e+003,9.301418e+001
2.738423e+003,9.301318e+001
2.738905e+003,9.301314e+001
2.739387e+003,9.301392e+001
2.739869e+003,9.301505e+001
2.740351e+003,9.301566e+001
2.740833e+003,9.301486e+001
2.741315e+003,9.301215e+001
2.741798e+003,9.300764e+001
2.742280e+003,9.300206e+001
2.742762e+003,9.299639e+001
2.743244e+003,9.299155e+001
2.743726e+003,9.298792e+001
2.744208e+003,9.298528e+001
2.744690e+003,9.298289e+001
2.745172e+003,9.297998e+001
2.745655e+003,9.297604e+001
2.746136e+003,9.297105e+001
2.746619e+003,9.296549e+001
2.747101e+003,9.295979e+001
2.747583e+003,9.295421e+001
2.748065e+003,9.294847e+001
2.748547e+003,9.294212e+001
2.749029e+003,9.293462e+001
2.749511e+003,9.292587e+001
2.749993e+003,9.291645e+001
2.750476e+003,9.290738e+001
2.750958e+003,9.289976e+001
2.751440e+003,9.289435e+001
2.751922e+003,9.289118e+001
2.752404e+003,9.288959e+001
2.752886e+003,9.288856e+001
2.753368e+003,9.288715e+001
2.753850e+003,9.288484e+001
2.754333e+003,9.288174e+001
2.754815e+003,9.287836e+001
2.755297e+003,9.287519e+001
2.755779e+003,9.287259e+001
2.756261e+003,9.287052e+001
2.756743e+003,9.286879e+001
2.757225e+003,9.286726e+001
2.757707e+003,9.286602e+001
2.758189e+003,9.286546e+001
2.758672e+003,9.286590e+001
2.759154e+003,9.286736e+001
2.759636e+003,9.286931e+001
2.760118e+003,9.287075e+001
2.760600e+003,9.287052e+001
2.761082e+003,9.286784e+001
2.761564e+003,9.286263e+001
2.762046e+003,9.285573e+001
2.762529e+003,9.284854e+001
2.763011e+003,9.284261e+001
2.763493e+003,9.283900e+001
2.763975e+003,9.283813e+001
2.764457e+003,9.283961e+001
2.764939e+003,9.284271e+001
2.765421e+003,9.284653e+001
2.765903e+003,9.285056e+001
2.766385e+003,9.285454e+001
2.766868e+003,9.285860e+001
2.767350e+003,9.286284e+001
2.767832e+003,9.286715e+001
2.768314e+003,9.287123e+001
2.768796e+003,9.287455e+001
2.769278e+003,9.287657e+001
2.769760e+003,9.287681e+001
2.770242e+003,9.287495e+001
2.770725e+003,9.287091e+001
2.771207e+003,9.286464e+001
2.771689e+003,9.285639e+001
2.772171e+003,9.284664e+001
2.772653e+003,9.283629e+001
2.773135e+003,9.282645e+001
2.773617e+003,9.281847e+001
2.774099e+003,9.281342e+001
2.774582e+003,9.281187e+001
2.775063e+003,9.281364e+001
2.775546e+003,9.281780e+001
2.776028e+003,9.282285e+001
2.776510e+003,9.282732e+001
2.776992e+003,9.282996e+001
2.777474e+003,9.283012e+001
2.777956e+003,9.282776e+001
2.778438e+003,9.282326e+001
2.778920e+003,9.281715e+001
2.779403e+003,9.281008e+001
2.779885e+003,9.280250e+001
2.780367e+003,9.279489e+001
2.780849e+003,9.278767e+001
2.781331e+003,9.278123e+001
2.781813e+003,9.277588e+001
2.782295e+003,9.277174e+001
2.782777e+003,9.276857e+001
2.783260e+003,9.276592e+001
2.783742e+003,9.276321e+001
2.784224e+003,9.275987e+001
2.784706e+003,9.275566e+001
2.785188e+003,9.275062e+001
2.785670e+003,9.274490e+001
2.786152e+003,9.273875e+001
2.786634e+003,9.273224e+001
2.787116e+003,9.272525e+001
2.787599e+003,9.271754e+001
2.788081e+003,9.270893e+001
2.788563e+003,9.269931e+001
2.789045e+003,9.268890e+001
2.789527e+003,9.267791e+001
2.790009e+003,9.266664e+001
2.790491e+003,9.265526e+001
2.790973e+003,9.264383e+001
2.791456e+003,9.263235e+001
2.791938e+003,9.262102e+001
2.792420e+003,9.261012e+001
2.792902e+003,9.260021e+001
2.793384e+003,9.259184e+001
2.793866e+003,9.258536e+001
2.794348e+003,9.258078e+001
2.794830e+003,9.257772e+001
2.795313e+003,9.257552e+001
2.795795e+003,9.257329e+001
2.796277e+003,9.257027e+001
2.796759e+003,9.256590e+001
2.797241e+003,9.255980e+001
2.797723e+003,9.255184e+001
2.798205e+003,9.254204e+001
2.798687e+003,9.253065e+001
2.799169e+003,9.251817e+001
2.799652e+003,9.250525e+001
2.800134e+003,9.249274e+001
2.800616e+003,9.248153e+001
2.801098e+003,9.247215e+001
2.801580e+003,9.246480e+001
2.802062e+003,9.245908e+001
2.802544e+003,9.245423e+001
2.803026e+003,9.244940e+001
2.803509e+003,9.244386e+001
2.803990e+003,9.243732e+001
2.804473e+003,9.242995e+001
2.804955e+003,9.242217e+001
2.805437e+003,9.241451e+001
2.805919e+003,9.240726e+001
2.806401e+003,9.240038e+001
2.806883e+003,9.239352e+001
2.807365e+003,9.238626e+001
2.807847e+003,9.237820e+001
2.808330e+003,9.236919e+001
2.808812e+003,9.235941e+001
2.809294e+003,9.234915e+001
2.809776e+003,9.233890e+001
2.810258e+003,9.232913e+001
2.810740e+003,9.232030e+001
2.811222e+003,9.231269e+001
2.811704e+003,9.230644e+001
2.812187e+003,9.230158e+001
2.812669e+003,9.229790e+001
2.813151e+003,9.229506e+001
2.813633e+003,9.229261e+001
2.814115e+003,9.229008e+001
2.814597e+003,9.228713e+001
2.815079e+003,9.228351e+001
2.815561e+003,9.227909e+001
2.816043e+003,9.227374e+001
2.816526e+003,9.226717e+001
2.817008e+003,9.225899e+001
2.817490e+003,9.224863e+001
2.817972e+003,9.223568e+001
2.818454e+003,9.221986e+001
2.818936e+003,9.220135e+001
2.819418e+003,9.218065e+001
2.819900e+003,9.215849e+001
2.820383e+003,9.213560e+001
2.820865e+003,9.211258e+001
2.821347e+003,9.208974e+001
2.821829e+003,9.206724e+001
2.822311e+003,9.204512e+001
2.822793e+003,9.202341e+001
2.823275e+003,9.200208e+001
2.823757e+003,9.198101e+001
2.824240e+003,9.195985e+001
2.824722e+003,9.193798e+001
2.825204e+003,9.191476e+001
2.825686e+003,9.188961e+001
2.826168e+003,9.186231e+001
2.826650e+003,9.183306e+001
2.827132e+003,9.180235e+001
2.827614e+003,9.177071e+001
2.828096e+003,9.173832e+001
2.828579e+003,9.170490e+001
2.829061e+003,9.166969e+001
2.829543e+003,9.163177e+001
2.830025e+003,9.159048e+001
2.830507e+003,9.154564e+001
2.830989e+003,9.149763e+001
2.831471e+003,9.144720e+001
2.831953e+003,9.139501e+001
2.832436e+003,9.134129e+001
2.832917e+003,9.128572e+001
2.833400e+003,9.122758e+001
2.833882e+003,9.116608e+001
2.834364e+003,9.110077e+001
2.834846e+003,9.103174e+001
2.835328e+003,9.095945e+001
2.835810e+003,9.088433e+001
2.836292e+003,9.080649e+001
2.836774e+003,9.072530e+001
2.837257e+003,9.063953e+001
2.837739e+003,9.054763e+001
2.838221e+003,9.044818e+001
2.838703e+003,9.034030e+001
2.839185e+003,9.022377e+001
2.839667e+003,9.009882e+001
2.840149e+003,8.996593e+001
2.840631e+003,8.982532e+001
2.841114e+003,8.967693e+001
2.841596e+003,8.952028e+001
2.842078e+003,8.935484e+001
2.842560e+003,8.918025e+001
2.843042e+003,8.899664e+001
2.843524e+003,8.880472e+001
2.844006e+003,8.860571e+001
2.844488e+003,8.840128e+001
2.844970e+003,8.819328e+001
2.845453e+003,8.798367e+001
2.845935e+003,8.777435e+001
2.846417e+003,8.756709e+001
2.846899e+003,8.736353e+001
2.847381e+003,8.716505e+001
2.847863e+003,8.697285e+001
2.848345e+003,8.678806e+001
2.848827e+003,8.661173e+001
2.849310e+003,8.644500e+001
2.849792e+003,8.628902e+001
2.850274e+003,8.614502e+001
2.850756e+003,8.601402e+001
2.851238e+003,8.589687e+001
2.851720e+003,8.579414e+001
2.852202e+003,8.570619e+001
2.852684e+003,8.563329e+001
2.853167e+003,8.557574e+001
2.853649e+003,8.553388e+001
2.854131e+003,8.550802e+001
2.854613e+003,8.549827e+001
2.855095e+003,8.550431e+001
2.855577e+003,8.552534e+001
2.856059e+003,8.556009e+001
2.856541e+003,8.560703e+001
2.857023e+003,8.566470e+001
2.857506e+003,8.573187e+001
2.857988e+003,8.580768e+001
2.858470e+003,8.589152e+001
2.858952e+003,8.598277e+001
2.859434e+003,8.608070e+001
2.859916e+003,8.618423e+001
2.860398e+003,8.629196e+001
2.860880e+003,8.640240e+001
2.861363e+003,8.651419e+001
2.861844e+003,8.662610e+001
2.862327e+003,8.673734e+001
2.862809e+003,8.684716e+001
2.863291e+003,8.695508e+001
2.863773e+003,8.706054e+001
2.864255e+003,8.716305e+001
2.864737e+003,8.726222e+001
2.865219e+003,8.735785e+001
2.865701e+003,8.744986e+001
2.866184e+003,8.753831e+001
2.866666e+003,8.762312e+001
2.867148e+003,8.770406e+001
2.867630e+003,8.778075e+001
2.868112e+003,8.785265e+001
2.868594e+003,8.791946e+001
2.869076e+003,8.798128e+001
2.869558e+003,8.803854e+001
2.870041e+003,8.809196e+001
2.870523e+003,8.814230e+001
2.871005e+003,8.818999e+001
2.871487e+003,8.823495e+001
2.871969e+003,8.827662e+001
2.872451e+003,8.831410e+001
2.872933e+003,8.834644e+001
2.873415e+003,8.837291e+001
2.873897e+003,8.839317e+001
2.874380e+003,8.840724e+001
2.874862e+003,8.841533e+001
2.875344e+003,8.841784e+001
2.875826e+003,8.841505e+001
2.876308e+003,8.840723e+001
2.876790e+003,8.839434e+001
2.877272e+003,8.837621e+001
2.877754e+003,8.835233e+001
2.878237e+003,8.832195e+001
2.878719e+003,8.828418e+001
2.879201e+003,8.823821e+001
2.879683e+003,8.818353e+001
2.880165e+003,8.812029e+001
2.880647e+003,8.804924e+001
2.881129e+003,8.797173e+001
2.881611e+003,8.788939e+001
2.882094e+003,8.780370e+001
2.882576e+003,8.771573e+001
2.883058e+003,8.762612e+001
2.883540e+003,8.753514e+001
2.884022e+003,8.744301e+001
2.884504e+003,8.735017e+001
2.884986e+003,8.725735e+001
2.885468e+003,8.716553e+001
2.885950e+003,8.707574e+001
2.886433e+003,8.698876e+001
2.886915e+003,8.690512e+001
2.887397e+003,8.682503e+001
2.887879e+003,8.674860e+001
2.888361e+003,8.667591e+001
2.888843e+003,8.660715e+001
2.889325e+003,8.654256e+001
2.889807e+003,8.648215e+001
2.890290e+003,8.642587e+001
2.890771e+003,8.637343e+001
2.891254e+003,8.632455e+001
2.891736e+003,8.627921e+001
2.892218e+003,8.623774e+001
2.892700e+003,8.620088e+001
2.893182e+003,8.616950e+001
2.893664e+003,8.614429e+001
2.894146e+003,8.612541e+001
2.894628e+003,8.611231e+001
2.895111e+003,8.610389e+001
2.895593e+003,8.609865e+001
2.896075e+003,8.609508e+001
2.896557e+003,8.609193e+001
2.897039e+003,8.608826e+001
2.897521e+003,8.608337e+001
2.898003e+003,8.607668e+001
2.898485e+003,8.606760e+001
2.898968e+003,8.605554e+001
2.899450e+003,8.603999e+001
2.899932e+003,8.602061e+001
2.900414e+003,8.599727e+001
2.900896e+003,8.596990e+001
2.901378e+003,8.593835e+001
2.901860e+003,8.590234e+001
2.902342e+003,8.586143e+001
2.902824e+003,8.581516e+001
2.903307e+003,8.576340e+001
2.903789e+003,8.570645e+001
2.904271e+003,8.564495e+001
2.904753e+003,8.557976e+001
2.905235e+003,8.551147e+001
2.905717e+003,8.544023e+001
2.906199e+003,8.536553e+001
2.906681e+003,8.528654e+001
2.907164e+003,8.520239e+001
2.907646e+003,8.511269e+001
2.908128e+003,8.501773e+001
2.908610e+003,8.491833e+001
2.909092e+003,8.481560e+001
2.909574e+003,8.471037e+001
2.910056e+003,8.460280e+001
2.910538e+003,8.449242e+001
2.911021e+003,8.437831e+001
2.911503e+003,8.425951e+001
2.911985e+003,8.413551e+001
2.912467e+003,8.400648e+001
2.912949e+003,8.387325e+001
2.913431e+003,8.373701e+001
2.913913e+003,8.359898e+001
2.914395e+003,8.346016e+001
2.914877e+003,8.332122e+001
2.915360e+003,8.318260e+001
2.915842e+003,8.304471e+001
2.916324e+003,8.290818e+001
2.916806e+003,8.277383e+001
2.917288e+003,8.264270e+001
2.917770e+003,8.251570e+001
2.918252e+003,8.239371e+001
2.918734e+003,8.227731e+001
2.919217e+003,8.216692e+001
2.919698e+003,8.206282e+001
2.920181e+003,8.196532e+001
2.920663e+003,8.187474e+001
2.921145e+003,8.179138e+001
2.921627e+003,8.171547e+001
2.922109e+003,8.164703e+001
2.922591e+003,8.158594e+001
2.923073e+003,8.153182e+001
2.923555e+003,8.148433e+001
2.924038e+003,8.144307e+001
2.924520e+003,8.140781e+001
2.925002e+003,8.137846e+001
2.925484e+003,8.135505e+001
2.925966e+003,8.133762e+001
2.926448e+003,8.132623e+001
2.926930e+003,8.132075e+001
2.927412e+003,8.132089e+001
2.927895e+003,8.132616e+001
2.928377e+003,8.133590e+001
2.928859e+003,8.134937e+001
2.929341e+003,8.136582e+001
2.929823e+003,8.138464e+001
2.930305e+003,8.140538e+001
2.930787e+003,8.142783e+001
2.931269e+003,8.145185e+001
2.931751e+003,8.147745e+001
2.932234e+003,8.150449e+001
2.932716e+003,8.153288e+001
2.933198e+003,8.156242e+001
2.933680e+003,8.159289e+001
2.934162e+003,8.162479e+001
2.934644e+003,8.165856e+001
2.935126e+003,8.169469e+001
2.935608e+003,8.173369e+001
2.936091e+003,8.177573e+001
2.936573e+003,8.182063e+001
2.937055e+003,8.186781e+001
2.937537e+003,8.191644e+001
2.938019e+003,8.196574e+001
2.938501e+003,8.201517e+001
2.938983e+003,8.206460e+001
2.939465e+003,8.211440e+001
2.939948e+003,8.216518e+001
2.940430e+003,8.221772e+001
2.940912e+003,8.227271e+001
2.941394e+003,8.233064e+001
2.941876e+003,8.239184e+001
2.942358e+003,8.245638e+001
2.942840e+003,8.252415e+001
2.943322e+003,8.259489e+001
2.943804e+003,8.266808e+001
2.944287e+003,8.274310e+001
2.944769e+003,8.281927e+001
2.945251e+003,8.289613e+001
2.945733e+003,8.297346e+001
2.946215e+003,8.305167e+001
2.946697e+003,8.313153e+001
2.947179e+003,8.321420e+001
2.947661e+003,8.330077e+001
2.948144e+003,8.339204e+001
2.948625e+003,8.348817e+001
2.949108e+003,8.358875e+001
2.949590e+003,8.369270e+001
2.950072e+003,8.379869e+001
2.950554e+003,8.390534e+001
2.951036e+003,8.401144e+001
2.951518e+003,8.411607e+001
2.952000e+003,8.421875e+001
2.952482e+003,8.431933e+001
2.952965e+003,8.441804e+001
2.953447e+003,8.451545e+001
2.953929e+003,8.461231e+001
2.954411e+003,8.470954e+001
2.954893e+003,8.480793e+001
2.955375e+003,8.490800e+001
2.955857e+003,8.500987e+001
2.956339e+003,8.511334e+001
2.956822e+003,8.521805e+001
2.957304e+003,8.532362e+001
2.957786e+003,8.542997e+001
2.958268e+003,8.553719e+001
2.958750e+003,8.564577e+001
2.959232e+003,8.575609e+001
2.959714e+003,8.586836e+001
2.960196e+003,8.598258e+001
2.960678e+003,8.609840e+001
2.961161e+003,8.621527e+001
2.961643e+003,8.633279e+001
2.962125e+003,8.645051e+001
2.962607e+003,8.656808e+001
2.963089e+003,8.668506e+001
2.963571e+003,8.680093e+001
2.964053e+003,8.691508e+001
2.964535e+003,8.702692e+001
2.965018e+003,8.713614e+001
2.965500e+003,8.724293e+001
2.965982e+003,8.734789e+001
2.966464e+003,8.745206e+001
2.966946e+003,8.755633e+001
2.967428e+003,8.766134e+001
2.967910e+003,8.776722e+001
2.968392e+003,8.787360e+001
2.968875e+003,8.797984e+001
2.969357e+003,8.808524e+001
2.969839e+003,8.818933e+001
2.970321e+003,8.829181e+001
2.970803e+003,8.839248e+001
2.971285e+003,8.849108e+001
2.971767e+003,8.858727e+001
2.972249e+003,8.868061e+001
2.972731e+003,8.877073e+001
2.973214e+003,8.885755e+001
2.973696e+003,8.894131e+001
2.974178e+003,8.902256e+001
2.974660e+003,8.910184e+001
2.975142e+003,8.917963e+001
2.975624e+003,8.925610e+001
2.976106e+003,8.933131e+001
2.976588e+003,8.940526e+001
2.977071e+003,8.947807e+001
2.977552e+003,8.955000e+001
2.978035e+003,8.962128e+001
2.978517e+003,8.969180e+001
2.978999e+003,8.976115e+001
2.979481e+003,8.982846e+001
2.979963e+003,8.989289e+001
2.980445e+003,8.995396e+001
2.980927e+003,9.001199e+001
2.981409e+003,9.006808e+001
2.981892e+003,9.012388e+001
2.982374e+003,9.018091e+001
2.982856e+003,9.024002e+001
2.983338e+003,9.030112e+001
2.983820e+003,9.036309e+001
2.984302e+003,9.042442e+001
2.984784e+003,9.048368e+001
2.985266e+003,9.054024e+001
2.985749e+003,9.059425e+001
2.986231e+003,9.064650e+001
2.986713e+003,9.069796e+001
2.987195e+003,9.074913e+001
2.987677e+003,9.079996e+001
2.988159e+003,9.084982e+001
2.988641e+003,9.089783e+001
2.989123e+003,9.094341e+001
2.989605e+003,9.098640e+001
2.990088e+003,9.102710e+001
2.990570e+003,9.106610e+001
2.991052e+003,9.110396e+001
2.991534e+003,9.114104e+001
2.992016e+003,9.117744e+001
2.992498e+003,9.121326e+001
2.992980e+003,9.124863e+001
2.993462e+003,9.128387e+001
2.993945e+003,9.131927e+001
2.994427e+003,9.135509e+001
2.994909e+003,9.139106e+001
2.995391e+003,9.142674e+001
2.995873e+003,9.146143e+001
2.996355e+003,9.149461e+001
2.996837e+003,9.152610e+001
2.997319e+003,9.155629e+001
2.997802e+003,9.158577e+001
2.998284e+003,9.161519e+001
2.998766e+003,9.164481e+001
2.999248e+003,9.167445e+001
2.999730e+003,9.170358e+001
3.000212e+003,9.173149e+001
3.000694e+003,9.175773e+001
3.001176e+003,9.178225e+001
3.001658e+003,9.180552e+001
3.002141e+003,9.182828e+001
3.002623e+003,9.185133e+001
3.003105e+003,9.187525e+001
3.003587e+003,9.190047e+001
3.004069e+003,9.192702e+001
3.004551e+003,9.195476e+001
3.005033e+003,9.198348e+001
3.005515e+003,9.201275e+001
3.005998e+003,9.204205e+001
3.006479e+003,9.207070e+001
3.006962e+003,9.209803e+001
3.007444e+003,9.212359e+001
3.007926e+003,9.214742e+001
3.008408e+003,9.217006e+001
3.008890e+003,9.219254e+001
3.009372e+003,9.221597e+001
3.009854e+003,9.224126e+001
3.010336e+003,9.226861e+001
3.010819e+003,9.229752e+001
3.011301e+003,9.232677e+001
3.011783e+003,9.235507e+001
3.012265e+003,9.238123e+001
3.012747e+003,9.240475e+001
3.013229e+003,9.242574e+001
3.013711e+003,9.244482e+001
3.014193e+003,9.246284e+001
3.014676e+003,9.248056e+001
3.015158e+003,9.249863e+001
3.015640e+003,9.251748e+001
3.016122e+003,9.253742e+001
3.016604e+003,9.255868e+001
3.017086e+003,9.258133e+001
3.017568e+003,9.260530e+001
3.018050e+003,9.263019e+001
3.018532e+003,9.265522e+001
3.019015e+003,9.267947e+001
3.019497e+003,9.270202e+001
3.019979e+003,9.272204e+001
3.020461e+003,9.273920e+001
3.020943e+003,9.275341e+001
3.021425e+003,9.276500e+001
3.021907e+003,9.277444e+001
3.022389e+003,9.278238e+001
3.022872e+003,9.278939e+001
3.023354e+003,9.279622e+001
3.023836e+003,9.280342e+001
3.024318e+003,9.281152e+001
3.024800e+003,9.282071e+001
3.025282e+003,9.283100e+001
3.025764e+003,9.284188e+001
3.026246e+003,9.285278e+001
3.026729e+003,9.286315e+001
3.027211e+003,9.287269e+001
3.027693e+003,9.288158e+001
3.028175e+003,9.289030e+001
3.028657e+003,9.289951e+001
3.029139e+003,9.290955e+001
3.029621e+003,9.292039e+001
3.030103e+003,9.293146e+001
3.030585e+003,9.294173e+001
3.031068e+003,9.295015e+001
3.031550e+003,9.295601e+001
3.032032e+003,9.295914e+001
3.032514e+003,9.295977e+001
3.032996e+003,9.295839e+001
3.033478e+003,9.295538e+001
3.033960e+003,9.295091e+001
3.034442e+003,9.294503e+001
3.034925e+003,9.293789e+001
3.035406e+003,9.292994e+001
3.035889e+003,9.292211e+001
3.036371e+003,9.291547e+001
3.036853e+003,9.291113e+001
3.037335e+003,9.290967e+001
3.037817e+003,9.291100e+001
3.038299e+003,9.291427e+001
3.038781e+003,9.291805e+001
3.039263e+003,9.292062e+001
3.039746e+003,9.292041e+001
3.040228e+003,9.291609e+001
3.040710e+003,9.290705e+001
3.041192e+003,9.289302e+001
3.041674e+003,9.287426e+001
3.042156e+003,9.285136e+001
3.042638e+003,9.282516e+001
3.043120e+003,9.279670e+001
3.043603e+003,9.276699e+001
3.044085e+003,9.273692e+001
3.044567e+003,9.270703e+001
3.045049e+003,9.267740e+001
3.045531e+003,9.264760e+001
3.046013e+003,9.261678e+001
3.046495e+003,9.258397e+001
3.046977e+003,9.254836e+001
3.047459e+003,9.250957e+001
3.047942e+003,9.246775e+001
3.048424e+003,9.242377e+001
3.048906e+003,9.237885e+001
3.049388e+003,9.233443e+001
3.049870e+003,9.229201e+001
3.050352e+003,9.225272e+001
3.050834e+003,9.221748e+001
3.051316e+003,9.218691e+001
3.051799e+003,9.216132e+001
3.052281e+003,9.214089e+001
3.052763e+003,9.212573e+001
3.053245e+003,9.211594e+001
3.053727e+003,9.211124e+001
3.054209e+003,9.211134e+001
3.054691e+003,9.211532e+001
3.055173e+003,9.212201e+001
3.055656e+003,9.212984e+001
3.056138e+003,9.213736e+001
3.056620e+003,9.214367e+001
3.057102e+003,9.214858e+001
3.057584e+003,9.215282e+001
3.058066e+003,9.215754e+001
3.058548e+003,9.216370e+001
3.059030e+003,9.217168e+001
3.059512e+003,9.218064e+001
3.059995e+003,9.218881e+001
3.060477e+003,9.219389e+001
3.060959e+003,9.219379e+001
3.061441e+003,9.218745e+001
3.061923e+003,9.217520e+001
3.062405e+003,9.215880e+001
3.062887e+003,9.214091e+001
3.063369e+003,9.212433e+001
3.063852e+003,9.211124e+001
3.064333e+003,9.210278e+001
3.064816e+003,9.209901e+001
3.065298e+003,9.209924e+001
3.065780e+003,9.210254e+001
3.066262e+003,9.210812e+001
3.066744e+003,9.211542e+001
3.067226e+003,9.212411e+001
3.067708e+003,9.213373e+001
3.068190e+003,9.214368e+001
3.068673e+003,9.215325e+001
3.069155e+003,9.216173e+001
3.069637e+003,9.216884e+001
3.070119e+003,9.217455e+001
3.070601e+003,9.217930e+001
3.071083e+003,9.218346e+001
3.071565e+003,9.218732e+001
3.072047e+003,9.219086e+001
3.072530e+003,9.219390e+001
3.073012e+003,9.219621e+001
3.073494e+003,9.219777e+001
3.073976e+003,9.219882e+001
3.074458e+003,9.219973e+001
3.074940e+003,9.220066e+001
3.075422e+003,9.220149e+001
3.075904e+003,9.220168e+001
3.076386e+003,9.220059e+001
3.076869e+003,9.219761e+001
3.077351e+003,9.219280e+001
3.077833e+003,9.218680e+001
3.078315e+003,9.218073e+001
3.078797e+003,9.217600e+001
3.079279e+003,9.217354e+001
3.079761e+003,9.217379e+001
3.080243e+003,9.217661e+001
3.080726e+003,9.218151e+001
3.081208e+003,9.218811e+001
3.081690e+003,9.219625e+001
3.082172e+003,9.220628e+001
3.082654e+003,9.221867e+001
3.083136e+003,9.223371e+001
3.083618e+003,9.225136e+001
3.084100e+003,9.227106e+001
3.084583e+003,9.229205e+001
3.085065e+003,9.231351e+001
3.085547e+003,9.233490e+001
3.086029e+003,9.235593e+001
3.086511e+003,9.237659e+001
3.086993e+003,9.239688e+001
3.087475e+003,9.241659e+001
3.087957e+003,9.243544e+001
3.088439e+003,9.245299e+001
3.088922e+003,9.246881e+001
3.089404e+003,9.248277e+001
3.089886e+003,9.249490e+001
3.090368e+003,9.250538e+001
3.090850e+003,9.251452e+001
3.091332e+003,9.252256e+001
3.091814e+003,9.252988e+001
3.092296e+003,9.253683e+001
3.092779e+003,9.254385e+001
3.093260e+003,9.255130e+001
3.093743e+003,9.255927e+001
3.094225e+003,9.256728e+001
3.094707e+003,9.257424e+001
3.095189e+003,9.257870e+001
3.095671e+003,9.257909e+001
3.096153e+003,9.257457e+001
3.096635e+003,9.256519e+001
3.097117e+003,9.255205e+001
3.097600e+003,9.253696e+001
3.098082e+003,9.252176e+001
3.098564e+003,9.250794e+001
3.099046e+003,9.249628e+001
3.099528e+003,9.248699e+001
3.100010e+003,9.247979e+001
3.100492e+003,9.247430e+001
3.100974e+003,9.247039e+001
3.101457e+003,9.246827e+001
3.101939e+003,9.246815e+001
3.102421e+003,9.247023e+001
3.102903e+003,9.247436e+001
3.103385e+003,9.248006e+001
3.103867e+003,9.248681e+001
3.104349e+003,9.249412e+001
3.104831e+003,9.250191e+001
3.105313e+003,9.251030e+001
3.105796e+003,9.251947e+001
3.106278e+003,9.252961e+001
3.106760e+003,9.254060e+001
3.107242e+003,9.255220e+001
3.107724e+003,9.256415e+001
3.108206e+003,9.257656e+001
3.108688e+003,9.258984e+001
3.109170e+003,9.260464e+001
3.109653e+003,9.262149e+001
3.110135e+003,9.264055e+001
3.110617e+003,9.266139e+001
3.111099e+003,9.268307e+001
3.111581e+003,9.270441e+001
3.112063e+003,9.272434e+001
3.112545e+003,9.274217e+001
3.113027e+003,9.275758e+001
3.113510e+003,9.277052e+001
3.113992e+003,9.278100e+001
3.114474e+003,9.278899e+001
3.114956e+003,9.279455e+001
3.115438e+003,9.279800e+001
3.115920e+003,9.280000e+001
3.116402e+003,9.280168e+001
3.116884e+003,9.280416e+001
3.117366e+003,9.280814e+001
3.117849e+003,9.281358e+001
3.118331e+003,9.281960e+001
3.118813e+003,9.282472e+001
3.119295e+003,9.282756e+001
3.119777e+003,9.282725e+001
3.120259e+003,9.282390e+001
3.120741e+003,9.281842e+001
3.121223e+003,9.281218e+001
3.121706e+003,9.280634e+001
3.122188e+003,9.280149e+001
3.122670e+003,9.279758e+001
3.123152e+003,9.279393e+001
3.123634e+003,9.278986e+001
3.124116e+003,9.278504e+001
3.124598e+003,9.277970e+001
3.125080e+003,9.277434e+001
3.125563e+003,9.276962e+001
3.126044e+003,9.276604e+001
3.126527e+003,9.276395e+001
3.127009e+003,9.276353e+001
3.127491e+003,9.276520e+001
3.127973e+003,9.276942e+001
3.128455e+003,9.277695e+001
3.128937e+003,9.278824e+001
3.129419e+003,9.280312e+001
3.129901e+003,9.282064e+001
3.130384e+003,9.283920e+001
3.130866e+003,9.285687e+001
3.131348e+003,9.287211e+001
3.131830e+003,9.288422e+001
3.132312e+003,9.289363e+001
3.132794e+003,9.290163e+001
3.133276e+003,9.290981e+001
3.133758e+003,9.291940e+001
3.134240e+003,9.293057e+001
3.134723e+003,9.294260e+001
3.135205e+003,9.295411e+001
3.135687e+003,9.296356e+001
3.136169e+003,9.296992e+001
3.136651e+003,9.297279e+001
3.137133e+003,9.297250e+001
3.137615e+003,9.296991e+001
3.138097e+003,9.296620e+001
3.138580e+003,9.296252e+001
3.139062e+003,9.296001e+001
3.139544e+003,9.295958e+001
3.140026e+003,9.296171e+001
3.140508e+003,9.296647e+001
3.140990e+003,9.297332e+001
3.141472e+003,9.298125e+001
3.141954e+003,9.298896e+001
3.142437e+003,9.299538e+001
3.142919e+003,9.299995e+001
3.143401e+003,9.300294e+001
3.143883e+003,9.300536e+001
3.144365e+003,9.300838e+001
3.144847e+003,9.301304e+001
3.145329e+003,9.301958e+001
3.145811e+003,9.302741e+001
3.146293e+003,9.303528e+001
3.146776e+003,9.304184e+001
3.147258e+003,9.304612e+001
3.147740e+003,9.304794e+001
3.148222e+003,9.304774e+001
3.148704e+003,9.304644e+001
3.149186e+003,9.304492e+001
3.149668e+003,9.304372e+001
3.150150e+003,9.304307e+001
3.150633e+003,9.304284e+001
3.151115e+003,9.304304e+001
3.151597e+003,9.304386e+001
3.152079e+003,9.304566e+001
3.152561e+003,9.304875e+001
3.153043e+003,9.305312e+001
3.153525e+003,9.305813e+001
3.154007e+003,9.306271e+001
3.154490e+003,9.306558e+001
3.154971e+003,9.306590e+001
3.155454e+003,9.306334e+001
3.155936e+003,9.305849e+001
3.156418e+003,9.305264e+001
3.156900e+003,9.304724e+001
3.157382e+003,9.304369e+001
3.157864e+003,9.304280e+001
3.158346e+003,9.304472e+001
3.158828e+003,9.304899e+001
3.159311e+003,9.305481e+001
3.159793e+003,9.306119e+001
3.160275e+003,9.306715e+001
3.160757e+003,9.307187e+001
3.161239e+003,9.307466e+001
3.161721e+003,9.307515e+001
3.162203e+003,9.307319e+001
3.162685e+003,9.306905e+001
3.163167e+003,9.306324e+001
3.163650e+003,9.305663e+001
3.164132e+003,9.305009e+001
3.164614e+003,9.304447e+001
3.165096e+003,9.304050e+001
3.165578e+003,9.303863e+001
3.166060e+003,9.303910e+001
3.166542e+003,9.304195e+001
3.167024e+003,9.304700e+001
3.167507e+003,9.305368e+001
3.167989e+003,9.306107e+001
3.168471e+003,9.306784e+001
3.168953e+003,9.307248e+001
3.169435e+003,9.307353e+001
3.169917e+003,9.307015e+001
3.170399e+003,9.306238e+001
3.170881e+003,9.305112e+001
3.171364e+003,9.303818e+001
3.171846e+003,9.302576e+001
3.172328e+003,9.301587e+001
3.172810e+003,9.300996e+001
3.173292e+003,9.300849e+001
3.173774e+003,9.301085e+001
3.174256e+003,9.301563e+001
3.174738e+003,9.302106e+001
3.175220e+003,9.302529e+001
3.175703e+003,9.302708e+001
3.176185e+003,9.302594e+001
3.176667e+003,9.302225e+001
3.177149e+003,9.301716e+001
3.177631e+003,9.301236e+001
3.178113e+003,9.300957e+001
3.178595e+003,9.300995e+001
3.179077e+003,9.301379e+001
3.179560e+003,9.302040e+001
3.180042e+003,9.302831e+001
3.180524e+003,9.303561e+001
3.181006e+003,9.304063e+001
3.181488e+003,9.304234e+001
3.181970e+003,9.304042e+001
3.182452e+003,9.303539e+001
3.182934e+003,9.302821e+001
3.183417e+003,9.301980e+001
3.183898e+003,9.301090e+001
3.184381e+003,9.300182e+001
3.184863e+003,9.299254e+001
3.185345e+003,9.298319e+001
3.185827e+003,9.297401e+001
3.186309e+003,9.296567e+001
3.186791e+003,9.295901e+001
3.187273e+003,9.295481e+001
3.187755e+003,9.295358e+001
3.188238e+003,9.295525e+001
3.188720e+003,9.295939e+001
3.189202e+003,9.296525e+001
3.189684e+003,9.297205e+001
3.190166e+003,9.297926e+001
3.190648e+003,9.298657e+001
3.191130e+003,9.299391e+001
3.191612e+003,9.300140e+001
3.192094e+003,9.300909e+001
3.192577e+003,9.301685e+001
3.193059e+003,9.302465e+001
3.193541e+003,9.303221e+001
3.194023e+003,9.303931e+001
3.194505e+003,9.304556e+001
3.194987e+003,9.305064e+001
3.195469e+003,9.305405e+001
3.195951e+003,9.305527e+001
3.196434e+003,9.305383e+001
3.196916e+003,9.304958e+001
3.197398e+003,9.304273e+001
3.197880e+003,9.303416e+001
3.198362e+003,9.302500e+001
3.198844e+003,9.301664e+001
3.199326e+003,9.301023e+001
3.199808e+003,9.300650e+001
3.200291e+003,9.300555e+001
3.200773e+003,9.300698e+001
3.201255e+003,9.301003e+001
3.201737e+003,9.301369e+001
3.202219e+003,9.301699e+001
3.202701e+003,9.301923e+001
3.203183e+003,9.302013e+001
3.203665e+003,9.301977e+001
3.204147e+003,9.301852e+001
3.204630e+003,9.301699e+001
3.205112e+003,9.301572e+001
3.205594e+003,9.301499e+001
3.206076e+003,9.301485e+001
3.206558e+003,9.301504e+001
3.207040e+003,9.301520e+001
3.207522e+003,9.301504e+001
3.208004e+003,9.301450e+001
3.208487e+003,9.301374e+001
3.208969e+003,9.301297e+001
3.209451e+003,9.301234e+001
3.209933e+003,9.301172e+001
3.210415e+003,9.301061e+001
3.210897e+003,9.300838e+001
3.211379e+003,9.300460e+001
3.211861e+003,9.299922e+001
3.212344e+003,9.299287e+001
3.212825e+003,9.298689e+001
3.213308e+003,9.298283e+001
3.213790e+003,9.298203e+001
3.214272e+003,9.298508e+001
3.214754e+003,9.299171e+001
3.215236e+003,9.300067e+001
3.215718e+003,9.301030e+001
3.216200e+003,9.301895e+001
3.216682e+003,9.302542e+001
3.217165e+003,9.302928e+001
3.217647e+003,9.303063e+001
3.218129e+003,9.303008e+001
3.218611e+003,9.302830e+001
3.219093e+003,9.302582e+001
3.219575e+003,9.302293e+001
3.220057e+003,9.301971e+001
3.220539e+003,9.301596e+001
3.221021e+003,9.301160e+001
3.221504e+003,9.300644e+001
3.221986e+003,9.300052e+001
3.222468e+003,9.299395e+001
3.222950e+003,9.298706e+001
3.223432e+003,9.298032e+001
3.223914e+003,9.297440e+001
3.224396e+003,9.296988e+001
3.224878e+003,9.296729e+001
3.225361e+003,9.296675e+001
3.225843e+003,9.296797e+001
3.226325e+003,9.297031e+001
3.226807e+003,9.297284e+001
3.227289e+003,9.297462e+001
3.227771e+003,9.297498e+001
3.228253e+003,9.297371e+001
3.228735e+003,9.297112e+001
3.229218e+003,9.296779e+001
3.229700e+003,9.296465e+001
3.230182e+003,9.296247e+001
3.230664e+003,9.296192e+001
3.231146e+003,9.296320e+001
3.231628e+003,9.296615e+001
3.232110e+003,9.297009e+001
3.232592e+003,9.297402e+001
3.233074e+003,9.297672e+001
3.233557e+003,9.297718e+001
3.234039e+003,9.297491e+001
3.234521e+003,9.297010e+001
3.235003e+003,9.296383e+001
3.235485e+003,9.295773e+001
3.235967e+003,9.295353e+001
3.236449e+003,9.295262e+001
3.236931e+003,9.295548e+001
3.237414e+003,9.296161e+001
3.237896e+003,9.296973e+001
3.238378e+003,9.297822e+001
3.238860e+003,9.298569e+001
3.239342e+003,9.299135e+001
3.239824e+003,9.299500e+001
3.240306e+003,9.299691e+001
3.240788e+003,9.299743e+001
3.241271e+003,9.299673e+001
3.241752e+003,9.299477e+001
3.242235e+003,9.299154e+001
3.242717e+003,9.298715e+001
3.243199e+003,9.298234e+001
3.243681e+003,9.297808e+001
3.244163e+003,9.297546e+001
3.244645e+003,9.297494e+001
3.245127e+003,9.297632e+001
3.245609e+003,9.297845e+001
3.246092e+003,9.297984e+001
3.246574e+003,9.297915e+001
3.247056e+003,9.297589e+001
3.247538e+003,9.297050e+001
3.248020e+003,9.296426e+001
3.248502e+003,9.295885e+001
3.248984e+003,9.295561e+001
3.249466e+003,9.295504e+001
3.249948e+003,9.295664e+001
3.250431e+003,9.295908e+001
3.250913e+003,9.296094e+001
3.251395e+003,9.296107e+001
3.251877e+003,9.295923e+001
3.252359e+003,9.295589e+001
3.252841e+003,9.295229e+001
3.253323e+003,9.294966e+001
3.253805e+003,9.294895e+001
3.254288e+003,9.295055e+001
3.254770e+003,9.295411e+001
3.255252e+003,9.295876e+001
3.255734e+003,9.296343e+001
3.256216e+003,9.296702e+001
3.256698e+003,9.296870e+001
3.257180e+003,9.296801e+001
3.257662e+003,9.296506e+001
3.258145e+003,9.296040e+001
3.258627e+003,9.295495e+001
3.259109e+003,9.294969e+001
3.259591e+003,9.294555e+001
3.260073e+003,9.294294e+001
3.260555e+003,9.294189e+001
3.261037e+003,9.294189e+001
3.261519e+003,9.294231e+001
3.262001e+003,9.294260e+001
3.262484e+003,9.294241e+001
3.262966e+003,9.294176e+001
3.263448e+003,9.294083e+001
3.263930e+003,9.293973e+001
3.264412e+003,9.293845e+001
3.264894e+003,9.293675e+001
3.265376e+003,9.293439e+001
3.265858e+003,9.293120e+001
3.266341e+003,9.292757e+001
3.266823e+003,9.292400e+001
3.267305e+003,9.292130e+001
3.267787e+003,9.291993e+001
3.268269e+003,9.291980e+001
3.268751e+003,9.292043e+001
3.269233e+003,9.292076e+001
3.269715e+003,9.291985e+001
3.270198e+003,9.291708e+001
3.270679e+003,9.291245e+001
3.271162e+003,9.290656e+001
3.271644e+003,9.290031e+001
3.272126e+003,9.289460e+001
3.272608e+003,9.288999e+001
3.273090e+003,9.288675e+001
3.273572e+003,9.288490e+001
3.274054e+003,9.288441e+001
3.274536e+003,9.288531e+001
3.275019e+003,9.288768e+001
3.275501e+003,9.289155e+001
3.275983e+003,9.289647e+001
3.276465e+003,9.290162e+001
3.276947e+003,9.290598e+001
3.277429e+003,9.290859e+001
3.277911e+003,9.290903e+001
3.278393e+003,9.290749e+001
3.278875e+003,9.290481e+001
3.279358e+003,9.290202e+001
3.279840e+003,9.290005e+001
3.280322e+003,9.289939e+001
3.280804e+003,9.289980e+001
3.281286e+003,9.290062e+001
3.281768e+003,9.290112e+001
3.282250e+003,9.290070e+001
3.282732e+003,9.289923e+001
3.283215e+003,9.289697e+001
3.283697e+003,9.289438e+001
3.284179e+003,9.289198e+001
3.284661e+003,9.289008e+001
3.285143e+003,9.288877e+001
3.285625e+003,9.288812e+001
3.286107e+003,9.288805e+001
3.286589e+003,9.288850e+001
3.287072e+003,9.288918e+001
3.287554e+003,9.288974e+001
3.288036e+003,9.288953e+001
3.288518e+003,9.288798e+001
3.289000e+003,9.288473e+001
3.289482e+003,9.288000e+001
3.289964e+003,9.287453e+001
3.290446e+003,9.286962e+001
3.290928e+003,9.286653e+001
3.291411e+003,9.286600e+001
3.291893e+003,9.286800e+001
3.292375e+003,9.287155e+001
3.292857e+003,9.287508e+001
3.293339e+003,9.287702e+001
3.293821e+003,9.287627e+001
3.294303e+003,9.287263e+001
3.294785e+003,9.286678e+001
3.295268e+003,9.286001e+001
3.295750e+003,9.285374e+001
3.296232e+003,9.284914e+001
3.296714e+003,9.284685e+001
3.297196e+003,9.284683e+001
3.297678e+003,9.284851e+001
3.298160e+003,9.285117e+001
3.298642e+003,9.285394e+001
3.299125e+003,9.285611e+001
3.299606e+003,9.285725e+001
3.300089e+003,9.285712e+001
3.300571e+003,9.285568e+001
3.301053e+003,9.285338e+001
3.301535e+003,9.285063e+001
3.302017e+003,9.284817e+001
3.302499e+003,9.284670e+001
3.302981e+003,9.284669e+001
3.303463e+003,9.284831e+001
3.303946e+003,9.285126e+001
3.304428e+003,9.285490e+001
3.304910e+003,9.285833e+001
3.305392e+003,9.286079e+001
3.305874e+003,9.286160e+001
3.306356e+003,9.286047e+001
3.306838e+003,9.285751e+001
3.307320e+003,9.285322e+001
3.307802e+003,9.284835e+001
3.308285e+003,9.284391e+001
3.308767e+003,9.284080e+001
3.309249e+003,9.283969e+001
3.309731e+003,9.284089e+001
3.310213e+003,9.284408e+001
3.310695e+003,9.284855e+001
3.311177e+003,9.285329e+001
3.311659e+003,9.285732e+001
3.312142e+003,9.286005e+001
3.312624e+003,9.286147e+001
3.313106e+003,9.286198e+001
3.313588e+003,9.286239e+001
3.314070e+003,9.286331e+001
3.314552e+003,9.286510e+001
3.315034e+003,9.286742e+001
3.315516e+003,9.286953e+001
3.315999e+003,9.287040e+001
3.316481e+003,9.286911e+001
3.316963e+003,9.286504e+001
3.317445e+003,9.285816e+001
3.317927e+003,9.284882e+001
3.318409e+003,9.283786e+001
3.318891e+003,9.282637e+001
3.319373e+003,9.281566e+001
3.319855e+003,9.280694e+001
3.320338e+003,9.280141e+001
3.320820e+003,9.279998e+001
3.321302e+003,9.280298e+001
3.321784e+003,9.280999e+001
3.322266e+003,9.281997e+001
3.322748e+003,9.283126e+001
3.323230e+003,9.284207e+001
3.323712e+003,9.285099e+001
3.324195e+003,9.285729e+001
3.324677e+003,9.286114e+001
3.325159e+003,9.286320e+001
3.325641e+003,9.286427e+001
3.326123e+003,9.286498e+001
3.326605e+003,9.286520e+001
3.327087e+003,9.286440e+001
3.327569e+003,9.286173e+001
3.328052e+003,9.285675e+001
3.328533e+003,9.284943e+001
3.329016e+003,9.284056e+001
3.329498e+003,9.283119e+001
3.329980e+003,9.282244e+001
3.330462e+003,9.281508e+001
3.330944e+003,9.280917e+001
3.331426e+003,9.280437e+001
3.331908e+003,9.280004e+001
3.332390e+003,9.279550e+001
3.332873e+003,9.279052e+001
3.333355e+003,9.278514e+001
3.333837e+003,9.277966e+001
3.334319e+003,9.277448e+001
3.334801e+003,9.276987e+001
3.335283e+003,9.276594e+001
3.335765e+003,9.276276e+001
3.336247e+003,9.276041e+001
3.336729e+003,9.275923e+001
3.337212e+003,9.275950e+001
3.337694e+003,9.276152e+001
3.338176e+003,9.276539e+001
3.338658e+003,9.277081e+001
3.339140e+003,9.277713e+001
3.339622e+003,9.278358e+001
3.340104e+003,9.278920e+001
3.340586e+003,9.279346e+001
3.341069e+003,9.279600e+001
3.341551e+003,9.279698e+001
3.342033e+003,9.279694e+001
3.342515e+003,9.279668e+001
3.342997e+003,9.279698e+001
3.343479e+003,9.279855e+001
3.343961e+003,9.280163e+001
3.344443e+003,9.280609e+001
3.344926e+003,9.281121e+001
3.345408e+003,9.281608e+001
3.345890e+003,9.281973e+001
3.346372e+003,9.282159e+001
3.346854e+003,9.282162e+001
3.347336e+003,9.282043e+001
3.347818e+003,9.281891e+001
3.348300e+003,9.281815e+001
3.348782e+003,9.281879e+001
3.349265e+003,9.282104e+001
3.349747e+003,9.282457e+001
3.350229e+003,9.282878e+001
3.350711e+003,9.283331e+001
3.351193e+003,9.283789e+001
3.351675e+003,9.284278e+001
3.352157e+003,9.284819e+001
3.352639e+003,9.285416e+001
3.353122e+003,9.286019e+001
3.353604e+003,9.286536e+001
3.354086e+003,9.286855e+001
3.354568e+003,9.286903e+001
3.355050e+003,9.286690e+001
3.355532e+003,9.286306e+001
3.356014e+003,9.285919e+001
3.356496e+003,9.285693e+001
3.356979e+003,9.285736e+001
3.357460e+003,9.286060e+001
3.357943e+003,9.286574e+001
3.358425e+003,9.287133e+001
3.358907e+003,9.287588e+001
3.359389e+003,9.287852e+001
3.359871e+003,9.287907e+001
3.360353e+003,9.287794e+001
3.360835e+003,9.287591e+001
3.361317e+003,9.287357e+001
3.361800e+003,9.287130e+001
3.362282e+003,9.286914e+001
3.362764e+003,9.286719e+001
3.363246e+003,9.286566e+001
3.363728e+003,9.286507e+001
3.364210e+003,9.286593e+001
3.364692e+003,9.286853e+001
3.365174e+003,9.287258e+001
3.365656e+003,9.287721e+001
3.366139e+003,9.288116e+001
3.366621e+003,9.288326e+001
3.367103e+003,9.288295e+001
3.367585e+003,9.288045e+001
3.368067e+003,9.287659e+001
3.368549e+003,9.287256e+001
3.369031e+003,9.286934e+001
3.369513e+003,9.286733e+001
3.369996e+003,9.286623e+001
3.370478e+003,9.286530e+001
3.370960e+003,9.286367e+001
3.371442e+003,9.286063e+001
3.371924e+003,9.285600e+001
3.372406e+003,9.285007e+001
3.372888e+003,9.284354e+001
3.373370e+003,9.283724e+001
3.373853e+003,9.283201e+001
3.374334e+003,9.282845e+001
3.374817e+003,9.282694e+001
3.375299e+003,9.282763e+001
3.375781e+003,9.283034e+001
3.376263e+003,9.283459e+001
3.376745e+003,9.283969e+001
3.377227e+003,9.284477e+001
3.377709e+003,9.284888e+001
3.378191e+003,9.285137e+001
3.378674e+003,9.285185e+001
3.379156e+003,9.285043e+001
3.379638e+003,9.284737e+001
3.380120e+003,9.284323e+001
3.380602e+003,9.283846e+001
3.381084e+003,9.283340e+001
3.381566e+003,9.282831e+001
3.382048e+003,9.282340e+001
3.382531e+003,9.281890e+001
3.383013e+003,9.281509e+001
3.383495e+003,9.281210e+001
3.383977e+003,9.280998e+001
3.384459e+003,9.280849e+001
3.384941e+003,9.280710e+001
3.385423e+003,9.280513e+001
3.385905e+003,9.280211e+001
3.386387e+003,9.279763e+001
3.386870e+003,9.279158e+001
3.387352e+003,9.278403e+001
3.387834e+003,9.277518e+001
3.388316e+003,9.276534e+001
3.388798e+003,9.275481e+001
3.389280e+003,9.274406e+001
3.389762e+003,9.273377e+001
3.390244e+003,9.272469e+001
3.390727e+003,9.271774e+001
3.391209e+003,9.271350e+001
3.391691e+003,9.271209e+001
3.392173e+003,9.271297e+001
3.392655e+003,9.271511e+001
3.393137e+003,9.271741e+001
3.393619e+003,9.271901e+001
3.394101e+003,9.271961e+001
3.394583e+003,9.271939e+001
3.395066e+003,9.271870e+001
3.395548e+003,9.271791e+001
3.396030e+003,9.271692e+001
3.396512e+003,9.271529e+001
3.396994e+003,9.271216e+001
3.397476e+003,9.270665e+001
3.397958e+003,9.269833e+001
3.398440e+003,9.268733e+001
3.398923e+003,9.267433e+001
3.399405e+003,9.266039e+001
3.399887e+003,9.264656e+001
3.400369e+003,9.263391e+001
3.400851e+003,9.262321e+001
3.401333e+003,9.261507e+001
3.401815e+003,9.260969e+001
3.402297e+003,9.260703e+001
3.402780e+003,9.260641e+001
3.403261e+003,9.260676e+001
3.403744e+003,9.260648e+001
3.404226e+003,9.260388e+001
3.404708e+003,9.259748e+001
3.405190e+003,9.258646e+001
3.405672e+003,9.257096e+001
3.406154e+003,9.255212e+001
3.406636e+003,9.253159e+001
3.407118e+003,9.251127e+001
3.407601e+003,9.249245e+001
3.408083e+003,9.247566e+001
3.408565e+003,9.246049e+001
3.409047e+003,9.244585e+001
3.409529e+003,9.243046e+001
3.410011e+003,9.241337e+001
3.410493e+003,9.239460e+001
3.410975e+003,9.237473e+001
3.411458e+003,9.235468e+001
3.411940e+003,9.233573e+001
3.412422e+003,9.231898e+001
3.412904e+003,9.230536e+001
3.413386e+003,9.229520e+001
3.413868e+003,9.228838e+001
3.414350e+003,9.228419e+001
3.414832e+003,9.228151e+001
3.415314e+003,9.227914e+001
3.415797e+003,9.227587e+001
3.416279e+003,9.227097e+001
3.416761e+003,9.226430e+001
3.417243e+003,9.225625e+001
3.417725e+003,9.224743e+001
3.418207e+003,9.223855e+001
3.418689e+003,9.222980e+001
3.419171e+003,9.222101e+001
3.419654e+003,9.221140e+001
3.420136e+003,9.220020e+001
3.420618e+003,9.218690e+001
3.421100e+003,9.217167e+001
3.421582e+003,9.215530e+001
3.422064e+003,9.213877e+001
3.422546e+003,9.212296e+001
3.423028e+003,9.210812e+001
3.423510e+003,9.209406e+001
3.423993e+003,9.208024e+001
3.424475e+003,9.206635e+001
3.424957e+003,9.205246e+001
3.425439e+003,9.203923e+001
3.425921e+003,9.202765e+001
3.426403e+003,9.201884e+001
3.426885e+003,9.201353e+001
3.427367e+003,9.201182e+001
3.427850e+003,9.201322e+001
3.428332e+003,9.201665e+001
3.428814e+003,9.202081e+001
3.429296e+003,9.202454e+001
3.429778e+003,9.202695e+001
3.430260e+003,9.202755e+001
3.430742e+003,9.202634e+001
3.431224e+003,9.202384e+001
3.431707e+003,9.202097e+001
3.432188e+003,9.201901e+001
3.432671e+003,9.201919e+001
3.433153e+003,9.202258e+001
3.433635e+003,9.202945e+001
3.434117e+003,9.203942e+001
3.434599e+003,9.205138e+001
3.435081e+003,9.206389e+001
3.435563e+003,9.207577e+001
3.436045e+003,9.208650e+001
3.436528e+003,9.209637e+001
3.437010e+003,9.210633e+001
3.437492e+003,9.211744e+001
3.437974e+003,9.213029e+001
3.438456e+003,9.214462e+001
3.438938e+003,9.215961e+001
3.439420e+003,9.217399e+001
3.439902e+003,9.218700e+001
3.440385e+003,9.219853e+001
3.440867e+003,9.220934e+001
3.441349e+003,9.222055e+001
3.441831e+003,9.223312e+001
3.442313e+003,9.224724e+001
3.442795e+003,9.226230e+001
3.443277e+003,9.227720e+001
3.443759e+003,9.229113e+001
3.444241e+003,9.230402e+001
3.444724e+003,9.231689e+001
3.445206e+003,9.233114e+001
3.445688e+003,9.234814e+001
3.446170e+003,9.236814e+001
3.446652e+003,9.238958e+001
3.447134e+003,9.240966e+001
3.447616e+003,9.242570e+001
3.448098e+003,9.243645e+001
3.448581e+003,9.244263e+001
3.449063e+003,9.244634e+001
3.449545e+003,9.245020e+001
3.450027e+003,9.245631e+001
3.450509e+003,9.246566e+001
3.450991e+003,9.247816e+001
3.451473e+003,9.249271e+001
3.451955e+003,9.250765e+001
3.452438e+003,9.252167e+001
3.452920e+003,9.253394e+001
3.453402e+003,9.254453e+001
3.453884e+003,9.255394e+001
3.454366e+003,9.256279e+001
3.454848e+003,9.257140e+001
3.455330e+003,9.257980e+001
3.455812e+003,9.258766e+001
3.456294e+003,9.259476e+001
3.456777e+003,9.260094e+001
3.457259e+003,9.260648e+001
3.457741e+003,9.261188e+001
3.458223e+003,9.261767e+001
3.458705e+003,9.262429e+001
3.459187e+003,9.263197e+001
3.459669e+003,9.264067e+001
3.460151e+003,9.265007e+001
3.460634e+003,9.265954e+001
3.461115e+003,9.266830e+001
3.461598e+003,9.267545e+001
3.462080e+003,9.268029e+001
3.462562e+003,9.268259e+001
3.463044e+003,9.268279e+001
3.463526e+003,9.268190e+001
3.464008e+003,9.268135e+001
3.464490e+003,9.268239e+001
3.464972e+003,9.268574e+001
3.465455e+003,9.269149e+001
3.465937e+003,9.269890e+001
3.466419e+003,9.270676e+001
3.466901e+003,9.271384e+001
3.467383e+003,9.271922e+001
3.467865e+003,9.272263e+001
3.468347e+003,9.272427e+001
3.468829e+003,9.272454e+001
3.469312e+003,9.272372e+001
3.469794e+003,9.272198e+001
3.470276e+003,9.271928e+001
3.470758e+003,9.271597e+001
3.471240e+003,9.271263e+001
3.471722e+003,9.271055e+001
3.472204e+003,9.271102e+001
3.472686e+003,9.271509e+001
3.473168e+003,9.272293e+001
3.473651e+003,9.273373e+001
3.474133e+003,9.274574e+001
3.474615e+003,9.275668e+001
3.475097e+003,9.276468e+001
3.475579e+003,9.276904e+001
3.476061e+003,9.277013e+001
3.476543e+003,9.276937e+001
3.477025e+003,9.276838e+001
3.477508e+003,9.276849e+001
3.477990e+003,9.277037e+001
3.478472e+003,9.277390e+001
3.478954e+003,9.277846e+001
3.479436e+003,9.278316e+001
3.479918e+003,9.278709e+001
3.480400e+003,9.278954e+001
3.480882e+003,9.279005e+001
3.481365e+003,9.278838e+001
3.481847e+003,9.278468e+001
3.482329e+003,9.277941e+001
3.482811e+003,9.277346e+001
3.483293e+003,9.276782e+001
3.483775e+003,9.276340e+001
3.484257e+003,9.276067e+001
3.484739e+003,9.275958e+001
3.485221e+003,9.275963e+001
3.485704e+003,9.275999e+001
3.486186e+003,9.275970e+001
3.486668e+003,9.275806e+001
3.487150e+003,9.275490e+001
3.487632e+003,9.275062e+001
3.488114e+003,9.274623e+001
3.488596e+003,9.274274e+001
3.489078e+003,9.274106e+001
3.489561e+003,9.274136e+001
3.490042e+003,9.274332e+001
3.490525e+003,9.274621e+001
3.491007e+003,9.274931e+001
3.491489e+003,9.275201e+001
3.491971e+003,9.275412e+001
3.492453e+003,9.275577e+001
3.492935e+003,9.275737e+001
3.493417e+003,9.275935e+001
3.493899e+003,9.276208e+001
3.494382e+003,9.276560e+001
3.494864e+003,9.276971e+001
3.495346e+003,9.277385e+001
3.495828e+003,9.277734e+001
3.496310e+003,9.277964e+001
3.496792e+003,9.278048e+001
3.497274e+003,9.278011e+001
3.497756e+003,9.277916e+001
3.498239e+003,9.277847e+001
3.498721e+003,9.277894e+001
3.499203e+003,9.278114e+001
3.499685e+003,9.278525e+001
3.500167e+003,9.279099e+001
3.500649e+003,9.279759e+001
3.501131e+003,9.280377e+001
3.501613e+003,9.280802e+001
3.502095e+003,9.280859e+001
3.502578e+003,9.280425e+001
3.503060e+003,9.279456e+001
3.503542e+003,9.278017e+001
3.504024e+003,9.276268e+001
3.504506e+003,9.274413e+001
3.504988e+003,9.272641e+001
3.505470e+003,9.271090e+001
3.505952e+003,9.269852e+001
3.506435e+003,9.268993e+001
3.506917e+003,9.268552e+001
3.507399e+003,9.268551e+001
3.507881e+003,9.268961e+001
3.508363e+003,9.269660e+001
3.508845e+003,9.270428e+001
3.509327e+003,9.270988e+001
3.509809e+003,9.271112e+001
3.510292e+003,9.270708e+001
3.510774e+003,9.269827e+001
3.511256e+003,9.268610e+001
3.511738e+003,9.267223e+001
3.512220e+003,9.265803e+001
3.512702e+003,9.264446e+001
3.513184e+003,9.263216e+001
3.513666e+003,9.262157e+001
3.514148e+003,9.261318e+001
3.514631e+003,9.260743e+001
3.515113e+003,9.260479e+001
3.515595e+003,9.260556e+001
3.516077e+003,9.260976e+001
3.516559e+003,9.261681e+001
3.517041e+003,9.262552e+001
3.517523e+003,9.263414e+001
3.518005e+003,9.264072e+001
3.518488e+003,9.264348e+001
3.518969e+003,9.264146e+001
3.519452e+003,9.263474e+001
3.519934e+003,9.262446e+001
3.520416e+003,9.261257e+001
3.520898e+003,9.260155e+001
3.521380e+003,9.259374e+001
3.521862e+003,9.259081e+001
3.522344e+003,9.259285e+001
3.522826e+003,9.259831e+001
3.523309e+003,9.260419e+001
3.523791e+003,9.260746e+001
3.524273e+003,9.260638e+001
3.524755e+003,9.260101e+001
3.525237e+003,9.259289e+001
3.525719e+003,9.258428e+001
3.526201e+003,9.257713e+001
3.526683e+003,9.257249e+001
3.527166e+003,9.257006e+001
3.527648e+003,9.256830e+001
3.528130e+003,9.256527e+001
3.528612e+003,9.255967e+001
3.529094e+003,9.255131e+001
3.529576e+003,9.254122e+001
3.530058e+003,9.253059e+001
3.530540e+003,9.252036e+001
3.531022e+003,9.251079e+001
3.531505e+003,9.250154e+001
3.531987e+003,9.249200e+001
3.532469e+003,9.248181e+001
3.532951e+003,9.247118e+001
3.533433e+003,9.246101e+001
3.533915e+003,9.245275e+001
3.534397e+003,9.244806e+001
3.534879e+003,9.244806e+001
3.535362e+003,9.245285e+001
3.535844e+003,9.246109e+001
3.536326e+003,9.247034e+001
3.536808e+003,9.247809e+001
3.537290e+003,9.248273e+001
3.537772e+003,9.248376e+001
3.538254e+003,9.248154e+001
3.538736e+003,9.247683e+001
3.539219e+003,9.247028e+001
3.539701e+003,9.246258e+001
3.540183e+003,9.245425e+001
3.540665e+003,9.244601e+001
3.541147e+003,9.243866e+001
3.541629e+003,9.243323e+001
3.542111e+003,9.243079e+001
3.542593e+003,9.243220e+001
3.543075e+003,9.243784e+001
3.543558e+003,9.244743e+001
3.544040e+003,9.245980e+001
3.544522e+003,9.247331e+001
3.545004e+003,9.248626e+001
3.545486e+003,9.249702e+001
3.545968e+003,9.250452e+001
3.546450e+003,9.250775e+001
3.546932e+003,9.250613e+001
3.547415e+003,9.249946e+001
3.547896e+003,9.248814e+001
3.548379e+003,9.247306e+001
3.548861e+003,9.245551e+001
3.549343e+003,9.243700e+001
3.549825e+003,9.241952e+001
3.550307e+003,9.240534e+001
3.550789e+003,9.239684e+001
3.551271e+003,9.239554e+001
3.551753e+003,9.240124e+001
3.552236e+003,9.241168e+001
3.552718e+003,9.242371e+001
3.553200e+003,9.243440e+001
3.553682e+003,9.244225e+001
3.554164e+003,9.244688e+001
3.554646e+003,9.244862e+001
3.555128e+003,9.244825e+001
3.555610e+003,9.244674e+001
3.556093e+003,9.244537e+001
3.556575e+003,9.244576e+001
3.557057e+003,9.244950e+001
3.557539e+003,9.245806e+001
3.558021e+003,9.247211e+001
3.558503e+003,9.249126e+001
3.558985e+003,9.251385e+001
3.559467e+003,9.253716e+001
3.559949e+003,9.255806e+001
3.560432e+003,9.257397e+001
3.560914e+003,9.258363e+001
3.561396e+003,9.258730e+001
3.561878e+003,9.258643e+001
3.562360e+003,9.258292e+001
3.562842e+003,9.257853e+001
3.563324e+003,9.257478e+001
3.563806e+003,9.257280e+001
3.564289e+003,9.257417e+001
3.564771e+003,9.258092e+001
3.565253e+003,9.259534e+001
3.565735e+003,9.261774e+001
3.566217e+003,9.264378e+001
3.566699e+003,9.266386e+001
3.567181e+003,9.266940e+001
3.567663e+003,9.266012e+001
3.568146e+003,9.264381e+001
3.568628e+003,9.262939e+001
3.569110e+003,9.262188e+001
3.569592e+003,9.262193e+001
3.570074e+003,9.262776e+001
3.570556e+003,9.263717e+001
3.571038e+003,9.264847e+001
3.571520e+003,9.266096e+001
3.572002e+003,9.267493e+001
3.572485e+003,9.269105e+001
3.572967e+003,9.271001e+001
3.573449e+003,9.273160e+001
3.573931e+003,9.275465e+001
3.574413e+003,9.277702e+001
3.574895e+003,9.279639e+001
3.575377e+003,9.281111e+001
3.575859e+003,9.282103e+001
3.576342e+003,9.282724e+001
3.576823e+003,9.283167e+001
3.577306e+003,9.283596e+001
3.577788e+003,9.284068e+001
3.578270e+003,9.284522e+001
3.578752e+003,9.284813e+001
3.579234e+003,9.284808e+001
3.579716e+003,9.284485e+001
3.580198e+003,9.283961e+001
3.580680e+003,9.283474e+001
3.581163e+003,9.283259e+001
3.581645e+003,9.283481e+001
3.582127e+003,9.284136e+001
3.582609e+003,9.285068e+001
3.583091e+003,9.286016e+001
3.583573e+003,9.286736e+001
3.584055e+003,9.287084e+001
3.584537e+003,9.287119e+001
3.585020e+003,9.287135e+001
3.585502e+003,9.287622e+001
3.585984e+003,9.289086e+001
3.586466e+003,9.291642e+001
3.586948e+003,9.294591e+001
3.587430e+003,9.296626e+001
3.587912e+003,9.296786e+001
3.588394e+003,9.295270e+001
3.588876e+003,9.293037e+001
3.589359e+003,9.290990e+001
3.589841e+003,9.289560e+001
3.590323e+003,9.288792e+001
3.590805e+003,9.288523e+001
3.591287e+003,9.288580e+001
3.591769e+003,9.288840e+001
3.592251e+003,9.289266e+001
3.592733e+003,9.289862e+001
3.593216e+003,9.290636e+001
3.593698e+003,9.291516e+001
3.594180e+003,9.292367e+001
3.594662e+003,9.293044e+001
3.595144e+003,9.293481e+001
3.595626e+003,9.293691e+001
3.596108e+003,9.293770e+001
3.596590e+003,9.293778e+001
3.597073e+003,9.293739e+001
3.597555e+003,9.293598e+001
3.598037e+003,9.293263e+001
3.598519e+003,9.292628e+001
3.599001e+003,9.291639e+001
3.599483e+003,9.290298e+001
3.599965e+003,9.288693e+001
3.600447e+003,9.286967e+001
3.600929e+003,9.285296e+001
3.601412e+003,9.283827e+001
3.601894e+003,9.282662e+001
3.602376e+003,9.281808e+001
3.602858e+003,9.281214e+001
3.603340e+003,9.280770e+001
3.603822e+003,9.280364e+001
3.604304e+003,9.279903e+001
3.604786e+003,9.279326e+001
3.605269e+003,9.278635e+001
3.605750e+003,9.277898e+001
3.606233e+003,9.277234e+001
3.606715e+003,9.276785e+001
3.607197e+003,9.276601e+001
3.607679e+003,9.276566e+001
3.608161e+003,9.276408e+001
3.608643e+003,9.275884e+001
3.609125e+003,9.274944e+001
3.609607e+003,9.273751e+001
3.610090e+003,9.272546e+001
3.610572e+003,9.271609e+001
3.611054e+003,9.271220e+001
3.611536e+003,9.271684e+001
3.612018e+003,9.273204e+001
3.612500e+003,9.275685e+001
3.612982e+003,9.278543e+001
3.613464e+003,9.280883e+001
3.613947e+003,9.281980e+001
3.614429e+003,9.281682e+001
3.614911e+003,9.280297e+001
3.615393e+003,9.278291e+001
3.615875e+003,9.276026e+001
3.616357e+003,9.273765e+001
3.616839e+003,9.271680e+001
3.617321e+003,9.269916e+001
3.617803e+003,9.268524e+001
3.618286e+003,9.267428e+001
3.618768e+003,9.266392e+001
3.619250e+003,9.265257e+001
3.619732e+003,9.264105e+001
3.620214e+003,9.263237e+001
3.620696e+003,9.262924e+001
3.621178e+003,9.263239e+001
3.621660e+003,9.264034e+001
3.622143e+003,9.265106e+001
3.622625e+003,9.266266e+001
3.623107e+003,9.267430e+001
3.623589e+003,9.268584e+001
3.624071e+003,9.269744e+001
3.624553e+003,9.270834e+001
3.625035e+003,9.271670e+001
3.625517e+003,9.271942e+001
3.626000e+003,9.271385e+001
3.626482e+003,9.269968e+001
3.626964e+003,9.268216e+001
3.627446e+003,9.267342e+001
3.627928e+003,9.268768e+001
3.628410e+003,9.272480e+001
3.628892e+003,9.276006e+001
3.629374e+003,9.276749e+001
3.629856e+003,9.274821e+001
3.630339e+003,9.271909e+001
3.630821e+003,9.269226e+001
3.631303e+003,9.267072e+001
3.631785e+003,9.265354e+001
3.632267e+003,9.263988e+001
3.632749e+003,9.263001e+001
3.633231e+003,9.262434e+001
3.633713e+003,9.262239e+001
3.634196e+003,9.262241e+001
3.634677e+003,9.262259e+001
3.635160e+003,9.262189e+001
3.635642e+003,9.262034e+001
3.636124e+003,9.261896e+001
3.636606e+003,9.261933e+001
3.637088e+003,9.262296e+001
3.637570e+003,9.263081e+001
3.638052e+003,9.264258e+001
3.638534e+003,9.265698e+001
3.639017e+003,9.267244e+001
3.639499e+003,9.268780e+001
3.639981e+003,9.270280e+001
3.640463e+003,9.271797e+001
3.640945e+003,9.273392e+001
3.641427e+003,9.275085e+001
3.641909e+003,9.276779e+001
3.642391e+003,9.278299e+001
3.642874e+003,9.279435e+001
3.643356e+003,9.280029e+001
3.643838e+003,9.279980e+001
3.644320e+003,9.279254e+001
3.644802e+003,9.277892e+001
3.645284e+003,9.276066e+001
3.645766e+003,9.274095e+001
3.646248e+003,9.272471e+001
3.646730e+003,9.271702e+001
3.647213e+003,9.272113e+001
3.647695e+003,9.273626e+001
3.648177e+003,9.275798e+001
3.648659e+003,9.278030e+001
3.649141e+003,9.279860e+001
3.649623e+003,9.280923e+001
3.650105e+003,9.281203e+001
3.650587e+003,9.281126e+001
3.651070e+003,9.281319e+001
3.651552e+003,9.282178e+001
3.652034e+003,9.283642e+001
3.652516e+003,9.285326e+001
3.652998e+003,9.286777e+001
3.653480e+003,9.287658e+001
3.653962e+003,9.287932e+001
3.654444e+003,9.287904e+001
3.654927e+003,9.288152e+001
3.655409e+003,9.289205e+001
3.655891e+003,9.291170e+001
3.656373e+003,9.293636e+001
3.656855e+003,9.296098e+001
3.657337e+003,9.298297e+001
3.657819e+003,9.300223e+001
3.658301e+003,9.301904e+001
3.658783e+003,9.303335e+001
3.659266e+003,9.304481e+001
3.659748e+003,9.305328e+001
3.660230e+003,9.305901e+001
3.660712e+003,9.306284e+001
3.661194e+003,9.306571e+001
3.661676e+003,9.306892e+001
3.662158e+003,9.307366e+001
3.662640e+003,9.308090e+001
3.663123e+003,9.309110e+001
3.663604e+003,9.310416e+001
3.664087e+003,9.311923e+001
3.664569e+003,9.313516e+001
3.665051e+003,9.315037e+001
3.665533e+003,9.316342e+001
3.666015e+003,9.317285e+001
3.666497e+003,9.317748e+001
3.666979e+003,9.317680e+001
3.667461e+003,9.317163e+001
3.667944e+003,9.316510e+001
3.668426e+003,9.316300e+001
3.668908e+003,9.317116e+001
3.669390e+003,9.318893e+001
3.669872e+003,9.320607e+001
3.670354e+003,9.321249e+001
3.670836e+003,9.320863e+001
3.671318e+003,9.320141e+001
3.671801e+003,9.319395e+001
3.672283e+003,9.318363e+001
3.672765e+003,9.316529e+001
3.673247e+003,9.313689e+001
3.673729e+003,9.310399e+001
3.674211e+003,9.308290e+001
3.674693e+003,9.309309e+001
3.675175e+003,9.313425e+001
3.675657e+003,9.317568e+001
3.676140e+003,9.319214e+001
3.676622e+003,9.318893e+001
3.677104e+003,9.318226e+001
3.677586e+003,9.318018e+001
3.678068e+003,9.318379e+001
3.678550e+003,9.319206e+001
3.679032e+003,9.320412e+001
3.679514e+003,9.321903e+001
3.679997e+003,9.323577e+001
3.680479e+003,9.325289e+001
3.680961e+003,9.326920e+001
3.681443e+003,9.328386e+001
3.681925e+003,9.329659e+001
3.682407e+003,9.330810e+001
3.682889e+003,9.332002e+001
3.683371e+003,9.333415e+001
3.683854e+003,9.335165e+001
3.684336e+003,9.337218e+001
3.684818e+003,9.339381e+001
3.685300e+003,9.341349e+001
3.685782e+003,9.342845e+001
3.686264e+003,9.343753e+001
3.686746e+003,9.344238e+001
3.687228e+003,9.344779e+001
3.687710e+003,9.346037e+001
3.688193e+003,9.348383e+001
3.688675e+003,9.351482e+001
3.689157e+003,9.354308e+001
3.689639e+003,9.355934e+001
3.690121e+003,9.356114e+001
3.690603e+003,9.355221e+001
3.691085e+003,9.353791e+001
3.691567e+003,9.352286e+001
3.692050e+003,9.350991e+001
3.692531e+003,9.350105e+001
3.693014e+003,9.349713e+001
3.693496e+003,9.349819e+001
3.693978e+003,9.350369e+001
3.694460e+003,9.351299e+001
3.694942e+003,9.352535e+001
3.695424e+003,9.353983e+001
3.695906e+003,9.355507e+001
3.696388e+003,9.356954e+001
3.696871e+003,9.358184e+001
3.697353e+003,9.359116e+001
3.697835e+003,9.359726e+001
3.698317e+003,9.360046e+001
3.698799e+003,9.360135e+001
3.699281e+003,9.360120e+001
3.699763e+003,9.360162e+001
3.700245e+003,9.360426e+001
3.700728e+003,9.360954e+001
3.701210e+003,9.361609e+001
3.701692e+003,9.362153e+001
3.702174e+003,9.362476e+001
3.702656e+003,9.362688e+001
3.703138e+003,9.363041e+001
3.703620e+003,9.363665e+001
3.704102e+003,9.364513e+001
3.704584e+003,9.365382e+001
3.705067e+003,9.366013e+001
3.705549e+003,9.366174e+001
3.706031e+003,9.365770e+001
3.706513e+003,9.364870e+001
3.706995e+003,9.363729e+001
3.707477e+003,9.362729e+001
3.707959e+003,9.362326e+001
3.708441e+003,9.362912e+001
3.708924e+003,9.364701e+001
3.709406e+003,9.367535e+001
3.709888e+003,9.370723e+001
3.710370e+003,9.373032e+001
3.710852e+003,9.373243e+001
3.711334e+003,9.371012e+001
3.711816e+003,9.367314e+001
3.712298e+003,9.363697e+001
3.712781e+003,9.361258e+001
3.713263e+003,9.360258e+001
3.713745e+003,9.360342e+001
3.714227e+003,9.360926e+001
3.714709e+003,9.361514e+001
3.715191e+003,9.361805e+001
3.715673e+003,9.361777e+001
3.716155e+003,9.361612e+001
3.716637e+003,9.361622e+001
3.717120e+003,9.362098e+001
3.717602e+003,9.363162e+001
3.718084e+003,9.364671e+001
3.718566e+003,9.366272e+001
3.719048e+003,9.367544e+001
3.719530e+003,9.368233e+001
3.720012e+003,9.368347e+001
3.720494e+003,9.368178e+001
3.720977e+003,9.368146e+001
3.721458e+003,9.368639e+001
3.721941e+003,9.369787e+001
3.722423e+003,9.371415e+001
3.722905e+003,9.373135e+001
3.723387e+003,9.374607e+001
3.723869e+003,9.375664e+001
3.724351e+003,9.376357e+001
3.724833e+003,9.376846e+001
3.725315e+003,9.377280e+001
3.725798e+003,9.377677e+001
3.726280e+003,9.377936e+001
3.726762e+003,9.377935e+001
3.727244e+003,9.377688e+001
3.727726e+003,9.377282e+001
3.728208e+003,9.376762e+001
3.728690e+003,9.376044e+001
3.729172e+003,9.374940e+001
3.729655e+003,9.373284e+001
3.730137e+003,9.371044e+001
3.730619e+003,9.368377e+001
3.731101e+003,9.365636e+001
3.731583e+003,9.363233e+001
3.732065e+003,9.361502e+001
3.732547e+003,9.360611e+001
3.733029e+003,9.360596e+001
3.733511e+003,9.361417e+001
3.733994e+003,9.362985e+001
3.734476e+003,9.364917e+001
3.734958e+003,9.366378e+001
3.735440e+003,9.366290e+001
3.735922e+003,9.364267e+001
3.736404e+003,9.361130e+001
3.736886e+003,9.358286e+001
3.737368e+003,9.356696e+001
3.737851e+003,9.356607e+001
3.738333e+003,9.357759e+001
3.738815e+003,9.359772e+001
3.739297e+003,9.362266e+001
3.739779e+003,9.364924e+001
3.740261e+003,9.367435e+001
3.740743e+003,9.369440e+001
3.741225e+003,9.370516e+001
3.741708e+003,9.370258e+001
3.742190e+003,9.368365e+001
3.742672e+003,9.364939e+001
3.743154e+003,9.360678e+001
3.743636e+003,9.356808e+001
3.744118e+003,9.354385e+001
3.744600e+003,9.353470e+001
3.745082e+003,9.353470e+001
3.745564e+003,9.354012e+001
3.746047e+003,9.354906e+001
3.746529e+003,9.355775e+001
3.747011e+003,9.356142e+001
3.747493e+003,9.355759e+001
3.747975e+003,9.354816e+001
3.748457e+003,9.354047e+001
3.748939e+003,9.354532e+001
3.749421e+003,9.357132e+001
3.749904e+003,9.361579e+001
3.750385e+003,9.366127e+001
3.750868e+003,9.368521e+001
3.751350e+003,9.367724e+001
3.751832e+003,9.364500e+001
3.752314e+003,9.360487e+001
3.752796e+003,9.357071e+001
3.753278e+003,9.354918e+001
3.753760e+003,9.353979e+001
3.754242e+003,9.353835e+001
3.754725e+003,9.353938e+001
3.755207e+003,9.353848e+001
3.755689e+003,9.353339e+001
3.756171e+003,9.352426e+001
3.756653e+003,9.351311e+001
3.757135e+003,9.350282e+001
3.757617e+003,9.349568e+001
3.758099e+003,9.349275e+001
3.758582e+003,9.349345e+001
3.759064e+003,9.349618e+001
3.759546e+003,9.349929e+001
3.760028e+003,9.350226e+001
3.760510e+003,9.350597e+001
3.760992e+003,9.351201e+001
3.761474e+003,9.352081e+001
3.761956e+003,9.353107e+001
3.762438e+003,9.354023e+001
3.762921e+003,9.354615e+001
3.763403e+003,9.354824e+001
3.763885e+003,9.354798e+001
3.764367e+003,9.354765e+001
3.764849e+003,9.354845e+001
3.765331e+003,9.354919e+001
3.765813e+003,9.354749e+001
3.766295e+003,9.354108e+001
3.766778e+003,9.352885e+001
3.767260e+003,9.351061e+001
3.767742e+003,9.348775e+001
3.768224e+003,9.346408e+001
3.768706e+003,9.344554e+001
3.769188e+003,9.343758e+001
3.769670e+003,9.344238e+001
3.770152e+003,9.345728e+001
3.770635e+003,9.347762e+001
3.771117e+003,9.349947e+001
3.771599e+003,9.352068e+001
3.772081e+003,9.354004e+001
3.772563e+003,9.355680e+001
3.773045e+003,9.357045e+001
3.773527e+003,9.358080e+001
3.774009e+003,9.358784e+001
3.774491e+003,9.359162e+001
3.774974e+003,9.359219e+001
3.775456e+003,9.358958e+001
3.775938e+003,9.358397e+001
3.776420e+003,9.357597e+001
3.776902e+003,9.356674e+001
3.777384e+003,9.355842e+001
3.777866e+003,9.355357e+001
3.778348e+003,9.355432e+001
3.778831e+003,9.356026e+001
3.779313e+003,9.356824e+001
3.779795e+003,9.357414e+001
3.780277e+003,9.357616e+001
3.780759e+003,9.357463e+001
3.781241e+003,9.357060e+001
3.781723e+003,9.356441e+001
3.782205e+003,9.355630e+001
3.782688e+003,9.354713e+001
3.783169e+003,9.353909e+001
3.783652e+003,9.353451e+001
3.784134e+003,9.353465e+001
3.784616e+003,9.353809e+001
3.785098e+003,9.354168e+001
3.785580e+003,9.354224e+001
3.786062e+003,9.353822e+001
3.786544e+003,9.352974e+001
3.787026e+003,9.351826e+001
3.787509e+003,9.350591e+001
3.787991e+003,9.349496e+001
3.788473e+003,9.348721e+001
3.788955e+003,9.348373e+001
3.789437e+003,9.348458e+001
3.789919e+003,9.348915e+001
3.790401e+003,9.349662e+001
3.790883e+003,9.350617e+001
3.791365e+003,9.351708e+001
3.791848e+003,9.352863e+001
3.792330e+003,9.353966e+001
3.792812e+003,9.354859e+001
3.793294e+003,9.355367e+001
3.793776e+003,9.355376e+001
3.794258e+003,9.354913e+001
3.794740e+003,9.354237e+001
3.795222e+003,9.353775e+001
3.795705e+003,9.353925e+001
3.796187e+003,9.354770e+001
3.796669e+003,9.355982e+001
3.797151e+003,9.357029e+001
3.797633e+003,9.357443e+001
3.798115e+003,9.356876e+001
3.798597e+003,9.355119e+001
3.799079e+003,9.352175e+001
3.799562e+003,9.348511e+001
3.800044e+003,9.345222e+001
3.800526e+003,9.343835e+001
3.801008e+003,9.345132e+001
3.801490e+003,9.348056e+001
3.801972e+003,9.350690e+001
3.802454e+003,9.352313e+001
3.802936e+003,9.353374e+001
3.803418e+003,9.354312e+001
3.803901e+003,9.355057e+001
3.804383e+003,9.355339e+001
3.804865e+003,9.355028e+001
3.805347e+003,9.354312e+001
3.805829e+003,9.353609e+001
3.806311e+003,9.353196e+001
3.806793e+003,9.352905e+001
3.807275e+003,9.352407e+001
3.807758e+003,9.351707e+001
3.808240e+003,9.351167e+001
3.808722e+003,9.351057e+001
3.809204e+003,9.351403e+001
3.809686e+003,9.352091e+001
3.810168e+003,9.353048e+001
3.810650e+003,9.354265e+001
3.811132e+003,9.355751e+001
3.811615e+003,9.357404e+001
3.812096e+003,9.358982e+001
3.812579e+003,9.360105e+001
3.813061e+003,9.360376e+001
3.813543e+003,9.359521e+001
3.814025e+003,9.357599e+001
3.814507e+003,9.355101e+001
3.814989e+003,9.352824e+001
3.815471e+003,9.351378e+001
3.815953e+003,9.350788e+001
3.816436e+003,9.350674e+001
3.816918e+003,9.350748e+001
3.817400e+003,9.350841e+001
3.817882e+003,9.350697e+001
3.818364e+003,9.349982e+001
3.818846e+003,9.348584e+001
3.819328e+003,9.346838e+001
3.819810e+003,9.345642e+001
3.820292e+003,9.345828e+001
3.820775e+003,9.347153e+001
3.821257e+003,9.348302e+001
3.821739e+003,9.348580e+001
3.822221e+003,9.348553e+001
3.822703e+003,9.348941e+001
3.823185e+003,9.349816e+001
3.823667e+003,9.350813e+001
3.824149e+003,9.351530e+001
3.824632e+003,9.351820e+001
3.825114e+003,9.351830e+001
3.825596e+003,9.351914e+001
3.826078e+003,9.352364e+001
3.826560e+003,9.353254e+001
3.827042e+003,9.354397e+001
3.827524e+003,9.355524e+001
3.828006e+003,9.356405e+001
3.828489e+003,9.356917e+001
3.828971e+003,9.357034e+001
3.829453e+003,9.356890e+001
3.829935e+003,9.356748e+001
3.830417e+003,9.356947e+001
3.830899e+003,9.357705e+001
3.831381e+003,9.359013e+001
3.831863e+003,9.360606e+001
3.832345e+003,9.362151e+001
3.832828e+003,9.363405e+001
3.833310e+003,9.364297e+001
3.833792e+003,9.364841e+001
3.834274e+003,9.365086e+001
3.834756e+003,9.365012e+001
3.835238e+003,9.364579e+001
3.835720e+003,9.363764e+001
3.836202e+003,9.362650e+001
3.836685e+003,9.361513e+001
3.837167e+003,9.360754e+001
3.837649e+003,9.360664e+001
3.838131e+003,9.361131e+001
3.838613e+003,9.361520e+001
3.839095e+003,9.361070e+001
3.839577e+003,9.359396e+001
3.840059e+003,9.356720e+001
3.840542e+003,9.353615e+001
3.841023e+003,9.350706e+001
3.841506e+003,9.348517e+001
3.841988e+003,9.347424e+001
3.842470e+003,9.347575e+001
3.842952e+003,9.348856e+001
3.843434e+003,9.350832e+001
3.843916e+003,9.352917e+001
3.844398e+003,9.354610e+001
3.844880e+003,9.355704e+001
3.845363e+003,9.356287e+001
3.845845e+003,9.356610e+001
3.846327e+003,9.356947e+001
3.846809e+003,9.357533e+001
3.847291e+003,9.358523e+001
3.847773e+003,9.360006e+001
3.848255e+003,9.361974e+001
3.848737e+003,9.364319e+001
3.849219e+003,9.366807e+001
3.849702e+003,9.369125e+001
3.850184e+003,9.370947e+001
3.850666e+003,9.372047e+001
3.851148e+003,9.372439e+001
3.851630e+003,9.372488e+001
3.852112e+003,9.372623e+001
3.852594e+003,9.372244e+001
3.853076e+003,9.369054e+001
3.853559e+003,9.361834e+001
3.854041e+003,9.353176e+001
3.854523e+003,9.346727e+001
3.855005e+003,9.343888e+001
3.855487e+003,9.344080e+001
3.855969e+003,9.346045e+001
3.856451e+003,9.348670e+001
3.856933e+003,9.351211e+001
3.857416e+003,9.353291e+001
3.857898e+003,9.354786e+001
3.858380e+003,9.355750e+001
3.858862e+003,9.356299e+001
3.859344e+003,9.356587e+001
3.859826e+003,9.356787e+001
3.860308e+003,9.357079e+001
3.860790e+003,9.357615e+001
3.861272e+003,9.358450e+001
3.861755e+003,9.359490e+001
3.862237e+003,9.360542e+001
3.862719e+003,9.361399e+001
3.863201e+003,9.361942e+001
3.863683e+003,9.362115e+001
3.864165e+003,9.361868e+001
3.864647e+003,9.361165e+001
3.865129e+003,9.360105e+001
3.865612e+003,9.358890e+001
3.866094e+003,9.357655e+001
3.866576e+003,9.356268e+001
3.867058e+003,9.354414e+001
3.867540e+003,9.351890e+001
3.868022e+003,9.348942e+001
3.868504e+003,9.346474e+001
3.868986e+003,9.345718e+001
3.869469e+003,9.347122e+001
3.869950e+003,9.349664e+001
3.870433e+003,9.351782e+001
3.870915e+003,9.352834e+001
3.871397e+003,9.352992e+001
3.871879e+003,9.352568e+001
3.872361e+003,9.351778e+001
3.872843e+003,9.350936e+001
3.873325e+003,9.350417e+001
3.873807e+003,9.350499e+001
3.874290e+003,9.351164e+001
3.874772e+003,9.352217e+001
3.875254e+003,9.353451e+001
3.875736e+003,9.354684e+001
3.876218e+003,9.355707e+001
3.876700e+003,9.356271e+001
3.877182e+003,9.356199e+001
3.877664e+003,9.355489e+001
3.878146e+003,9.354396e+001
3.878629e+003,9.353420e+001
3.879111e+003,9.353169e+001
3.879593e+003,9.354008e+001
3.880075e+003,9.355730e+001
3.880557e+003,9.357585e+001
3.881039e+003,9.358824e+001
3.881521e+003,9.359154e+001
3.882003e+003,9.358626e+001
3.882486e+003,9.357343e+001
3.882968e+003,9.355328e+001
3.883450e+003,9.352666e+001
3.883932e+003,9.349683e+001
3.884414e+003,9.346985e+001
3.884896e+003,9.345192e+001
3.885378e+003,9.344578e+001
3.885860e+003,9.344975e+001
3.886343e+003,9.346130e+001
3.886825e+003,9.347857e+001
3.887307e+003,9.349913e+001
3.887789e+003,9.351892e+001
3.888271e+003,9.353355e+001
3.888753e+003,9.353988e+001
3.889235e+003,9.353746e+001
3.889717e+003,9.352897e+001
3.890199e+003,9.351933e+001
3.890682e+003,9.351340e+001
3.891164e+003,9.351358e+001
3.891646e+003,9.351922e+001
3.892128e+003,9.352840e+001
3.892610e+003,9.353955e+001
3.893092e+003,9.355160e+001
3.893574e+003,9.356310e+001
3.894056e+003,9.357230e+001
3.894539e+003,9.357775e+001
3.895021e+003,9.357874e+001
3.895503e+003,9.357555e+001
3.895985e+003,9.356958e+001
3.896467e+003,9.356315e+001
3.896949e+003,9.355934e+001
3.897431e+003,9.356136e+001
3.897913e+003,9.357149e+001
3.898396e+003,9.358998e+001
3.898877e+003,9.361391e+001
3.899360e+003,9.363795e+001
3.899842e+003,9.365652e+001
3.900324e+003,9.366628e+001
3.900806e+003,9.366678e+001
3.901288e+003,9.365974e+001
3.901770e+003,9.364769e+001
3.902252e+003,9.363312e+001
3.902734e+003,9.361809e+001
3.903217e+003,9.360365e+001
3.903699e+003,9.358975e+001
3.904181e+003,9.357555e+001
3.904663e+003,9.356110e+001
3.905145e+003,9.354769e+001
3.905627e+003,9.353693e+001
3.906109e+003,9.352940e+001
3.906591e+003,9.352467e+001
3.907073e+003,9.352158e+001
3.907556e+003,9.351921e+001
3.908038e+003,9.351712e+001
3.908520e+003,9.351552e+001
3.909002e+003,9.351497e+001
3.909484e+003,9.351607e+001
3.909966e+003,9.351919e+001
3.910448e+003,9.352425e+001
3.910930e+003,9.353068e+001
3.911413e+003,9.353762e+001
3.911895e+003,9.354408e+001
3.912377e+003,9.354926e+001
3.912859e+003,9.355269e+001
3.913341e+003,9.355431e+001
3.913823e+003,9.355451e+001
3.914305e+003,9.355410e+001
3.914787e+003,9.355412e+001
3.915270e+003,9.355536e+001
3.915752e+003,9.355742e+001
3.916234e+003,9.355856e+001
3.916716e+003,9.355608e+001
3.917198e+003,9.354839e+001
3.917680e+003,9.353606e+001
3.918162e+003,9.352187e+001
3.918644e+003,9.350925e+001
3.919126e+003,9.350121e+001
3.919609e+003,9.349895e+001
3.920091e+003,9.350210e+001
3.920573e+003,9.350902e+001
3.921055e+003,9.351772e+001
3.921537e+003,9.352656e+001
3.922019e+003,9.353484e+001
3.922501e+003,9.354295e+001
3.922983e+003,9.355193e+001
3.923466e+003,9.356223e+001
3.923948e+003,9.357265e+001
3.924430e+003,9.358023e+001
3.924912e+003,9.358208e+001
3.925394e+003,9.357767e+001
3.925876e+003,9.356906e+001
3.926358e+003,9.355933e+001
3.926840e+003,9.355105e+001
3.927323e+003,9.354560e+001
3.927804e+003,9.354322e+001
3.928287e+003,9.354328e+001
3.928769e+003,9.354440e+001
3.929251e+003,9.354482e+001
3.929733e+003,9.354317e+001
3.930215e+003,9.353928e+001
3.930697e+003,9.353445e+001
3.931179e+003,9.353085e+001
3.931661e+003,9.353026e+001
3.932144e+003,9.353293e+001
3.932626e+003,9.353751e+001
3.933108e+003,9.354179e+001
3.933590e+003,9.354395e+001
3.934072e+003,9.354331e+001
3.934554e+003,9.354028e+001
3.935036e+003,9.353587e+001
3.935518e+003,9.353155e+001
3.936000e+003,9.352879e+001
3.936483e+003,9.352888e+001
3.936965e+003,9.353236e+001
3.937447e+003,9.353888e+001
3.937929e+003,9.354717e+001
3.938411e+003,9.355544e+001
3.938893e+003,9.356186e+001
3.939375e+003,9.356522e+001
3.939857e+003,9.356504e+001
3.940340e+003,9.356200e+001
3.940822e+003,9.355784e+001
3.941304e+003,9.355479e+001
3.941786e+003,9.355491e+001
3.942268e+003,9.355907e+001
3.942750e+003,9.356623e+001
3.943232e+003,9.357427e+001
3.943714e+003,9.358092e+001
3.944197e+003,9.358466e+001
3.944679e+003,9.358488e+001
3.945161e+003,9.358175e+001
3.945643e+003,9.357602e+001
3.946125e+003,9.356911e+001
3.946607e+003,9.356258e+001
3.947089e+003,9.355771e+001
3.947571e+003,9.355502e+001
3.948053e+003,9.355386e+001
3.948536e+003,9.355296e+001
3.949018e+003,9.355125e+001
3.949500e+003,9.354843e+001
3.949982e+003,9.354499e+001
3.950464e+003,9.354149e+001
3.950946e+003,9.353829e+001
3.951428e+003,9.353515e+001
3.951910e+003,9.353163e+001
3.952393e+003,9.352733e+001
3.952875e+003,9.352229e+001
3.953357e+003,9.351711e+001
3.953839e+003,9.351282e+001
3.954321e+003,9.351028e+001
3.954803e+003,9.351013e+001
3.955285e+003,9.351218e+001
3.955767e+003,9.351559e+001
3.956250e+003,9.351915e+001
3.956731e+003,9.352183e+001
3.957214e+003,9.352306e+001
3.957696e+003,9.352306e+001
3.958178e+003,9.352245e+001
3.958660e+003,9.352197e+001
3.959142e+003,9.352207e+001
3.959624e+003,9.352293e+001
3.960106e+003,9.352443e+001
3.960588e+003,9.352642e+001
3.961071e+003,9.352887e+001
3.961553e+003,9.353181e+001
3.962035e+003,9.353522e+001
3.962517e+003,9.353880e+001
3.962999e+003,9.354188e+001
3.963481e+003,9.354353e+001
3.963963e+003,9.354285e+001
3.964445e+003,9.353934e+001
3.964927e+003,9.353311e+001
3.965410e+003,9.352503e+001
3.965892e+003,9.351649e+001
3.966374e+003,9.350914e+001
3.966856e+003,9.350449e+001
3.967338e+003,9.350359e+001
3.967820e+003,9.350671e+001
3.968302e+003,9.351349e+001
3.968784e+003,9.352282e+001
3.969267e+003,9.353317e+001
3.969749e+003,9.354265e+001
3.970231e+003,9.354939e+001
3.970713e+003,9.355185e+001
3.971195e+003,9.354927e+001
3.971677e+003,9.354200e+001
3.972159e+003,9.353154e+001
3.972641e+003,9.352038e+001
3.973124e+003,9.351131e+001
3.973606e+003,9.350652e+001
3.974088e+003,9.350696e+001
3.974570e+003,9.351182e+001
3.975052e+003,9.351898e+001
3.975534e+003,9.352570e+001
3.976016e+003,9.352962e+001
3.976498e+003,9.352964e+001
3.976980e+003,9.352596e+001
3.977463e+003,9.351982e+001
3.977945e+003,9.351294e+001
3.978427e+003,9.350671e+001
3.978909e+003,9.350191e+001
3.979391e+003,9.349865e+001
3.979873e+003,9.349655e+001
3.980355e+003,9.349516e+001
3.980837e+003,9.349435e+001
3.981320e+003,9.349419e+001
3.981802e+003,9.349508e+001
3.982284e+003,9.349727e+001
3.982766e+003,9.350074e+001
3.983248e+003,9.350507e+001
3.983730e+003,9.350957e+001
3.984212e+003,9.351343e+001
3.984694e+003,9.351617e+001
3.985177e+003,9.351751e+001
3.985658e+003,9.351769e+001
3.986141e+003,9.351727e+001
3.986623e+003,9.351698e+001
3.987105e+003,9.351763e+001
3.987587e+003,9.351968e+001
3.988069e+003,9.352325e+001
3.988551e+003,9.352799e+001
3.989033e+003,9.353293e+001
3.989515e+003,9.353680e+001
3.989998e+003,9.353838e+001
3.990480e+003,9.353693e+001
3.990962e+003,9.353256e+001
3.991444e+003,9.352625e+001
3.991926e+003,9.351946e+001
3.992408e+003,9.351366e+001
3.992890e+003,9.350977e+001
3.993372e+003,9.350799e+001
3.993854e+003,9.350756e+001
3.994337e+003,9.350751e+001
3.994819e+003,9.350677e+001
3.995301e+003,9.350497e+001
3.995783e+003,9.350236e+001
3.996265e+003,9.349971e+001
3.996747e+003,9.349783e+001
3.997229e+003,9.349708e+001
3.997711e+003,9.349718e+001
3.998194e+003,9.349740e+001
3.998676e+003,9.349689e+001
3.999158e+003,9.349517e+001
3.999640e+003,9.349239e+001
4.000122e+003,9.348940e+001
